gid,role,role_score,cluster_id,priority_score,evidence
100000000011452100,consolidator,0.9175679851139275,0,0.5474424319542726,Вход от 3 контр.: 110000.00 KZT; выход 16685.00 KZT. Порог входа: ≥2 контр. Только наблюдаемые переводы ≥5000 KZT.
100000000018102100,peripheral,0.5,0,0.25603627029710974,Вход/выход 1/0 контр.; потоки 7000.00/0.00 KZT. Правила 5 основных ролей не выполнены. Depth=4: продолжение неизвестно.
100000000031787100,transit,0.82069880490884,11,0.4844327489888212,Вход/выход: 90000.00/90000.00 KZT; отношение ≈1.00. Баланс 1 ≥ 0.591789. Только наблюдаемые переводы ≥5000 KZT.
100000000041368100,peripheral,1.0,1,0.3819432636498062,Вход/выход 1/0 контр.; потоки 160000.00/0.00 KZT. Правила 5 основных ролей не выполнены. Только наблюдаемые переводы ≥5000 KZT.
100000000076451100,consolidator,0.5470392821285256,16,0.49934144311843665,Вход от 3 контр.: 87707.00 KZT; выход 58000.00 KZT. Порог входа: ≥2 контр. Только наблюдаемые переводы ≥5000 KZT.
100000000089154100,distributor,0.8059968724007399,1,0.5663443537809709,Выход 15 контр.: 425500.00 KZT; вход 10000.00 KZT. Порог выхода: ≥3 контр. Только наблюдаемые переводы ≥5000 KZT.
100000000190228100,peripheral,1.0,19,0.34170022611712914,Вход/выход 1/1 контр.; потоки 5000.00/28560.00 KZT. Правила 5 основных ролей не выполнены. Только наблюдаемые переводы ≥5000 KZT.
100000000201868100,transit,0.7825149699776355,2,0.5432002617189342,Вход/выход: 190000.00/190000.00 KZT; отношение ≈1.00. Баланс 1 ≥ 0.591789. Только наблюдаемые переводы ≥5000 KZT.
100000000254336100,consolidator,0.527762272192574,0,0.4107741273366956,Вход от 2 контр.: 97177.00 KZT; выход 60000.00 KZT. Порог входа: ≥2 контр. Только наблюдаемые переводы ≥5000 KZT.
100000000267734100,distributor,0.4871223097037076,11,0.5009142695004578,Выход 7 контр.: 282000.00 KZT; вход 180000.00 KZT. Порог выхода: ≥3 контр. Только наблюдаемые переводы ≥5000 KZT.
100000000274067100,consolidator,0.527766200736191,11,0.5163678307192897,Вход от 2 контр.: 517704.00 KZT; выход 2969000.00 KZT. Порог входа: ≥2 контр. Только наблюдаемые переводы ≥5000 KZT.
100000000287768100,peripheral,1.0,0,0.2973147866397435,Вход/выход 1/0 контр.; потоки 35168.00/0.00 KZT. Правила 5 основных ролей не выполнены. Только наблюдаемые переводы ≥5000 KZT.
100000000288317100,consolidator,0.49702867103383336,0,0.41550596851917204,Вход от 2 контр.: 100000.00 KZT; выход 53500.00 KZT. Порог входа: ≥2 контр. Только наблюдаемые переводы ≥5000 KZT.
100000000291906100,transit,0.5048057132753319,49,0.5143199085940919,Вход/выход: 388000.00/455854.00 KZT; отношение ≈1.17. Баланс 0.85115 ≥ 0.591789. Только наблюдаемые переводы ≥5000 KZT.
100000000291908100,peripheral,1.0,49,0.3835624683773475,Вход/выход 1/1 контр.; потоки 295500.00/13300.00 KZT. Правила 5 основных ролей не выполнены. Только наблюдаемые переводы ≥5000 KZT.
100000000297649100,peripheral,1.0,12,0.38481255620991406,Вход/выход 1/1 контр.; потоки 40000.00/70600.00 KZT. Правила 5 основных ролей не выполнены. Только наблюдаемые переводы ≥5000 KZT.
100000000299820100,peripheral,0.5,3,0.27523872599058713,Вход/выход 1/0 контр.; потоки 10000.00/0.00 KZT. Правила 5 основных ролей не выполнены. Depth=4: продолжение неизвестно.
100000000307908100,peripheral,1.0,62,0.27349780021865305,Вход/выход 1/0 контр.; потоки 5000.00/0.00 KZT. Правила 5 основных ролей не выполнены. Только наблюдаемые переводы ≥5000 KZT.
100000000331309100,distributor,0.5766018113005732,4,0.7564724217309995,Выход 99 контр.: 23001375.00 KZT; вход 984635.00 KZT. Порог выхода: ≥3 контр. Только наблюдаемые переводы ≥5000 KZT.
100000000332284100,consolidator,0.6822136117454022,4,0.5633867931545127,Вход от 10 контр.: 107426.00 KZT; выход 289500.00 KZT. Порог входа: ≥2 контр. Только наблюдаемые переводы ≥5000 KZT.
100000000343175100,distributor,0.5669028586972626,10,0.7915957361840654,Выход 31 контр.: 4000039.00 KZT; вход 178712.00 KZT. Порог выхода: ≥3 контр. Seed: вход неполон.
100000000369781100,peripheral,0.5,4,0.2679816492784051,Вход/выход 1/0 контр.; потоки 5000.00/0.00 KZT. Правила 5 основных ролей не выполнены. Depth=4: продолжение неизвестно.
100000000375150100,peripheral,0.5,14,0.3736745560154608,Вход/выход 1/0 контр.; потоки 300000.00/0.00 KZT. Правила 5 основных ролей не выполнены. Depth=4: продолжение неизвестно.
100000000404740100,peripheral,0.5,27,0.3042942480652876,Вход/выход 1/0 контр.; потоки 25000.00/0.00 KZT. Правила 5 основных ролей не выполнены. Depth=4: продолжение неизвестно.
100000000408846100,peripheral,1.0,28,0.30093016874405476,Вход/выход 1/0 контр.; потоки 40500.00/0.00 KZT. Правила 5 основных ролей не выполнены. Только наблюдаемые переводы ≥5000 KZT.
100000000413678100,consolidator,0.4727165448541267,3,0.4465736935734259,Вход от 2 контр.: 306500.00 KZT; выход 528198.00 KZT. Порог входа: ≥2 контр. Только наблюдаемые переводы ≥5000 KZT.
100000000424935100,peripheral,0.5,29,0.27044280826906675,Вход/выход 1/0 контр.; потоки 15000.00/0.00 KZT. Правила 5 основных ролей не выполнены. Depth=4: продолжение неизвестно.
100000000425407100,peripheral,1.0,1,0.30352286260891553,Вход/выход 1/0 контр.; потоки 20000.00/0.00 KZT. Правила 5 основных ролей не выполнены. Только наблюдаемые переводы ≥5000 KZT.
100000000437046100,distributor,0.5617993079584774,0,0.7453042819773581,Выход 42 контр.: 7606224.00 KZT; вход 1107200.00 KZT. Порог выхода: ≥3 контр. Только наблюдаемые переводы ≥5000 KZT.
100000000440392100,peripheral,1.0,2,0.3713251189745431,Вход/выход 1/0 контр.; потоки 105705.00/0.00 KZT. Правила 5 основных ролей не выполнены. Только наблюдаемые переводы ≥5000 KZT.
100000000456947100,peripheral,0.5,86,0.2257012782750131,Вход/выход 0/0 контр.; потоки 0.00/0.00 KZT. Правила 5 основных ролей не выполнены. Seed: вход неполон.
100000000470237100,peripheral,0.5,29,0.31250801810447343,Вход/выход 1/0 контр.; потоки 32500.00/0.00 KZT. Правила 5 основных ролей не выполнены. Depth=4: продолжение неизвестно.
100000000481716100,peripheral,1.0,9,0.2739553109345533,Вход/выход 1/0 контр.; потоки 8000.00/0.00 KZT. Правила 5 основных ролей не выполнены. Только наблюдаемые переводы ≥5000 KZT.
100000000489417100,consolidator,0.5481169668698727,14,0.46549189166919136,Вход от 3 контр.: 73504.00 KZT; выход 80000.00 KZT. Порог входа: ≥2 контр. Только наблюдаемые переводы ≥5000 KZT.
100000000490383100,distributor,0.48388656808337954,2,0.4778025963682444,Выход 8 контр.: 461375.00 KZT; вход 62600.00 KZT. Порог выхода: ≥3 контр. Только наблюдаемые переводы ≥5000 KZT.
100000000500040100,peripheral,0.5,0,0.27694231075288367,Вход/выход 1/0 контр.; потоки 20000.00/0.00 KZT. Правила 5 основных ролей не выполнены. Depth=4: продолжение неизвестно.
100000000507799100,transit,0.5455818879195747,40,0.43035338543257146,Вход/выход: 5132.00/8000.00 KZT; отношение ≈1.56. Баланс 0.6415 ≥ 0.591789. Только наблюдаемые переводы ≥5000 KZT.
100000000533217100,peripheral,1.0,0,0.3555700396129077,Вход/выход 1/0 контр.; потоки 53587.00/0.00 KZT. Правила 5 основных ролей не выполнены. Только наблюдаемые переводы ≥5000 KZT.
100000000534581100,consolidator,0.5078966895646355,3,0.40340112122971683,Вход от 2 контр.: 55960.00 KZT; выход 40000.00 KZT. Порог входа: ≥2 контр. Только наблюдаемые переводы ≥5000 KZT.
100000000542087100,peripheral,0.5,37,0.2571038710391677,Вход/выход 1/0 контр.; потоки 8506.91/0.00 KZT. Правила 5 основных ролей не выполнены. Depth=4: продолжение неизвестно.
100000000552584100,peripheral,1.0,26,0.4375,Вход/выход 1/1 контр.; потоки 2500000.00/57500.00 KZT. Правила 5 основных ролей не выполнены. Только наблюдаемые переводы ≥5000 KZT.
100000000555721100,consolidator,0.8350647947329974,0,0.4989960077884185,Вход от 2 контр.: 113000.00 KZT; выход 0.00 KZT. Порог входа: ≥2 контр. Только наблюдаемые переводы ≥5000 KZT.
100000000557536100,peripheral,0.5,37,0.31948876390467407,Вход/выход 1/0 контр.; потоки 153000.00/0.00 KZT. Правила 5 основных ролей не выполнены. Depth=4: продолжение неизвестно.
100000000560751100,peripheral,1.0,14,0.3137997385215977,Вход/выход 1/0 контр.; потоки 25000.00/0.00 KZT. Правила 5 основных ролей не выполнены. Только наблюдаемые переводы ≥5000 KZT.
100000000561160100,peripheral,0.5,1,0.3411780215587253,Вход/выход 1/0 контр.; потоки 240000.00/0.00 KZT. Правила 5 основных ролей не выполнены. Depth=4: продолжение неизвестно.
100000000569479100,terminal,0.683497170237008,0,0.45607655147862924,Вход 320000.00 KZT от 1 контр.; наблюдаемых исходящих связей 0. Порог входа ≥166819.70 KZT; depth=3<4. Только наблюдаемые переводы ≥5000 KZT.
100000000572276100,peripheral,1.0,70,0.3118107179509706,Вход/выход 1/1 контр.; потоки 13075.00/34547.00 KZT. Правила 5 основных ролей не выполнены. Только наблюдаемые переводы ≥5000 KZT.
100000000580561100,consolidator,0.45547091430114206,54,0.6487647113897627,Вход от 2 контр.: 27980.00 KZT; выход 1488077.00 KZT. Порог входа: ≥2 контр. Seed: вход неполон.
100000000581662100,peripheral,0.5,13,0.27785246186867973,Вход/выход 1/0 контр.; потоки 21160.00/0.00 KZT. Правила 5 основных ролей не выполнены. Depth=4: продолжение неизвестно.
100000000581682100,peripheral,0.5,29,0.2462674423386927,Вход/выход 1/0 контр.; потоки 5000.00/0.00 KZT. Правила 5 основных ролей не выполнены. Depth=4: продолжение неизвестно.
100000000583220100,peripheral,1.0,71,0.37384244238889514,Вход/выход 1/1 контр.; потоки 5000.00/761255.00 KZT. Правила 5 основных ролей не выполнены. Только наблюдаемые переводы ≥5000 KZT.
100000000594783100,peripheral,1.0,26,0.4375,Вход/выход 1/2 контр.; потоки 2635000.00/152500.00 KZT. Правила 5 основных ролей не выполнены. Только наблюдаемые переводы ≥5000 KZT.
100000000596954100,peripheral,1.0,1,0.3721392360114004,Вход/выход 1/2 контр.; потоки 120000.00/48100.00 KZT. Правила 5 основных ролей не выполнены. Только наблюдаемые переводы ≥5000 KZT.
100000000600707100,peripheral,0.5,38,0.3322207899927585,Вход/выход 1/0 контр.; потоки 89000.00/0.00 KZT. Правила 5 основных ролей не выполнены. Depth=4: продолжение неизвестно.
100000000607731100,peripheral,1.0,72,0.3771545717819177,Вход/выход 1/1 контр.; потоки 20000.00/66666.00 KZT. Правила 5 основных ролей не выполнены. Только наблюдаемые переводы ≥5000 KZT.
100000000607941100,consolidator,0.4947490343634037,2,0.44716660390773355,Вход от 2 контр.: 50000.00 KZT; выход 70000.00 KZT. Порог входа: ≥2 контр. Только наблюдаемые переводы ≥5000 KZT.
100000000608031100,peripheral,0.5,17,0.30641559150273906,Вход/выход 1/0 контр.; потоки 30000.00/0.00 KZT. Правила 5 основных ролей не выполнены. Depth=4: продолжение неизвестно.
100000000611474100,peripheral,1.0,25,0.32289242676496266,Вход/выход 1/0 контр.; потоки 32000.00/0.00 KZT. Правила 5 основных ролей не выполнены. Только наблюдаемые переводы ≥5000 KZT.
100000000625169100,peripheral,1.0,18,0.2874182651423356,Вход/выход 1/0 контр.; потоки 10000.00/0.00 KZT. Правила 5 основных ролей не выполнены. Только наблюдаемые переводы ≥5000 KZT.
100000000627521100,peripheral,0.5,41,0.2513869170341731,Вход/выход 1/0 контр.; потоки 6500.00/0.00 KZT. Правила 5 основных ролей не выполнены. Depth=4: продолжение неизвестно.
100000000629812100,consolidator,0.7836443382271574,55,0.43062781459275734,Вход от 2 контр.: 22000.00 KZT; выход 0.00 KZT. Порог входа: ≥2 контр. Только наблюдаемые переводы ≥5000 KZT.
100000000634341100,peripheral,0.5,0,0.3031580627273941,Вход/выход 1/0 контр.; потоки 24000.00/0.00 KZT. Правила 5 основных ролей не выполнены. Depth=4: продолжение неизвестно.
100000000640800100,distributor,0.6992034937712442,3,0.48731107895933473,Выход 4 контр.: 518135.00 KZT; вход 80000.00 KZT. Порог выхода: ≥3 контр. Только наблюдаемые переводы ≥5000 KZT.
100000000646541100,consolidator,0.9061195003952967,0,0.4679052317083192,Вход от 3 контр.: 25300.00 KZT; выход 0.00 KZT. Порог входа: ≥2 контр. Только наблюдаемые переводы ≥5000 KZT.
100000000655469100,peripheral,0.5,24,0.28047833210196405,Вход/выход 1/0 контр.; потоки 20000.00/0.00 KZT. Правила 5 основных ролей не выполнены. Depth=4: продолжение неизвестно.
100000000656682100,transit,0.7355317146802692,0,0.4432254450224382,Вход/выход: 71000.00/80000.00 KZT; отношение ≈1.13. Баланс 0.8875 ≥ 0.591789. Только наблюдаемые переводы ≥5000 KZT.
100000000661131100,peripheral,1.0,6,0.280066978400086,Вход/выход 1/0 контр.; потоки 15600.00/0.00 KZT. Правила 5 основных ролей не выполнены. Только наблюдаемые переводы ≥5000 KZT.
100000000661912100,consolidator,0.5350438676575346,3,0.6986345557704915,Вход от 5 контр.: 393036.00 KZT; выход 430700.00 KZT. Порог входа: ≥2 контр. Только наблюдаемые переводы ≥5000 KZT.
100000000667713100,consolidator,0.4746155353411715,2,0.47973690009820485,Вход от 2 контр.: 119495.00 KZT; выход 79236.00 KZT. Порог входа: ≥2 контр. Только наблюдаемые переводы ≥5000 KZT.
100000000673868100,distributor,0.7744154774821108,30,0.5635160130329221,Выход 5 контр.: 383000.00 KZT; вход 2030650.00 KZT. Порог выхода: ≥3 контр. Только наблюдаемые переводы ≥5000 KZT.
100000000673915100,peripheral,0.5,37,0.27549225786866416,Вход/выход 1/0 контр.; потоки 20200.00/0.00 KZT. Правила 5 основных ролей не выполнены. Depth=4: продолжение неизвестно.
100000000703894100,peripheral,1.0,42,0.3955976662387004,Вход/выход 1/1 контр.; потоки 120000.00/35000.00 KZT. Правила 5 основных ролей не выполнены. Только наблюдаемые переводы ≥5000 KZT.
100000000703902100,peripheral,1.0,7,0.340717821891731,Вход/выход 1/0 контр.; потоки 25499.00/0.00 KZT. Правила 5 основных ролей не выполнены. Только наблюдаемые переводы ≥5000 KZT.
100000000704700100,peripheral,0.5,39,0.28270561076407946,Вход/выход 1/0 контр.; потоки 10000.00/0.00 KZT. Правила 5 основных ролей не выполнены. Depth=4: продолжение неизвестно.
100000000706545100,consolidator,0.9500000000000001,2,0.6273443674946068,Вход от 3 контр.: 1070300.00 KZT; выход 75800.00 KZT. Порог входа: ≥2 контр. Только наблюдаемые переводы ≥5000 KZT.
100000000718427100,peripheral,1.0,18,0.2764968046825768,Вход/выход 1/0 контр.; потоки 6000.00/0.00 KZT. Правила 5 основных ролей не выполнены. Только наблюдаемые переводы ≥5000 KZT.
100000000723383100,peripheral,1.0,24,0.37445273758552516,Вход/выход 1/2 контр.; потоки 6800.00/75000.00 KZT. Правила 5 основных ролей не выполнены. Только наблюдаемые переводы ≥5000 KZT.
100000000724540100,peripheral,1.0,20,0.34887919268022693,Вход/выход 1/1 контр.; потоки 50000.00/100000.00 KZT. Правила 5 основных ролей не выполнены. Только наблюдаемые переводы ≥5000 KZT.
100000000733373100,peripheral,1.0,2,0.29038009168770634,Вход/выход 1/0 контр.; потоки 10710.00/0.00 KZT. Правила 5 основных ролей не выполнены. Только наблюдаемые переводы ≥5000 KZT.
100000000733451100,peripheral,1.0,14,0.37205651474346746,Вход/выход 1/1 контр.; потоки 70000.00/300000.00 KZT. Правила 5 основных ролей не выполнены. Только наблюдаемые переводы ≥5000 KZT.
100000000733940100,peripheral,0.5,32,0.36307083735490747,Вход/выход 1/0 контр.; потоки 752000.00/0.00 KZT. Правила 5 основных ролей не выполнены. Depth=4: продолжение неизвестно.
100000000737152100,peripheral,0.5,0,0.2922285040663963,Вход/выход 1/0 контр.; потоки 35000.00/0.00 KZT. Правила 5 основных ролей не выполнены. Depth=4: продолжение неизвестно.
100000000749118100,transit,0.5559127366491733,0,0.37709841989652393,Вход/выход: 10330.00/16500.00 KZT; отношение ≈1.60. Баланс 0.626061 ≥ 0.591789. Только наблюдаемые переводы ≥5000 KZT.
100000000764836100,peripheral,1.0,3,0.3517692004066455,Вход/выход 1/2 контр.; потоки 251716.00/50000.00 KZT. Правила 5 основных ролей не выполнены. Только наблюдаемые переводы ≥5000 KZT.
100000000765628100,peripheral,1.0,2,0.27514280305956523,Вход/выход 1/0 контр.; потоки 5000.00/0.00 KZT. Правила 5 основных ролей не выполнены. Только наблюдаемые переводы ≥5000 KZT.
100000000769919100,terminal,0.6742436335288421,63,0.4967081732229005,Вход 250000.00 KZT от 1 контр.; наблюдаемых исходящих связей 0. Порог входа ≥166819.70 KZT; depth=2<4. Только наблюдаемые переводы ≥5000 KZT.
100000000782285100,peripheral,1.0,0,0.26334843535559915,Вход/выход 1/0 контр.; потоки 6151.00/0.00 KZT. Правила 5 основных ролей не выполнены. Только наблюдаемые переводы ≥5000 KZT.
100000000783406100,peripheral,1.0,36,0.260292885303558,Вход/выход 1/0 контр.; потоки 6066.00/0.00 KZT. Правила 5 основных ролей не выполнены. Только наблюдаемые переводы ≥5000 KZT.
100000000785800100,transit,0.727552852902098,56,0.4311680005585067,Вход/выход: 19000.00/19000.00 KZT; отношение ≈1.00. Баланс 1 ≥ 0.591789. Только наблюдаемые переводы ≥5000 KZT.
100000000790311100,peripheral,1.0,16,0.3208383599391962,Вход/выход 1/0 контр.; потоки 46300.00/0.00 KZT. Правила 5 основных ролей не выполнены. Только наблюдаемые переводы ≥5000 KZT.
100000000791285100,distributor,0.6361261177261854,28,0.5009933908068018,Выход 3 контр.: 650000.00 KZT; вход 1120000.00 KZT. Порог выхода: ≥3 контр. Только наблюдаемые переводы ≥5000 KZT.
100000000795033100,peripheral,1.0,0,0.32201175831365186,Вход/выход 1/0 контр.; потоки 18200.00/0.00 KZT. Правила 5 основных ролей не выполнены. Только наблюдаемые переводы ≥5000 KZT.
100000000795129100,terminal,0.6848771406914788,16,0.47338239406980964,Вход 332000.00 KZT от 1 контр.; наблюдаемых исходящих связей 0. Порог входа ≥166819.70 KZT; depth=2<4. Только наблюдаемые переводы ≥5000 KZT.
100000000795374100,peripheral,1.0,3,0.3053879883345474,Вход/выход 1/0 контр.; потоки 50000.00/0.00 KZT. Правила 5 основных ролей не выполнены. Только наблюдаемые переводы ≥5000 KZT.
100000000802149100,peripheral,1.0,0,0.3208149229716025,Вход/выход 1/0 контр.; потоки 104128.00/0.00 KZT. Правила 5 основных ролей не выполнены. Только наблюдаемые переводы ≥5000 KZT.
100000000803368100,peripheral,0.5,15,0.33978841603450105,Вход/выход 1/0 контр.; потоки 139503.00/0.00 KZT. Правила 5 основных ролей не выполнены. Depth=4: продолжение неизвестно.
100000000806727100,peripheral,1.0,1,0.32655485722952143,Вход/выход 1/1 контр.; потоки 45000.00/5000.00 KZT. Правила 5 основных ролей не выполнены. Только наблюдаемые переводы ≥5000 KZT.
100000000810551100,peripheral,1.0,1,0.38759905654335336,Вход/выход 1/1 контр.; потоки 100000.00/7100.00 KZT. Правила 5 основных ролей не выполнены. Только наблюдаемые переводы ≥5000 KZT.
100000000817146100,peripheral,1.0,2,0.38887870439399075,Вход/выход 1/0 контр.; потоки 70020.00/0.00 KZT. Правила 5 основных ролей не выполнены. Только наблюдаемые переводы ≥5000 KZT.
100000000821507100,terminal,0.6918617004440469,30,0.47336783560283213,Вход 400000.00 KZT от 1 контр.; наблюдаемых исходящих связей 0. Порог входа ≥166819.70 KZT; depth=2<4. Только наблюдаемые переводы ≥5000 KZT.
100000000831684100,peripheral,1.0,12,0.3884875857128427,Вход/выход 1/1 контр.; потоки 15000.00/50000.00 KZT. Правила 5 основных ролей не выполнены. Только наблюдаемые переводы ≥5000 KZT.
100000000838385100,peripheral,1.0,29,0.4221308942113535,Вход/выход 1/2 контр.; потоки 436900.00/177500.00 KZT. Правила 5 основных ролей не выполнены. Только наблюдаемые переводы ≥5000 KZT.
100000000850297100,transit,0.7256171809690668,10,0.42321668009433616,Вход/выход: 17520.00/17520.00 KZT; отношение ≈1.00. Баланс 1 ≥ 0.591789. Только наблюдаемые переводы ≥5000 KZT.
100000000860514100,peripheral,1.0,27,0.3132293806326322,Вход/выход 1/1 контр.; потоки 12000.00/50000.00 KZT. Правила 5 основных ролей не выполнены. Только наблюдаемые переводы ≥5000 KZT.
100000000861294100,peripheral,1.0,8,0.34692504996980816,Вход/выход 1/0 контр.; потоки 150000.00/0.00 KZT. Правила 5 основных ролей не выполнены. Только наблюдаемые переводы ≥5000 KZT.
100000000870121100,peripheral,1.0,14,0.27700511805764894,Вход/выход 1/0 контр.; потоки 12000.00/0.00 KZT. Правила 5 основных ролей не выполнены. Только наблюдаемые переводы ≥5000 KZT.
100000000878006100,peripheral,1.0,4,0.3033046325353613,Вход/выход 1/0 контр.; потоки 47003.00/0.00 KZT. Правила 5 основных ролей не выполнены. Только наблюдаемые переводы ≥5000 KZT.
100000000896111100,terminal,0.6794304121279217,26,0.45244529050725474,Вход 287100.00 KZT от 1 контр.; наблюдаемых исходящих связей 0. Порог входа ≥166819.70 KZT; depth=3<4. Только наблюдаемые переводы ≥5000 KZT.
100000000907277100,peripheral,1.0,7,0.33264972434528195,Вход/выход 1/0 контр.; потоки 17534.00/0.00 KZT. Правила 5 основных ролей не выполнены. Только наблюдаемые переводы ≥5000 KZT.
100000000910216100,transit,0.6312301565467152,1,0.49942872685309936,Вход/выход: 71000.00/52010.00 KZT; отношение ≈0.73. Баланс 0.732535 ≥ 0.591789. Только наблюдаемые переводы ≥5000 KZT.
100000000912487100,peripheral,1.0,1,0.2876619545720426,Вход/выход 1/0 контр.; потоки 10000.00/0.00 KZT. Правила 5 основных ролей не выполнены. Только наблюдаемые переводы ≥5000 KZT.
100000000913911100,consolidator,0.49930263536351266,1,0.48416380089984296,Вход от 2 контр.: 467000.00 KZT; выход 600000.00 KZT. Порог входа: ≥2 контр. Только наблюдаемые переводы ≥5000 KZT.
100000000917179100,peripheral,1.0,15,0.34720228549983057,Вход/выход 1/0 контр.; потоки 94465.00/0.00 KZT. Правила 5 основных ролей не выполнены. Только наблюдаемые переводы ≥5000 KZT.
100000000922570100,transit,0.7245575322897084,12,0.4778947380473877,Вход/выход: 47101.00/50000.00 KZT; отношение ≈1.06. Баланс 0.94202 ≥ 0.591789. Только наблюдаемые переводы ≥5000 KZT.
100000000926078100,peripheral,0.5,3,0.349254702843294,Вход/выход 1/0 контр.; потоки 250000.00/0.00 KZT. Правила 5 основных ролей не выполнены. Depth=4: продолжение неизвестно.
100000000926766100,peripheral,1.0,27,0.2925132962359493,Вход/выход 1/1 контр.; потоки 18750.00/6000.00 KZT. Правила 5 основных ролей не выполнены. Только наблюдаемые переводы ≥5000 KZT.
100000000933075100,transit,0.654485556811125,12,0.46540670644914295,Вход/выход: 40000.00/55000.00 KZT; отношение ≈1.38. Баланс 0.727273 ≥ 0.591789. Только наблюдаемые переводы ≥5000 KZT.
100000000941942100,peripheral,1.0,1,0.37701390728087025,Вход/выход 1/0 контр.; потоки 130000.00/0.00 KZT. Правила 5 основных ролей не выполнены. Только наблюдаемые переводы ≥5000 KZT.
100000000942301100,peripheral,1.0,0,0.3088071755774036,Вход/выход 1/0 контр.; потоки 57580.00/0.00 KZT. Правила 5 основных ролей не выполнены. Только наблюдаемые переводы ≥5000 KZT.
100000000943371100,peripheral,1.0,14,0.29820943696297714,Вход/выход 1/0 контр.; потоки 15500.00/0.00 KZT. Правила 5 основных ролей не выполнены. Только наблюдаемые переводы ≥5000 KZT.
100000000945428100,peripheral,1.0,0,0.3683252756647906,Вход/выход 1/0 контр.; потоки 89629.00/0.00 KZT. Правила 5 основных ролей не выполнены. Только наблюдаемые переводы ≥5000 KZT.
100000000954884100,peripheral,1.0,36,0.2986435864397701,Вход/выход 1/0 контр.; потоки 34000.00/0.00 KZT. Правила 5 основных ролей не выполнены. Только наблюдаемые переводы ≥5000 KZT.
100000000955444100,peripheral,1.0,73,0.28531684689744125,Вход/выход 1/0 контр.; потоки 6910.00/0.00 KZT. Правила 5 основных ролей не выполнены. Только наблюдаемые переводы ≥5000 KZT.
100000000955529100,peripheral,1.0,1,0.3265758701350291,Вход/выход 1/1 контр.; потоки 27000.00/63500.00 KZT. Правила 5 основных ролей не выполнены. Только наблюдаемые переводы ≥5000 KZT.
100000000957746100,peripheral,0.5,17,0.2525707654225816,Вход/выход 1/0 контр.; потоки 5300.00/0.00 KZT. Правила 5 основных ролей не выполнены. Depth=4: продолжение неизвестно.
100000000961900100,consolidator,0.8136261418548045,0,0.4703587822236754,Вход от 2 контр.: 36000.00 KZT; выход 0.00 KZT. Порог входа: ≥2 контр. Только наблюдаемые переводы ≥5000 KZT.
100000000967918100,peripheral,1.0,0,0.32040518411264446,Вход/выход 1/0 контр.; потоки 21200.00/0.00 KZT. Правила 5 основных ролей не выполнены. Только наблюдаемые переводы ≥5000 KZT.
100000000968253100,peripheral,1.0,7,0.3293017732771426,Вход/выход 1/0 контр.; потоки 15000.00/0.00 KZT. Правила 5 основных ролей не выполнены. Только наблюдаемые переводы ≥5000 KZT.
100000000971908100,peripheral,1.0,8,0.3348490853245215,Вход/выход 1/0 контр.; потоки 89000.00/0.00 KZT. Правила 5 основных ролей не выполнены. Только наблюдаемые переводы ≥5000 KZT.
100000000976943100,transit,0.7123213331661482,10,0.44534792259453293,Вход/выход: 70000.00/84000.00 KZT; отношение ≈1.20. Баланс 0.833333 ≥ 0.591789. Только наблюдаемые переводы ≥5000 KZT.
100000000978041100,peripheral,1.0,7,0.3528224005935988,Вход/выход 1/0 контр.; потоки 44445.00/0.00 KZT. Правила 5 основных ролей не выполнены. Только наблюдаемые переводы ≥5000 KZT.
100000000979567100,peripheral,1.0,7,0.3091458417424018,Вход/выход 1/0 контр.; потоки 10000.00/0.00 KZT. Правила 5 основных ролей не выполнены. Только наблюдаемые переводы ≥5000 KZT.
100000000979923100,peripheral,1.0,10,0.37001767345901015,Вход/выход 1/0 контр.; потоки 97900.00/0.00 KZT. Правила 5 основных ролей не выполнены. Только наблюдаемые переводы ≥5000 KZT.
100000000981693100,peripheral,0.5,0,0.29291895727599426,Вход/выход 1/0 контр.; потоки 16500.00/0.00 KZT. Правила 5 основных ролей не выполнены. Depth=4: продолжение неизвестно.
100000000993112100,peripheral,1.0,33,0.35703524059627467,Вход/выход 1/0 контр.; потоки 141000.00/0.00 KZT. Правила 5 основных ролей не выполнены. Только наблюдаемые переводы ≥5000 KZT.
100000000998559100,peripheral,1.0,1,0.3709274638466959,Вход/выход 1/0 контр.; потоки 100000.00/0.00 KZT. Правила 5 основных ролей не выполнены. Только наблюдаемые переводы ≥5000 KZT.
100000001009583100,terminal,0.691270421515802,4,0.45294414640180186,Вход 393740.00 KZT от 1 контр.; наблюдаемых исходящих связей 0. Порог входа ≥166819.70 KZT; depth=3<4. Только наблюдаемые переводы ≥5000 KZT.
100000001046057100,peripheral,1.0,5,0.3182580256194976,Вход/выход 1/0 контр.; потоки 83420.00/0.00 KZT. Правила 5 основных ролей не выполнены. Только наблюдаемые переводы ≥5000 KZT.
100000001046626100,peripheral,1.0,4,0.3281398016713907,Вход/выход 1/0 контр.; потоки 150000.00/0.00 KZT. Правила 5 основных ролей не выполнены. Только наблюдаемые переводы ≥5000 KZT.
100000001049200100,consolidator,0.4648517089539473,21,0.5343267804630158,Вход от 2 контр.: 76624.00 KZT; выход 36000.00 KZT. Порог входа: ≥2 контр. Только наблюдаемые переводы ≥5000 KZT.
100000001052789100,peripheral,1.0,21,0.3129719210776038,Вход/выход 1/0 контр.; потоки 70975.00/0.00 KZT. Правила 5 основных ролей не выполнены. Только наблюдаемые переводы ≥5000 KZT.
100000001052945100,distributor,0.6770989834249717,57,0.48983636620782434,Выход 3 контр.: 1595700.00 KZT; вход 56520.00 KZT. Порог выхода: ≥3 контр. Только наблюдаемые переводы ≥5000 KZT.
100000001053894100,peripheral,0.5,41,0.38034751375710585,Вход/выход 1/0 контр.; потоки 2000000.00/0.00 KZT. Правила 5 основных ролей не выполнены. Depth=4: продолжение неизвестно.
100000001056414100,terminal,0.6742436335288421,13,0.44071062582570686,Вход 250000.00 KZT от 1 контр.; наблюдаемых исходящих связей 0. Порог входа ≥166819.70 KZT; depth=3<4. Только наблюдаемые переводы ≥5000 KZT.
100000001063678100,peripheral,1.0,25,0.33331830205130625,Вход/выход 1/2 контр.; потоки 35000.00/90000.00 KZT. Правила 5 основных ролей не выполнены. Только наблюдаемые переводы ≥5000 KZT.
100000001065234100,peripheral,0.5,58,0.3598433451404607,Вход/выход 1/0 контр.; потоки 360000.00/0.00 KZT. Правила 5 основных ролей не выполнены. Depth=4: продолжение неизвестно.
100000001065481100,peripheral,0.5,14,0.2835644186995016,Вход/выход 1/0 контр.; потоки 16000.00/0.00 KZT. Правила 5 основных ролей не выполнены. Depth=4: продолжение неизвестно.
100000001066017100,consolidator,0.4790729847160889,0,0.4183208319725332,Вход от 2 контр.: 136123.00 KZT; выход 82500.00 KZT. Порог входа: ≥2 контр. Только наблюдаемые переводы ≥5000 KZT.
100000001072022100,consolidator,0.5031334343697578,1,0.5260613279555717,Вход от 3 контр.: 1684000.00 KZT; выход 0.00 KZT. Порог входа: ≥2 контр. Только наблюдаемые переводы ≥5000 KZT.
100000001073568100,peripheral,1.0,15,0.38658665342281073,Вход/выход 1/2 контр.; потоки 707465.00/219503.00 KZT. Правила 5 основных ролей не выполнены. Только наблюдаемые переводы ≥5000 KZT.
100000001074553100,consolidator,0.7888030711408254,19,0.46979282992983057,Вход от 2 контр.: 28971.00 KZT; выход 0.00 KZT. Порог входа: ≥2 контр. Только наблюдаемые переводы ≥5000 KZT.
100000001083990100,peripheral,1.0,12,0.34055863467686776,Вход/выход 1/0 контр.; потоки 49900.00/0.00 KZT. Правила 5 основных ролей не выполнены. Только наблюдаемые переводы ≥5000 KZT.
100000001089055100,peripheral,0.5,17,0.2699230209379322,Вход/выход 1/0 контр.; потоки 13000.00/0.00 KZT. Правила 5 основных ролей не выполнены. Depth=4: продолжение неизвестно.
100000001102676100,transit,0.7506485322897085,1,0.4508623082345883,Вход/выход: 50000.00/50000.00 KZT; отношение ≈1.00. Баланс 1 ≥ 0.591789. Только наблюдаемые переводы ≥5000 KZT.
100000001103905100,peripheral,1.0,7,0.3332130799872207,Вход/выход 1/0 контр.; потоки 18000.00/0.00 KZT. Правила 5 основных ролей не выполнены. Только наблюдаемые переводы ≥5000 KZT.
100000001110358100,consolidator,0.7906667787727333,0,0.4224873136423522,Вход от 2 контр.: 32000.00 KZT; выход 0.00 KZT. Порог входа: ≥2 контр. Только наблюдаемые переводы ≥5000 KZT.
100000001111763100,peripheral,1.0,7,0.3321667976774052,Вход/выход 1/0 контр.; потоки 17144.00/0.00 KZT. Правила 5 основных ролей не выполнены. Только наблюдаемые переводы ≥5000 KZT.
100000001114385100,peripheral,1.0,1,0.31040349396326544,Вход/выход 1/0 контр.; потоки 29500.00/0.00 KZT. Правила 5 основных ролей не выполнены. Только наблюдаемые переводы ≥5000 KZT.
100000001126374100,consolidator,0.9103900326034302,0,0.5314754670195845,Вход от 4 контр.: 182500.00 KZT; выход 29200.00 KZT. Порог входа: ≥2 контр. Только наблюдаемые переводы ≥5000 KZT.
100000001130176100,peripheral,1.0,0,0.3143018174570242,Вход/выход 1/0 контр.; потоки 25000.00/0.00 KZT. Правила 5 основных ролей не выполнены. Только наблюдаемые переводы ≥5000 KZT.
100000001130553100,peripheral,0.5,4,0.2960359501497367,Вход/выход 1/0 контр.; потоки 18000.00/0.00 KZT. Правила 5 основных ролей не выполнены. Depth=4: продолжение неизвестно.
100000001131403100,peripheral,0.5,57,0.3883942408663059,Вход/выход 1/0 контр.; потоки 1570000.00/0.00 KZT. Правила 5 основных ролей не выполнены. Depth=4: продолжение неизвестно.
100000001138283100,transit,0.5999821092239208,3,0.4188069250693417,Вход/выход: 81805.00/50000.00 KZT; отношение ≈0.61. Баланс 0.61121 ≥ 0.591789. Только наблюдаемые переводы ≥5000 KZT.
100000001138376100,peripheral,1.0,16,0.29654140702282494,Вход/выход 1/0 контр.; потоки 15300.00/0.00 KZT. Правила 5 основных ролей не выполнены. Только наблюдаемые переводы ≥5000 KZT.
100000001140785100,consolidator,0.49976431151844936,5,0.41295640587442806,Вход от 2 контр.: 215000.00 KZT; выход 0.00 KZT. Порог входа: ≥2 контр. Только наблюдаемые переводы ≥5000 KZT.
100000001141268100,consolidator,0.7747553032337141,20,0.4788873243493151,Вход от 2 контр.: 480000.00 KZT; выход 10000.00 KZT. Порог входа: ≥2 контр. Только наблюдаемые переводы ≥5000 KZT.
100000001145749100,peripheral,1.0,1,0.2877748202337709,Вход/выход 1/0 контр.; потоки 10000.00/0.00 KZT. Правила 5 основных ролей не выполнены. Только наблюдаемые переводы ≥5000 KZT.
100000001149815100,peripheral,1.0,6,0.2744694981551447,Вход/выход 1/0 контр.; потоки 12000.00/0.00 KZT. Правила 5 основных ролей не выполнены. Только наблюдаемые переводы ≥5000 KZT.
100000001155773100,peripheral,1.0,6,0.28693191684154673,Вход/выход 1/0 контр.; потоки 21500.00/0.00 KZT. Правила 5 основных ролей не выполнены. Только наблюдаемые переводы ≥5000 KZT.
100000001160401100,peripheral,1.0,0,0.30498690449042687,Вход/выход 1/0 контр.; потоки 47190.00/0.00 KZT. Правила 5 основных ролей не выполнены. Только наблюдаемые переводы ≥5000 KZT.
100000001162560100,distributor,0.918375065982727,19,0.5742088576042083,Выход 12 контр.: 2904398.00 KZT; вход 331300.00 KZT. Порог выхода: ≥3 контр. Только наблюдаемые переводы ≥5000 KZT.
100000001164648100,consolidator,0.7747127150721504,22,0.4518413962292113,Вход от 2 контр.: 13660.00 KZT; выход 0.00 KZT. Порог входа: ≥2 контр. Только наблюдаемые переводы ≥5000 KZT.
100000001166289100,consolidator,0.8503258334775646,18,0.5676357325240742,Вход от 2 контр.: 721039.00 KZT; выход 25000.00 KZT. Порог входа: ≥2 контр. Только наблюдаемые переводы ≥5000 KZT.
100000001169666100,peripheral,1.0,9,0.3433898326492215,Вход/выход 1/1 контр.; потоки 220000.00/24000.00 KZT. Правила 5 основных ролей не выполнены. Только наблюдаемые переводы ≥5000 KZT.
100000001184915100,terminal,0.7148129498934808,16,0.46352095815589067,Вход 201000.00 KZT от 1 контр.; наблюдаемых исходящих связей 0. Порог входа ≥166819.70 KZT; depth=2<4. Только наблюдаемые переводы ≥5000 KZT.
100000001194266100,peripheral,1.0,1,0.35537333240021934,Вход/выход 1/0 контр.; потоки 50000.00/0.00 KZT. Правила 5 основных ролей не выполнены. Только наблюдаемые переводы ≥5000 KZT.
100000001202637100,peripheral,0.5,9,0.2840971074840348,Вход/выход 1/0 контр.; потоки 10000.00/0.00 KZT. Правила 5 основных ролей не выполнены. Depth=4: продолжение неизвестно.
100000001202787100,consolidator,0.5,0,0.35788283279741,Вход от 2 контр.: 14850.00 KZT; выход 0.00 KZT. Порог входа: ≥2 контр. Depth=4: продолжение неизвестно.
100000001220124100,peripheral,0.5,3,0.3125800501856175,Вход/выход 1/0 контр.; потоки 40000.00/0.00 KZT. Правила 5 основных ролей не выполнены. Depth=4: продолжение неизвестно.
100000001222245100,peripheral,0.5,4,0.3631564827931793,Вход/выход 1/0 контр.; потоки 420000.00/0.00 KZT. Правила 5 основных ролей не выполнены. Depth=4: продолжение неизвестно.
100000001222263100,peripheral,1.0,4,0.3755698093681196,Вход/выход 1/1 контр.; потоки 745570.00/420000.00 KZT. Правила 5 основных ролей не выполнены. Только наблюдаемые переводы ≥5000 KZT.
100000001223977100,peripheral,1.0,50,0.29219639023067956,Вход/выход 1/1 контр.; потоки 5000.00/18000.00 KZT. Правила 5 основных ролей не выполнены. Только наблюдаемые переводы ≥5000 KZT.
100000001227106100,peripheral,1.0,4,0.3301678242099506,Вход/выход 1/0 контр.; потоки 164765.00/0.00 KZT. Правила 5 основных ролей не выполнены. Только наблюдаемые переводы ≥5000 KZT.
100000001229743100,transit,0.6097180651913718,0,0.37444485160945146,Вход/выход: 7000.00/9000.00 KZT; отношение ≈1.29. Баланс 0.777778 ≥ 0.591789. Только наблюдаемые переводы ≥5000 KZT.
100000001232297100,peripheral,1.0,14,0.3217320015377041,Вход/выход 1/2 контр.; потоки 5000.00/45000.00 KZT. Правила 5 основных ролей не выполнены. Только наблюдаемые переводы ≥5000 KZT.
100000001236706100,consolidator,0.8424459573361758,14,0.5089044605621452,Вход от 3 контр.: 142700.00 KZT; выход 36000.00 KZT. Порог входа: ≥2 контр. Только наблюдаемые переводы ≥5000 KZT.
100000001241318100,peripheral,1.0,0,0.3444156666837452,Вход/выход 1/0 контр.; потоки 53000.00/0.00 KZT. Правила 5 основных ролей не выполнены. Только наблюдаемые переводы ≥5000 KZT.
100000001246806100,peripheral,0.5,5,0.3369121423860986,Вход/выход 1/0 контр.; потоки 130000.00/0.00 KZT. Правила 5 основных ролей не выполнены. Depth=4: продолжение неизвестно.
100000001248999100,peripheral,1.0,17,0.2887747244090285,Вход/выход 1/0 контр.; потоки 23425.00/0.00 KZT. Правила 5 основных ролей не выполнены. Только наблюдаемые переводы ≥5000 KZT.
100000001249054100,peripheral,0.5,9,0.2727106373454208,Вход/выход 1/0 контр.; потоки 17375.00/0.00 KZT. Правила 5 основных ролей не выполнены. Depth=4: продолжение неизвестно.
100000001250022100,peripheral,1.0,8,0.32199313142253105,Вход/выход 1/0 контр.; потоки 50000.00/0.00 KZT. Правила 5 основных ролей не выполнены. Только наблюдаемые переводы ≥5000 KZT.
100000001251686100,peripheral,1.0,1,0.3005280802518597,Вход/выход 1/0 контр.; потоки 18000.00/0.00 KZT. Правила 5 основных ролей не выполнены. Только наблюдаемые переводы ≥5000 KZT.
100000001252290100,peripheral,1.0,4,0.32988906218613245,Вход/выход 1/1 контр.; потоки 141005.00/5000.00 KZT. Правила 5 основных ролей не выполнены. Только наблюдаемые переводы ≥5000 KZT.
100000001253557100,consolidator,0.5155218362163988,5,0.4877005956612944,Вход от 5 контр.: 210200.00 KZT; выход 0.00 KZT. Порог входа: ≥2 контр. Только наблюдаемые переводы ≥5000 KZT.
100000001256409100,peripheral,0.5,3,0.27923547245756714,Вход/выход 1/0 контр.; потоки 8000.00/0.00 KZT. Правила 5 основных ролей не выполнены. Depth=4: продолжение неизвестно.
100000001262647100,peripheral,1.0,16,0.30691420153008525,Вход/выход 1/0 контр.; потоки 23650.00/0.00 KZT. Правила 5 основных ролей не выполнены. Только наблюдаемые переводы ≥5000 KZT.
100000001270349100,terminal,0.6658791173786048,8,0.4399345993721181,Вход 200000.00 KZT от 1 контр.; наблюдаемых исходящих связей 0. Порог входа ≥166819.70 KZT; depth=3<4. Только наблюдаемые переводы ≥5000 KZT.
100000001270470100,peripheral,0.5,0,0.29539792192760417,Вход/выход 1/0 контр.; потоки 28300.00/0.00 KZT. Правила 5 основных ролей не выполнены. Depth=4: продолжение неизвестно.
100000001273783100,peripheral,1.0,10,0.3058990172880398,Вход/выход 1/0 контр.; потоки 23200.00/0.00 KZT. Правила 5 основных ролей не выполнены. Только наблюдаемые переводы ≥5000 KZT.
100000001275557100,peripheral,0.5,25,0.2806804354359161,Вход/выход 1/0 контр.; потоки 20000.00/0.00 KZT. Правила 5 основных ролей не выполнены. Depth=4: продолжение неизвестно.
100000001275752100,peripheral,1.0,5,0.32861541215438694,Вход/выход 1/0 контр.; потоки 151500.00/0.00 KZT. Правила 5 основных ролей не выполнены. Только наблюдаемые переводы ≥5000 KZT.
100000001276409100,peripheral,0.5,9,0.3111772991575341,Вход/выход 1/0 контр.; потоки 94760.00/0.00 KZT. Правила 5 основных ролей не выполнены. Depth=4: продолжение неизвестно.
100000001279272100,peripheral,1.0,0,0.40735294816751644,Вход/выход 1/2 контр.; потоки 250000.00/136758.00 KZT. Правила 5 основных ролей не выполнены. Только наблюдаемые переводы ≥5000 KZT.
100000001279875100,peripheral,1.0,13,0.3224067446567637,Вход/выход 1/0 контр.; потоки 49235.00/0.00 KZT. Правила 5 основных ролей не выполнены. Только наблюдаемые переводы ≥5000 KZT.
100000001280798100,peripheral,1.0,9,0.2895622212026524,Вход/выход 1/0 контр.; потоки 23785.00/0.00 KZT. Правила 5 основных ролей не выполнены. Только наблюдаемые переводы ≥5000 KZT.
100000001282143100,consolidator,0.5031334343697578,13,0.4719879390513496,Вход от 5 контр.: 1700000.00 KZT; выход 0.00 KZT. Порог входа: ≥2 контр. Только наблюдаемые переводы ≥5000 KZT.
100000001285440100,consolidator,0.4992505875505373,20,0.4241013383861576,Вход от 2 контр.: 243000.00 KZT; выход 0.00 KZT. Порог входа: ≥2 контр. Только наблюдаемые переводы ≥5000 KZT.
100000001286703100,peripheral,0.5,41,0.275773682488063,Вход/выход 1/0 контр.; потоки 20500.00/0.00 KZT. Правила 5 основных ролей не выполнены. Depth=4: продолжение неизвестно.
100000001287955100,distributor,0.45776899703338697,13,0.6599358104357865,Выход 4 контр.: 310000.00 KZT; вход 17520.00 KZT. Порог выхода: ≥3 контр. Только наблюдаемые переводы ≥5000 KZT.
100000001290243100,peripheral,1.0,2,0.2902028921311939,Вход/выход 1/0 контр.; потоки 10000.00/0.00 KZT. Правила 5 основных ролей не выполнены. Только наблюдаемые переводы ≥5000 KZT.
100000001297206100,peripheral,0.5,0,0.2533252051945316,Вход/выход 1/0 контр.; потоки 6758.00/0.00 KZT. Правила 5 основных ролей не выполнены. Depth=4: продолжение неизвестно.
100000001298099100,peripheral,1.0,9,0.28465299263679317,Вход/выход 1/0 контр.; потоки 19000.00/0.00 KZT. Правила 5 основных ролей не выполнены. Только наблюдаемые переводы ≥5000 KZT.
100000001299323100,peripheral,0.5,5,0.3122410500981585,Вход/выход 1/0 контр.; потоки 109000.00/0.00 KZT. Правила 5 основных ролей не выполнены. Depth=4: продолжение неизвестно.
100000001299443100,peripheral,0.5,22,0.25611380224356983,Вход/выход 1/0 контр.; потоки 8000.00/0.00 KZT. Правила 5 основных ролей не выполнены. Depth=4: продолжение неизвестно.
100000001299828100,peripheral,0.5,0,0.3326445315691865,Вход/выход 1/0 контр.; потоки 100000.00/0.00 KZT. Правила 5 основных ролей не выполнены. Depth=4: продолжение неизвестно.
100000001303311100,consolidator,0.5065584247258815,20,0.479531749173363,Вход от 5 контр.: 1324000.00 KZT; выход 0.00 KZT. Порог входа: ≥2 контр. Только наблюдаемые переводы ≥5000 KZT.
100000001307612100,peripheral,1.0,7,0.34966462248474334,Вход/выход 1/0 контр.; потоки 38483.00/0.00 KZT. Правила 5 основных ролей не выполнены. Только наблюдаемые переводы ≥5000 KZT.
100000001308856100,peripheral,1.0,18,0.3089366566090619,Вход/выход 1/0 контр.; потоки 27000.00/0.00 KZT. Правила 5 основных ролей не выполнены. Только наблюдаемые переводы ≥5000 KZT.
100000001311175100,peripheral,0.5,13,0.3544591510232946,Вход/выход 1/0 контр.; потоки 300000.00/0.00 KZT. Правила 5 основных ролей не выполнены. Depth=4: продолжение неизвестно.
100000001317336100,peripheral,1.0,32,0.3865568410051877,Вход/выход 1/2 контр.; потоки 131196.00/1752000.00 KZT. Правила 5 основных ролей не выполнены. Только наблюдаемые переводы ≥5000 KZT.
100000001325618100,peripheral,0.5,22,0.25935966831235774,Вход/выход 1/0 контр.; потоки 9300.00/0.00 KZT. Правила 5 основных ролей не выполнены. Depth=4: продолжение неизвестно.
100000001329153100,peripheral,1.0,0,0.32856269260792703,Вход/выход 1/0 контр.; потоки 150687.00/0.00 KZT. Правила 5 основных ролей не выполнены. Только наблюдаемые переводы ≥5000 KZT.
100000001330595100,consolidator,0.903539296660992,74,0.5494908397926801,Вход от 3 контр.: 87000.00 KZT; выход 154000.00 KZT. Порог входа: ≥2 контр. Только наблюдаемые переводы ≥5000 KZT.
100000001330685100,consolidator,0.9500000000000001,4,0.5972134587557094,Вход от 3 контр.: 2435923.00 KZT; выход 100500.00 KZT. Порог входа: ≥2 контр. Только наблюдаемые переводы ≥5000 KZT.
100000001339466100,peripheral,1.0,1,0.31198686718852714,Вход/выход 1/0 контр.; потоки 30000.00/0.00 KZT. Правила 5 основных ролей не выполнены. Только наблюдаемые переводы ≥5000 KZT.
100000001346560100,consolidator,0.7022010006108858,1,0.4465554606452522,Вход от 2 контр.: 10000.00 KZT; выход 22200.00 KZT. Порог входа: ≥2 контр. Только наблюдаемые переводы ≥5000 KZT.
100000001362940100,peripheral,1.0,1,0.36613062114161765,Вход/выход 1/0 контр.; потоки 81000.00/0.00 KZT. Правила 5 основных ролей не выполнены. Только наблюдаемые переводы ≥5000 KZT.
100000001363952100,consolidator,0.7580307321733223,3,0.5149101210779303,Вход от 2 контр.: 196655.00 KZT; выход 91000.00 KZT. Порог входа: ≥2 контр. Только наблюдаемые переводы ≥5000 KZT.
100000001373265100,peripheral,1.0,3,0.33229389229162126,Вход/выход 1/1 контр.; потоки 142482.00/5000.00 KZT. Правила 5 основных ролей не выполнены. Только наблюдаемые переводы ≥5000 KZT.
100000001378288100,peripheral,0.5,3,0.35134721344791303,Вход/выход 1/0 контр.; потоки 268000.00/0.00 KZT. Правила 5 основных ролей не выполнены. Depth=4: продолжение неизвестно.
100000001379511100,peripheral,1.0,5,0.3084419528349626,Вход/выход 1/0 контр.; потоки 55000.00/0.00 KZT. Правила 5 основных ролей не выполнены. Только наблюдаемые переводы ≥5000 KZT.
100000001380054100,consolidator,0.48536828528970305,42,0.519502923913675,Вход от 2 контр.: 127050.00 KZT; выход 360000.00 KZT. Порог входа: ≥2 контр. Только наблюдаемые переводы ≥5000 KZT.
100000001380107100,peripheral,1.0,55,0.26013026337057454,Вход/выход 1/0 контр.; потоки 6000.00/0.00 KZT. Правила 5 основных ролей не выполнены. Только наблюдаемые переводы ≥5000 KZT.
100000001380986100,peripheral,1.0,19,0.3289004608090594,Вход/выход 1/0 контр.; потоки 70170.00/0.00 KZT. Правила 5 основных ролей не выполнены. Только наблюдаемые переводы ≥5000 KZT.
100000001382002100,transit,0.783996340779224,0,0.4895308948534642,Вход/выход: 55000.00/56500.00 KZT; отношение ≈1.03. Баланс 0.973451 ≥ 0.591789. Только наблюдаемые переводы ≥5000 KZT.
100000001384826100,peripheral,1.0,4,0.3504411990980304,Вход/выход 1/1 контр.; потоки 364260.00/10000.00 KZT. Правила 5 основных ролей не выполнены. Только наблюдаемые переводы ≥5000 KZT.
100000001386612100,peripheral,1.0,23,0.33907187234442143,Вход/выход 1/0 контр.; потоки 62264.00/0.00 KZT. Правила 5 основных ролей не выполнены. Только наблюдаемые переводы ≥5000 KZT.
100000001389255100,peripheral,1.0,7,0.33086664871357097,Вход/выход 1/0 контр.; потоки 16136.00/0.00 KZT. Правила 5 основных ролей не выполнены. Только наблюдаемые переводы ≥5000 KZT.
100000001411870100,terminal,0.4979269635618929,8,0.507571865187116,Вход 900000.00 KZT от 2 контр.; наблюдаемых исходящих связей 0. Порог входа ≥166819.70 KZT; depth=1<4. Только наблюдаемые переводы ≥5000 KZT.
100000001415126100,peripheral,1.0,23,0.45258691374994175,Вход/выход 1/0 контр.; потоки 27000.00/0.00 KZT. Правила 5 основных ролей не выполнены. Seed: вход неполон.
100000001418900100,peripheral,1.0,18,0.3177214714030224,Вход/выход 1/0 контр.; потоки 40140.00/0.00 KZT. Правила 5 основных ролей не выполнены. Только наблюдаемые переводы ≥5000 KZT.
100000001420847100,peripheral,1.0,21,0.3033191050722034,Вход/выход 1/0 контр.; потоки 20000.00/0.00 KZT. Правила 5 основных ролей не выполнены. Только наблюдаемые переводы ≥5000 KZT.
100000001427082100,distributor,0.7071727307856484,24,0.4566562603527747,Выход 5 контр.: 124900.00 KZT; вход 5000.00 KZT. Порог выхода: ≥3 контр. Только наблюдаемые переводы ≥5000 KZT.
100000001429930100,peripheral,1.0,14,0.44650684376927907,Вход/выход 1/0 контр.; потоки 26000.00/0.00 KZT. Правила 5 основных ролей не выполнены. Seed: вход неполон.
100000001439416100,peripheral,1.0,0,0.3384721859745572,Вход/выход 1/2 контр.; потоки 10000.00/165000.00 KZT. Правила 5 основных ролей не выполнены. Только наблюдаемые переводы ≥5000 KZT.
100000001445848100,transit,0.7603960309475454,36,0.5168940092367647,Вход/выход: 546000.00/351850.00 KZT; отношение ≈0.64. Баланс 0.644414 ≥ 0.591789. Только наблюдаемые переводы ≥5000 KZT.
100000001463701100,consolidator,0.4949659212292184,10,0.5077524907030597,Вход от 2 контр.: 621000.00 KZT; выход 0.00 KZT. Порог входа: ≥2 контр. Только наблюдаемые переводы ≥5000 KZT.
100000001471706100,peripheral,0.5,23,0.3600655671307698,Вход/выход 1/0 контр.; потоки 377000.00/0.00 KZT. Правила 5 основных ролей не выполнены. Depth=4: продолжение неизвестно.
100000001477796100,terminal,0.6623438926505661,1,0.48519677232672215,Вход 182000.00 KZT от 1 контр.; наблюдаемых исходящих связей 0. Порог входа ≥166819.70 KZT; depth=1<4. Только наблюдаемые переводы ≥5000 KZT.
100000001484381100,consolidator,0.8480242549786114,9,0.44858873653070186,Вход от 2 контр.: 95585.00 KZT; выход 0.00 KZT. Порог входа: ≥2 контр. Только наблюдаемые переводы ≥5000 KZT.
100000001490461100,peripheral,1.0,9,0.31201494808392694,Вход/выход 1/1 контр.; потоки 20000.00/5000.00 KZT. Правила 5 основных ролей не выполнены. Только наблюдаемые переводы ≥5000 KZT.
100000001498732100,peripheral,0.5,31,0.2481528887937708,Вход/выход 1/0 контр.; потоки 5500.00/0.00 KZT. Правила 5 основных ролей не выполнены. Depth=4: продолжение неизвестно.
100000001524952100,peripheral,1.0,0,0.3716691549084551,Вход/выход 1/0 контр.; потоки 103807.00/0.00 KZT. Правила 5 основных ролей не выполнены. Только наблюдаемые переводы ≥5000 KZT.
100000001526235100,consolidator,0.47731417880440336,27,0.5257409834747926,Вход от 3 контр.: 82000.00 KZT; выход 432750.00 KZT. Порог входа: ≥2 контр. Только наблюдаемые переводы ≥5000 KZT.
100000001527186100,terminal,0.7570802083934297,1,0.5353438784979404,Вход 678000.00 KZT от 1 контр.; наблюдаемых исходящих связей 0. Порог входа ≥166819.70 KZT; depth=1<4. Только наблюдаемые переводы ≥5000 KZT.
100000001530709100,peripheral,1.0,0,0.30635986010269256,Вход/выход 1/0 контр.; потоки 53961.00/0.00 KZT. Правила 5 основных ролей не выполнены. Только наблюдаемые переводы ≥5000 KZT.
100000001530740100,peripheral,1.0,2,0.31763683661612885,Вход/выход 1/0 контр.; потоки 15000.00/0.00 KZT. Правила 5 основных ролей не выполнены. Только наблюдаемые переводы ≥5000 KZT.
100000001530983100,distributor,0.5163496025884152,2,0.5568539621096603,Выход 11 контр.: 1829538.00 KZT; вход 564158.00 KZT. Порог выхода: ≥3 контр. Только наблюдаемые переводы ≥5000 KZT.
100000001533161100,peripheral,0.5,45,0.31261446061048437,Вход/выход 1/0 контр.; потоки 100000.00/0.00 KZT. Правила 5 основных ролей не выполнены. Depth=4: продолжение неизвестно.
100000001534244100,consolidator,0.7696732238928419,5,0.4718470271476056,Вход от 2 контр.: 366000.00 KZT; выход 45000.00 KZT. Порог входа: ≥2 контр. Только наблюдаемые переводы ≥5000 KZT.
100000001537524100,peripheral,0.5,13,0.3188812908871587,Вход/выход 1/0 контр.; потоки 150000.00/0.00 KZT. Правила 5 основных ролей не выполнены. Depth=4: продолжение неизвестно.
100000001538095100,consolidator,0.49864270386220977,13,0.4278852384841229,Вход от 2 контр.: 280000.00 KZT; выход 0.00 KZT. Порог входа: ≥2 контр. Только наблюдаемые переводы ≥5000 KZT.
100000001541418100,consolidator,0.8114320634511907,19,0.46664710065224896,Вход от 2 контр.: 96900.00 KZT; выход 0.00 KZT. Порог входа: ≥2 контр. Только наблюдаемые переводы ≥5000 KZT.
100000001549194100,peripheral,1.0,15,0.30412550242473063,Вход/выход 1/0 контр.; потоки 46500.00/0.00 KZT. Правила 5 основных ролей не выполнены. Только наблюдаемые переводы ≥5000 KZT.
100000001550388100,peripheral,1.0,0,0.35531711393605103,Вход/выход 1/0 контр.; потоки 50000.00/0.00 KZT. Правила 5 основных ролей не выполнены. Только наблюдаемые переводы ≥5000 KZT.
100000001550419100,peripheral,1.0,15,0.2886426055382436,Вход/выход 1/0 контр.; потоки 23000.00/0.00 KZT. Правила 5 основных ролей не выполнены. Только наблюдаемые переводы ≥5000 KZT.
100000001554432100,peripheral,1.0,1,0.35703965573683055,Вход/выход 1/0 контр.; потоки 53920.00/0.00 KZT. Правила 5 основных ролей не выполнены. Только наблюдаемые переводы ≥5000 KZT.
100000001557930100,peripheral,1.0,8,0.3139527450458467,Вход/выход 1/0 контр.; потоки 34610.00/0.00 KZT. Правила 5 основных ролей не выполнены. Только наблюдаемые переводы ≥5000 KZT.
100000001567366100,terminal,0.8184940079072802,2,0.5444619454369688,Вход 824070.00 KZT от 1 контр.; наблюдаемых исходящих связей 0. Порог входа ≥166819.70 KZT; depth=1<4. Только наблюдаемые переводы ≥5000 KZT.
100000001578517100,peripheral,1.0,2,0.31078742031187767,Вход/выход 1/0 контр.; потоки 30000.00/0.00 KZT. Правила 5 основных ролей не выполнены. Только наблюдаемые переводы ≥5000 KZT.
100000001584286100,consolidator,0.4921105875252112,13,0.463931093131105,Вход от 2 контр.: 738699.00 KZT; выход 0.00 KZT. Порог входа: ≥2 контр. Только наблюдаемые переводы ≥5000 KZT.
100000001590795100,peripheral,0.5,22,0.246288402805453,Вход/выход 1/0 контр.; потоки 5060.00/0.00 KZT. Правила 5 основных ролей не выполнены. Depth=4: продолжение неизвестно.
100000001597424100,peripheral,1.0,15,0.3048815603290377,Вход/выход 1/0 контр.; потоки 48100.00/0.00 KZT. Правила 5 основных ролей не выполнены. Только наблюдаемые переводы ≥5000 KZT.
100000001597505100,peripheral,1.0,33,0.32689844331425777,Вход/выход 1/1 контр.; потоки 26460.00/12920.00 KZT. Правила 5 основных ролей не выполнены. Только наблюдаемые переводы ≥5000 KZT.
100000001598625100,peripheral,0.5,3,0.2926936855198402,Вход/выход 1/0 контр.; потоки 25000.00/0.00 KZT. Правила 5 основных ролей не выполнены. Depth=4: продолжение неизвестно.
100000001600934100,peripheral,1.0,3,0.3946446913919246,Вход/выход 1/1 контр.; потоки 180300.00/11000.00 KZT. Правила 5 основных ролей не выполнены. Только наблюдаемые переводы ≥5000 KZT.
100000001601320100,consolidator,0.4661440816333144,11,0.4511306705792139,Вход от 2 контр.: 43500.00 KZT; выход 46200.00 KZT. Порог входа: ≥2 контр. Только наблюдаемые переводы ≥5000 KZT.
100000001609499100,consolidator,0.8539133152059154,0,0.5331976670732823,Вход от 3 контр.: 263113.00 KZT; выход 21000.00 KZT. Порог входа: ≥2 контр. Только наблюдаемые переводы ≥5000 KZT.
100000001611488100,consolidator,0.4921105875252112,4,0.4895025513766139,Вход от 2 контр.: 779300.00 KZT; выход 0.00 KZT. Порог входа: ≥2 контр. Только наблюдаемые переводы ≥5000 KZT.
100000001616816100,consolidator,0.637403651744564,8,0.6732683635727406,Вход от 5 контр.: 176195.00 KZT; выход 181326.00 KZT. Порог входа: ≥2 контр. Seed: вход неполон.
100000001632325100,peripheral,1.0,6,0.3170428887874205,Вход/выход 1/0 контр.; потоки 85600.00/0.00 KZT. Правила 5 основных ролей не выполнены. Только наблюдаемые переводы ≥5000 KZT.
100000001633685100,consolidator,0.9008158144055307,0,0.45588918421009494,Вход от 3 контр.: 45000.00 KZT; выход 0.00 KZT. Порог входа: ≥2 контр. Только наблюдаемые переводы ≥5000 KZT.
100000001637376100,peripheral,1.0,4,0.34836163357123384,Вход/выход 1/1 контр.; потоки 116700.00/234250.00 KZT. Правила 5 основных ролей не выполнены. Только наблюдаемые переводы ≥5000 KZT.
100000001639766100,peripheral,1.0,8,0.31795021059569817,Вход/выход 1/0 контр.; потоки 20000.00/0.00 KZT. Правила 5 основных ролей не выполнены. Только наблюдаемые переводы ≥5000 KZT.
100000001641789100,peripheral,1.0,8,0.3509012724620797,Вход/выход 1/0 контр.; потоки 17826.00/0.00 KZT. Правила 5 основных ролей не выполнены. Только наблюдаемые переводы ≥5000 KZT.
100000001641951100,peripheral,1.0,1,0.3094935102508439,Вход/выход 1/0 контр.; потоки 25000.00/0.00 KZT. Правила 5 основных ролей не выполнены. Только наблюдаемые переводы ≥5000 KZT.
100000001648936100,peripheral,1.0,8,0.33578313461038106,Вход/выход 1/0 контр.; потоки 92740.00/0.00 KZT. Правила 5 основных ролей не выполнены. Только наблюдаемые переводы ≥5000 KZT.
100000001650895100,peripheral,1.0,9,0.334001993552125,Вход/выход 1/1 контр.; потоки 153500.00/10000.00 KZT. Правила 5 основных ролей не выполнены. Только наблюдаемые переводы ≥5000 KZT.
100000001660397100,transit,0.530260731699917,0,0.4849592667294997,Вход/выход: 48600.00/49000.00 KZT; отношение ≈1.01. Баланс 0.991837 ≥ 0.591789. Только наблюдаемые переводы ≥5000 KZT.
100000001669260100,peripheral,0.5,3,0.3678281201192408,Вход/выход 1/0 контр.; потоки 500000.00/0.00 KZT. Правила 5 основных ролей не выполнены. Depth=4: продолжение неизвестно.
100000001674850100,consolidator,0.4993563558542516,5,0.4148441484180643,Вход от 2 контр.: 237000.00 KZT; выход 0.00 KZT. Порог входа: ≥2 контр. Только наблюдаемые переводы ≥5000 KZT.
100000001677389100,peripheral,1.0,17,0.2835268397836985,Вход/выход 1/1 контр.; потоки 11000.00/5400.00 KZT. Правила 5 основных ролей не выполнены. Только наблюдаемые переводы ≥5000 KZT.
100000001677929100,consolidator,0.8402284523942019,11,0.5545501502204574,Вход от 3 контр.: 126777.00 KZT; выход 286098.00 KZT. Порог входа: ≥2 контр. Только наблюдаемые переводы ≥5000 KZT.
100000001680944100,terminal,0.6911999054721863,20,0.45714238028394066,Вход 393000.00 KZT от 1 контр.; наблюдаемых исходящих связей 0. Порог входа ≥166819.70 KZT; depth=3<4. Только наблюдаемые переводы ≥5000 KZT.
100000001684867100,peripheral,1.0,2,0.3443536006942386,Вход/выход 1/0 контр.; потоки 30550.00/0.00 KZT. Правила 5 основных ролей не выполнены. Только наблюдаемые переводы ≥5000 KZT.
100000001686328100,peripheral,1.0,5,0.328894633776266,Вход/выход 1/0 контр.; потоки 140000.00/0.00 KZT. Правила 5 основных ролей не выполнены. Только наблюдаемые переводы ≥5000 KZT.
100000001688676100,peripheral,1.0,21,0.3273252360785496,Вход/выход 1/0 контр.; потоки 133700.00/0.00 KZT. Правила 5 основных ролей не выполнены. Только наблюдаемые переводы ≥5000 KZT.
100000001689968100,consolidator,0.5189711657404259,4,0.445223631808486,Вход от 3 контр.: 344333.75 KZT; выход 0.00 KZT. Порог входа: ≥2 контр. Только наблюдаемые переводы ≥5000 KZT.
100000001690439100,peripheral,1.0,4,0.295054160955698,Вход/выход 1/0 контр.; потоки 14200.00/0.00 KZT. Правила 5 основных ролей не выполнены. Только наблюдаемые переводы ≥5000 KZT.
100000001690558100,terminal,0.7083333333333334,21,0.47906708669311737,Вход 740000.00 KZT от 1 контр.; наблюдаемых исходящих связей 0. Порог входа ≥166819.70 KZT; depth=3<4. Только наблюдаемые переводы ≥5000 KZT.
100000001696818100,peripheral,1.0,1,0.35711768783410724,Вход/выход 1/0 контр.; потоки 53550.00/0.00 KZT. Правила 5 основных ролей не выполнены. Только наблюдаемые переводы ≥5000 KZT.
100000001697501100,distributor,0.618647684116083,18,0.5473541328098365,Выход 38 контр.: 1482606.00 KZT; вход 123700.00 KZT. Порог выхода: ≥3 контр. Только наблюдаемые переводы ≥5000 KZT.
100000001703168100,peripheral,1.0,1,0.3451262507912052,Вход/выход 1/1 контр.; потоки 45000.00/90000.00 KZT. Правила 5 основных ролей не выполнены. Только наблюдаемые переводы ≥5000 KZT.
100000001714173100,terminal,0.8589462435048003,20,0.5128060834918211,Вход 638905.00 KZT от 1 контр.; наблюдаемых исходящих связей 0. Порог входа ≥166819.70 KZT; depth=3<4. Только наблюдаемые переводы ≥5000 KZT.
100000001714413100,terminal,0.6742694142924611,4,0.4403868699972062,Вход 250172.00 KZT от 1 контр.; наблюдаемых исходящих связей 0. Порог входа ≥166819.70 KZT; depth=3<4. Только наблюдаемые переводы ≥5000 KZT.
100000001714883100,peripheral,0.5,22,0.25293369665172655,Вход/выход 1/0 контр.; потоки 6900.00/0.00 KZT. Правила 5 основных ролей не выполнены. Depth=4: продолжение неизвестно.
100000001716579100,peripheral,1.0,7,0.32769542400800333,Вход/выход 1/0 контр.; потоки 13916.00/0.00 KZT. Правила 5 основных ролей не выполнены. Только наблюдаемые переводы ≥5000 KZT.
100000001724740100,peripheral,0.5,5,0.3446864483583041,Вход/выход 1/0 контр.; потоки 185000.00/0.00 KZT. Правила 5 основных ролей не выполнены. Depth=4: продолжение неизвестно.
100000001726614100,peripheral,1.0,0,0.32715468694583055,Вход/выход 1/0 контр.; потоки 138717.00/0.00 KZT. Правила 5 основных ролей не выполнены. Только наблюдаемые переводы ≥5000 KZT.
100000001732159100,consolidator,0.4908737795931453,31,0.6636206257396012,Вход от 2 контр.: 2378100.00 KZT; выход 1505966.00 KZT. Порог входа: ≥2 контр. Seed: вход неполон.
100000001733216100,peripheral,0.5,0,0.30930224159238534,Вход/выход 1/0 контр.; потоки 60000.00/0.00 KZT. Правила 5 основных ролей не выполнены. Depth=4: продолжение неизвестно.
100000001733687100,terminal,0.6810779464870981,5,0.4464237946469283,Вход 300000.00 KZT от 1 контр.; наблюдаемых исходящих связей 0. Порог входа ≥166819.70 KZT; depth=3<4. Только наблюдаемые переводы ≥5000 KZT.
100000001737722100,peripheral,1.0,1,0.32814202380372914,Вход/выход 1/0 контр.; потоки 60460.00/0.00 KZT. Правила 5 основных ролей не выполнены. Только наблюдаемые переводы ≥5000 KZT.
100000001740277100,peripheral,1.0,11,0.2852627666287466,Вход/выход 1/1 контр.; потоки 8700.00/5000.00 KZT. Правила 5 основных ролей не выполнены. Только наблюдаемые переводы ≥5000 KZT.
100000001745217100,peripheral,1.0,0,0.30487298389733103,Вход/выход 1/0 контр.; потоки 50000.00/0.00 KZT. Правила 5 основных ролей не выполнены. Только наблюдаемые переводы ≥5000 KZT.
100000001746925100,peripheral,1.0,1,0.38275034242887207,Вход/выход 1/1 контр.; потоки 65250.00/5000.00 KZT. Правила 5 основных ролей не выполнены. Только наблюдаемые переводы ≥5000 KZT.
100000001782980100,peripheral,1.0,75,0.3910289817023229,Вход/выход 1/1 контр.; потоки 50000.00/596200.00 KZT. Правила 5 основных ролей не выполнены. Только наблюдаемые переводы ≥5000 KZT.
100000001784279100,peripheral,1.0,0,0.2976208604757284,Вход/выход 1/0 контр.; потоки 35674.00/0.00 KZT. Правила 5 основных ролей не выполнены. Только наблюдаемые переводы ≥5000 KZT.
100000001785161100,consolidator,0.7894572020387916,30,0.41618104362109365,Вход от 2 контр.: 30000.00 KZT; выход 0.00 KZT. Порог входа: ≥2 контр. Только наблюдаемые переводы ≥5000 KZT.
100000001788284100,distributor,0.7334481789965781,27,0.46098385152333604,Выход 5 контр.: 296700.00 KZT; вход 8000.00 KZT. Порог выхода: ≥3 контр. Только наблюдаемые переводы ≥5000 KZT.
100000001805543100,peripheral,1.0,2,0.35854458261826594,Вход/выход 1/0 контр.; потоки 59000.00/0.00 KZT. Правила 5 основных ролей не выполнены. Только наблюдаемые переводы ≥5000 KZT.
100000001808684100,transit,0.6692143391709087,8,0.4781470309750179,Вход/выход: 48400.00/37700.00 KZT; отношение ≈0.78. Баланс 0.778926 ≥ 0.591789. Только наблюдаемые переводы ≥5000 KZT.
100000001816678100,peripheral,0.5,1,0.30049455977066386,Вход/выход 1/0 контр.; потоки 60000.00/0.00 KZT. Правила 5 основных ролей не выполнены. Depth=4: продолжение неизвестно.
100000001818442100,peripheral,1.0,9,0.30230949056886125,Вход/выход 1/0 контр.; потоки 42215.00/0.00 KZT. Правила 5 основных ролей не выполнены. Только наблюдаемые переводы ≥5000 KZT.
100000001819396100,peripheral,1.0,28,0.33359119873612314,Вход/выход 1/0 контр.; потоки 166080.00/0.00 KZT. Правила 5 основных ролей не выполнены. Только наблюдаемые переводы ≥5000 KZT.
100000001822623100,terminal,0.6661219807238119,25,0.4539160473252768,Вход 201300.00 KZT от 1 контр.; наблюдаемых исходящих связей 0. Порог входа ≥166819.70 KZT; depth=2<4. Только наблюдаемые переводы ≥5000 KZT.
100000001822650100,peripheral,0.5,5,0.31335464805277446,Вход/выход 1/0 контр.; потоки 112000.00/0.00 KZT. Правила 5 основных ролей не выполнены. Depth=4: продолжение неизвестно.
100000001825934100,peripheral,1.0,38,0.34334307412281895,Вход/выход 1/1 контр.; потоки 40000.00/97000.00 KZT. Правила 5 основных ролей не выполнены. Только наблюдаемые переводы ≥5000 KZT.
100000001831496100,peripheral,1.0,10,0.3573125724053775,Вход/выход 1/1 контр.; потоки 25000.00/373000.00 KZT. Правила 5 основных ролей не выполнены. Только наблюдаемые переводы ≥5000 KZT.
100000001835625100,peripheral,1.0,4,0.3133029597150021,Вход/выход 1/0 контр.; потоки 75130.00/0.00 KZT. Правила 5 основных ролей не выполнены. Только наблюдаемые переводы ≥5000 KZT.
100000001837130100,terminal,0.6604211703015869,0,0.43114754661608856,Вход 172900.00 KZT от 1 контр.; наблюдаемых исходящих связей 0. Порог входа ≥166819.70 KZT; depth=3<4. Только наблюдаемые переводы ≥5000 KZT.
100000001845505100,peripheral,0.5,3,0.30265562618293473,Вход/выход 1/0 контр.; потоки 20000.00/0.00 KZT. Правила 5 основных ролей не выполнены. Depth=4: продолжение неизвестно.
100000001848426100,peripheral,1.0,8,0.3364573634806259,Вход/выход 1/0 контр.; потоки 95530.00/0.00 KZT. Правила 5 основных ролей не выполнены. Только наблюдаемые переводы ≥5000 KZT.
100000001851289100,peripheral,1.0,2,0.3721096098970845,Вход/выход 1/0 контр.; потоки 109510.00/0.00 KZT. Правила 5 основных ролей не выполнены. Только наблюдаемые переводы ≥5000 KZT.
100000001852140100,peripheral,1.0,76,0.34018805212328374,Вход/выход 1/0 контр.; потоки 30000.00/0.00 KZT. Правила 5 основных ролей не выполнены. Только наблюдаемые переводы ≥5000 KZT.
100000001853812100,peripheral,1.0,3,0.31286747418606353,Вход/выход 1/0 контр.; потоки 70000.00/0.00 KZT. Правила 5 основных ролей не выполнены. Только наблюдаемые переводы ≥5000 KZT.
100000001857829100,distributor,0.528376403605858,3,0.6879040399535454,Выход 16 контр.: 2390993.00 KZT; вход 888535.00 KZT. Порог выхода: ≥3 контр. Только наблюдаемые переводы ≥5000 KZT.
100000001860090100,peripheral,1.0,8,0.2640787289823345,Вход/выход 1/0 контр.; потоки 5000.00/0.00 KZT. Правила 5 основных ролей не выполнены. Только наблюдаемые переводы ≥5000 KZT.
100000001870116100,peripheral,1.0,7,0.33940860681844887,Вход/выход 1/0 контр.; потоки 24000.00/0.00 KZT. Правила 5 основных ролей не выполнены. Только наблюдаемые переводы ≥5000 KZT.
100000001872484100,distributor,0.6741577508652573,56,0.5876401013529601,Выход 3 контр.: 514580.00 KZT; вход 871400.00 KZT. Порог выхода: ≥3 контр. Только наблюдаемые переводы ≥5000 KZT.
100000001875167100,terminal,0.7570802083934297,4,0.4842860128261458,Вход 1000000.00 KZT от 1 контр.; наблюдаемых исходящих связей 0. Порог входа ≥166819.70 KZT; depth=3<4. Только наблюдаемые переводы ≥5000 KZT.
100000001875239100,consolidator,0.5145833333333333,5,0.4421779772112594,Вход от 3 контр.: 712000.00 KZT; выход 0.00 KZT. Порог входа: ≥2 контр. Только наблюдаемые переводы ≥5000 KZT.
100000001884825100,consolidator,0.5162974557562,5,0.43530133014082817,Вход от 3 контр.: 495000.00 KZT; выход 0.00 KZT. Порог входа: ≥2 контр. Только наблюдаемые переводы ≥5000 KZT.
100000001887715100,consolidator,0.9160964047443682,20,0.5554828551429891,Вход от 3 контр.: 1331500.00 KZT; выход 750000.00 KZT. Порог входа: ≥2 контр. Только наблюдаемые переводы ≥5000 KZT.
100000001893287100,peripheral,1.0,8,0.36026250257096265,Вход/выход 1/1 контр.; потоки 18000.00/152700.00 KZT. Правила 5 основных ролей не выполнены. Только наблюдаемые переводы ≥5000 KZT.
100000001899164100,consolidator,0.6439871870655007,12,0.5724356318912505,Вход от 4 контр.: 291675.00 KZT; выход 76500.00 KZT. Порог входа: ≥2 контр. Только наблюдаемые переводы ≥5000 KZT.
100000001904863100,terminal,0.7002262353366971,15,0.4924292187411308,Вход 500000.00 KZT от 1 контр.; наблюдаемых исходящих связей 0. Порог входа ≥166819.70 KZT; depth=2<4. Только наблюдаемые переводы ≥5000 KZT.
100000001924185100,consolidator,0.8197461906197694,10,0.511204988444901,Вход от 2 контр.: 151000.00 KZT; выход 0.00 KZT. Порог входа: ≥2 контр. Только наблюдаемые переводы ≥5000 KZT.
100000001927599100,consolidator,0.5003153394621982,9,0.41127075916911693,Вход от 2 контр.: 188000.00 KZT; выход 0.00 KZT. Порог входа: ≥2 контр. Только наблюдаемые переводы ≥5000 KZT.
100000001929088100,consolidator,0.4970964225374651,11,0.48385534444088724,Вход от 2 контр.: 396010.00 KZT; выход 0.00 KZT. Порог входа: ≥2 контр. Только наблюдаемые переводы ≥5000 KZT.
100000001934935100,peripheral,1.0,0,0.323398819335574,Вход/выход 1/0 контр.; потоки 118935.00/0.00 KZT. Правила 5 основных ролей не выполнены. Только наблюдаемые переводы ≥5000 KZT.
100000001937767100,distributor,0.7216515956088514,15,0.5985037879177174,Выход 4 контр.: 1933000.00 KZT; вход 53000.00 KZT. Порог выхода: ≥3 контр. Только наблюдаемые переводы ≥5000 KZT.
100000001952325100,peripheral,1.0,7,0.3653146447908832,Вход/выход 1/0 контр.; потоки 77888.00/0.00 KZT. Правила 5 основных ролей не выполнены. Только наблюдаемые переводы ≥5000 KZT.
100000001953577100,peripheral,1.0,7,0.33014230869670613,Вход/выход 1/0 контр.; потоки 15600.00/0.00 KZT. Правила 5 основных ролей не выполнены. Только наблюдаемые переводы ≥5000 KZT.
100000001954534100,peripheral,1.0,0,0.3153553192072067,Вход/выход 1/1 контр.; потоки 13000.00/40000.00 KZT. Правила 5 основных ролей не выполнены. Только наблюдаемые переводы ≥5000 KZT.
100000001954903100,peripheral,1.0,10,0.30936597524642445,Вход/выход 1/0 контр.; потоки 27118.00/0.00 KZT. Правила 5 основных ролей не выполнены. Только наблюдаемые переводы ≥5000 KZT.
100000001957974100,peripheral,0.5,15,0.34626978916378176,Вход/выход 1/0 контр.; потоки 500000.00/0.00 KZT. Правила 5 основных ролей не выполнены. Depth=4: продолжение неизвестно.
100000001960517100,terminal,0.6658791173786048,8,0.4902861375763522,Вход 200000.00 KZT от 1 контр.; наблюдаемых исходящих связей 0. Порог входа ≥166819.70 KZT; depth=1<4. Только наблюдаемые переводы ≥5000 KZT.
100000001961048100,peripheral,1.0,30,0.34605022081388404,Вход/выход 1/0 контр.; потоки 150000.00/0.00 KZT. Правила 5 основных ролей не выполнены. Только наблюдаемые переводы ≥5000 KZT.
100000001965374100,consolidator,0.5393622316750957,26,0.535071001417931,Вход от 2 контр.: 1759720.00 KZT; выход 3082100.00 KZT. Порог входа: ≥2 контр. Только наблюдаемые переводы ≥5000 KZT.
100000001969496100,peripheral,1.0,15,0.28839560991179447,Вход/выход 1/0 контр.; потоки 22740.00/0.00 KZT. Правила 5 основных ролей не выполнены. Только наблюдаемые переводы ≥5000 KZT.
100000001985793100,terminal,0.6936905991367565,8,0.4780212066917696,Вход 420000.00 KZT от 1 контр.; наблюдаемых исходящих связей 0. Порог входа ≥166819.70 KZT; depth=2<4. Только наблюдаемые переводы ≥5000 KZT.
100000001987030100,consolidator,0.5227544749440522,16,0.4579070887590431,Вход от 2 контр.: 30864.00 KZT; выход 19000.00 KZT. Порог входа: ≥2 контр. Только наблюдаемые переводы ≥5000 KZT.
100000001991973100,peripheral,0.5,22,0.2769311295516737,Вход/выход 1/0 контр.; потоки 20800.00/0.00 KZT. Правила 5 основных ролей не выполнены. Depth=4: продолжение неизвестно.
100000002015633100,peripheral,1.0,4,0.31831549618703636,Вход/выход 1/0 контр.; потоки 94970.00/0.00 KZT. Правила 5 основных ролей не выполнены. Только наблюдаемые переводы ≥5000 KZT.
100000002028158100,peripheral,1.0,16,0.3144729388880827,Вход/выход 1/0 контр.; потоки 34800.00/0.00 KZT. Правила 5 основных ролей не выполнены. Только наблюдаемые переводы ≥5000 KZT.
100000002032323100,peripheral,1.0,5,0.3871538834997058,Вход/выход 1/1 контр.; потоки 300000.00/1050000.00 KZT. Правила 5 основных ролей не выполнены. Только наблюдаемые переводы ≥5000 KZT.
100000002087788100,peripheral,1.0,4,0.36938235011014775,Вход/выход 1/0 контр.; потоки 100500.00/0.00 KZT. Правила 5 основных ролей не выполнены. Только наблюдаемые переводы ≥5000 KZT.
100000002095257100,peripheral,1.0,12,0.276966600675399,Вход/выход 1/0 контр.; потоки 8500.00/0.00 KZT. Правила 5 основных ролей не выполнены. Только наблюдаемые переводы ≥5000 KZT.
100000002103448100,peripheral,1.0,6,0.29182507020529064,Вход/выход 1/0 контр.; потоки 27000.00/0.00 KZT. Правила 5 основных ролей не выполнены. Только наблюдаемые переводы ≥5000 KZT.
100000002109656100,terminal,0.7002262353366971,13,0.4603334776002188,Вход 500000.00 KZT от 1 контр.; наблюдаемых исходящих связей 0. Порог входа ≥166819.70 KZT; depth=3<4. Только наблюдаемые переводы ≥5000 KZT.
100000002116705100,peripheral,1.0,6,0.2826454146357092,Вход/выход 1/0 контр.; потоки 17600.00/0.00 KZT. Правила 5 основных ролей не выполнены. Только наблюдаемые переводы ≥5000 KZT.
100000002119762100,peripheral,0.5,4,0.3255286881479536,Вход/выход 1/0 контр.; потоки 77000.00/0.00 KZT. Правила 5 основных ролей не выполнены. Depth=4: продолжение неизвестно.
100000002121357100,consolidator,0.7629222956646643,5,0.46713960075470035,Вход от 2 контр.: 255300.00 KZT; выход 113000.00 KZT. Порог входа: ≥2 контр. Только наблюдаемые переводы ≥5000 KZT.
100000002126791100,peripheral,0.5,5,0.3892914503734909,Вход/выход 1/0 контр.; потоки 1313000.00/0.00 KZT. Правила 5 основных ролей не выполнены. Depth=4: продолжение неизвестно.
100000002130400100,peripheral,0.5,38,0.26331825837939155,Вход/выход 1/0 контр.; потоки 10000.00/0.00 KZT. Правила 5 основных ролей не выполнены. Depth=4: продолжение неизвестно.
100000002132479100,transit,0.5787771730901351,15,0.43668570688243585,Вход/выход: 30000.00/20000.00 KZT; отношение ≈0.67. Баланс 0.666667 ≥ 0.591789. Только наблюдаемые переводы ≥5000 KZT.
100000002152857100,distributor,0.7461707077293989,8,0.53984961690806,Выход 5 контр.: 1230000.00 KZT; вход 105000.00 KZT. Порог выхода: ≥3 контр. Только наблюдаемые переводы ≥5000 KZT.
100000002156381100,consolidator,0.8068432323304865,34,0.5202624751205254,Вход от 2 контр.: 61000.00 KZT; выход 21800.00 KZT. Порог входа: ≥2 контр. Только наблюдаемые переводы ≥5000 KZT.
100000002158488100,peripheral,1.0,7,0.34545286013253607,Вход/выход 1/0 контр.; потоки 31723.00/0.00 KZT. Правила 5 основных ролей не выполнены. Только наблюдаемые переводы ≥5000 KZT.
100000002170580100,peripheral,1.0,10,0.35078928783825325,Вход/выход 1/0 контр.; потоки 150000.00/0.00 KZT. Правила 5 основных ролей не выполнены. Только наблюдаемые переводы ≥5000 KZT.
100000002173070100,peripheral,1.0,2,0.31078742031187767,Вход/выход 1/0 контр.; потоки 30000.00/0.00 KZT. Правила 5 основных ролей не выполнены. Только наблюдаемые переводы ≥5000 KZT.
100000002173161100,consolidator,0.5065584247258815,2,0.532084131909369,Вход от 3 контр.: 1427500.00 KZT; выход 0.00 KZT. Порог входа: ≥2 контр. Только наблюдаемые переводы ≥5000 KZT.
100000002175422100,consolidator,0.49318173214624506,32,0.535360286294367,Вход от 3 контр.: 68500.00 KZT; выход 1621188.00 KZT. Порог входа: ≥2 контр. Только наблюдаемые переводы ≥5000 KZT.
100000002182176100,peripheral,1.0,0,0.3517365465964147,Вход/выход 1/0 контр.; потоки 42465.00/0.00 KZT. Правила 5 основных ролей не выполнены. Только наблюдаемые переводы ≥5000 KZT.
100000002184107100,peripheral,1.0,36,0.260292885303558,Вход/выход 1/0 контр.; потоки 6066.00/0.00 KZT. Правила 5 основных ролей не выполнены. Только наблюдаемые переводы ≥5000 KZT.
100000002185328100,distributor,0.6455335580276096,24,0.4214064441243254,Выход 4 контр.: 55000.00 KZT; вход 15000.00 KZT. Порог выхода: ≥3 контр. Только наблюдаемые переводы ≥5000 KZT.
100000002188586100,peripheral,0.5,9,0.29013166845037075,Вход/выход 1/0 контр.; потоки 38310.00/0.00 KZT. Правила 5 основных ролей не выполнены. Depth=4: продолжение неизвестно.
100000002188829100,terminal,0.6918617004440469,1,0.5094088715009466,Вход 400000.00 KZT от 1 контр.; наблюдаемых исходящих связей 0. Порог входа ≥166819.70 KZT; depth=1<4. Только наблюдаемые переводы ≥5000 KZT.
100000002193259100,transit,0.47515178565286137,12,0.46955362165484077,Вход/выход: 48000.00/58000.00 KZT; отношение ≈1.21. Баланс 0.827586 ≥ 0.591789. Только наблюдаемые переводы ≥5000 KZT.
100000002194320100,peripheral,0.5,58,0.34857010133821764,Вход/выход 1/0 контр.; потоки 275000.00/0.00 KZT. Правила 5 основных ролей не выполнены. Depth=4: продолжение неизвестно.
100000002194329100,peripheral,1.0,0,0.2900900465898083,Вход/выход 1/0 контр.; потоки 25170.00/0.00 KZT. Правила 5 основных ролей не выполнены. Только наблюдаемые переводы ≥5000 KZT.
100000002199091100,peripheral,1.0,18,0.32867107795056694,Вход/выход 1/0 контр.; потоки 65000.00/0.00 KZT. Правила 5 основных ролей не выполнены. Только наблюдаемые переводы ≥5000 KZT.
100000002205022100,distributor,0.6322557853682406,55,0.4978520945266363,Выход 3 контр.: 518000.00 KZT; вход 7100.00 KZT. Порог выхода: ≥3 контр. Только наблюдаемые переводы ≥5000 KZT.
100000002208836100,peripheral,0.5,4,0.3108788967550403,Вход/выход 1/0 контр.; потоки 90000.00/0.00 KZT. Правила 5 основных ролей не выполнены. Depth=4: продолжение неизвестно.
100000002211413100,peripheral,1.0,7,0.34880576549423775,Вход/выход 1/0 контр.; потоки 37000.00/0.00 KZT. Правила 5 основных ролей не выполнены. Только наблюдаемые переводы ≥5000 KZT.
100000002212494100,peripheral,1.0,32,0.3354400699203265,Вход/выход 1/0 контр.; потоки 160000.00/0.00 KZT. Правила 5 основных ролей не выполнены. Только наблюдаемые переводы ≥5000 KZT.
100000002214207100,peripheral,0.5,38,0.3448475222519173,Вход/выход 1/0 контр.; потоки 97000.00/0.00 KZT. Правила 5 основных ролей не выполнены. Depth=4: продолжение неизвестно.
100000002214301100,peripheral,1.0,0,0.363548907259077,Вход/выход 1/1 контр.; потоки 21438.00/8000.00 KZT. Правила 5 основных ролей не выполнены. Только наблюдаемые переводы ≥5000 KZT.
100000002214383100,peripheral,0.5,77,0.34716309826250846,Вход/выход 1/0 контр.; потоки 213000.00/0.00 KZT. Правила 5 основных ролей не выполнены. Depth=4: продолжение неизвестно.
100000002214570100,peripheral,1.0,7,0.341527117923187,Вход/выход 1/0 контр.; потоки 26471.00/0.00 KZT. Правила 5 основных ролей не выполнены. Только наблюдаемые переводы ≥5000 KZT.
100000002214664100,peripheral,1.0,78,0.323963694615804,Вход/выход 1/1 контр.; потоки 7950.00/76950.00 KZT. Правила 5 основных ролей не выполнены. Только наблюдаемые переводы ≥5000 KZT.
100000002216999100,peripheral,1.0,6,0.28900170372442135,Вход/выход 1/0 контр.; потоки 23677.00/0.00 KZT. Правила 5 основных ролей не выполнены. Только наблюдаемые переводы ≥5000 KZT.
100000002217161100,distributor,0.5110440983855149,36,0.543341003279716,Выход 7 контр.: 995132.00 KZT; вход 404750.00 KZT. Порог выхода: ≥3 контр. Только наблюдаемые переводы ≥5000 KZT.
100000002217806100,peripheral,0.5,40,0.31249281028844456,Вход/выход 1/0 контр.; потоки 55000.00/0.00 KZT. Правила 5 основных ролей не выполнены. Depth=4: продолжение неизвестно.
100000002224132100,consolidator,0.5858834386138826,26,0.542049182458749,Вход от 5 контр.: 3951020.00 KZT; выход 12115000.00 KZT. Порог входа: ≥2 контр. Только наблюдаемые переводы ≥5000 KZT.
100000002227960100,peripheral,0.5,24,0.26169130051855305,Вход/выход 1/0 контр.; потоки 10000.00/0.00 KZT. Правила 5 основных ролей не выполнены. Depth=4: продолжение неизвестно.
100000002227989100,peripheral,0.5,24,0.2848826514401508,Вход/выход 1/0 контр.; потоки 20000.00/0.00 KZT. Правила 5 основных ролей не выполнены. Depth=4: продолжение неизвестно.
100000002229615100,peripheral,0.5,24,0.3186903846855294,Вход/выход 1/0 контр.; потоки 25000.00/0.00 KZT. Правила 5 основных ролей не выполнены. Depth=4: продолжение неизвестно.
100000002231144100,peripheral,0.5,24,0.27635506431341733,Вход/выход 1/0 контр.; потоки 15000.00/0.00 KZT. Правила 5 основных ролей не выполнены. Depth=4: продолжение неизвестно.
100000002232266100,peripheral,1.0,3,0.30306898335911586,Вход/выход 1/0 контр.; потоки 45000.00/0.00 KZT. Правила 5 основных ролей не выполнены. Только наблюдаемые переводы ≥5000 KZT.
100000002236528100,peripheral,1.0,11,0.3122914146811034,Вход/выход 1/0 контр.; потоки 66000.00/0.00 KZT. Правила 5 основных ролей не выполнены. Только наблюдаемые переводы ≥5000 KZT.
100000002241986100,distributor,0.8118419325279302,41,0.5147062057229914,Выход 6 контр.: 3077000.00 KZT; вход 280000.00 KZT. Порог выхода: ≥3 контр. Только наблюдаемые переводы ≥5000 KZT.
100000002242066100,peripheral,0.5,36,0.3206346379423085,Вход/выход 1/0 контр.; потоки 60000.00/0.00 KZT. Правила 5 основных ролей не выполнены. Depth=4: продолжение неизвестно.
100000002242455100,peripheral,0.5,4,0.3333073569077847,Вход/выход 1/0 контр.; потоки 110000.00/0.00 KZT. Правила 5 основных ролей не выполнены. Depth=4: продолжение неизвестно.
100000002243354100,peripheral,1.0,7,0.3364043528580507,Вход/выход 1/0 контр.; потоки 20879.00/0.00 KZT. Правила 5 основных ролей не выполнены. Только наблюдаемые переводы ≥5000 KZT.
100000002255058100,terminal,0.7483303865759409,1,0.4776741225699037,Вход 491500.00 KZT от 1 контр.; наблюдаемых исходящих связей 0. Порог входа ≥166819.70 KZT; depth=3<4. Только наблюдаемые переводы ≥5000 KZT.
100000002257794100,peripheral,1.0,74,0.3798572597890515,Вход/выход 1/0 контр.; потоки 154000.00/0.00 KZT. Правила 5 основных ролей не выполнены. Только наблюдаемые переводы ≥5000 KZT.
100000002258492100,peripheral,0.5,23,0.28109466140934114,Вход/выход 1/0 контр.; потоки 9000.00/0.00 KZT. Правила 5 основных ролей не выполнены. Depth=4: продолжение неизвестно.
100000002267998100,consolidator,0.5028226565825884,25,0.5366284896375932,Вход от 2 контр.: 420000.00 KZT; выход 1115000.00 KZT. Порог входа: ≥2 контр. Только наблюдаемые переводы ≥5000 KZT.
100000002284426100,peripheral,1.0,4,0.31716453835691827,Вход/выход 1/0 контр.; потоки 90000.00/0.00 KZT. Правила 5 основных ролей не выполнены. Только наблюдаемые переводы ≥5000 KZT.
100000002289937100,peripheral,1.0,7,0.3354783953384263,Вход/выход 1/0 контр.; потоки 20000.00/0.00 KZT. Правила 5 основных ролей не выполнены. Только наблюдаемые переводы ≥5000 KZT.
100000002293421100,transit,0.47186675657631305,0,0.4679881094007584,Вход/выход: 41000.00/47000.00 KZT; отношение ≈1.15. Баланс 0.87234 ≥ 0.591789. Только наблюдаемые переводы ≥5000 KZT.
100000002299948100,peripheral,1.0,33,0.27947282040257215,Вход/выход 1/0 контр.; потоки 6750.00/0.00 KZT. Правила 5 основных ролей не выполнены. Только наблюдаемые переводы ≥5000 KZT.
100000002301828100,peripheral,1.0,17,0.3038203398495255,Вход/выход 1/0 контр.; потоки 46977.00/0.00 KZT. Правила 5 основных ролей не выполнены. Только наблюдаемые переводы ≥5000 KZT.
100000002304943100,peripheral,0.5,24,0.2708860656833051,Вход/выход 1/0 контр.; потоки 15000.00/0.00 KZT. Правила 5 основных ролей не выполнены. Depth=4: продолжение неизвестно.
100000002305007100,peripheral,1.0,6,0.3076560106308773,Вход/выход 1/0 контр.; потоки 56000.00/0.00 KZT. Правила 5 основных ролей не выполнены. Только наблюдаемые переводы ≥5000 KZT.
100000002305477100,peripheral,0.5,24,0.2775907768505394,Вход/выход 1/0 контр.; потоки 20000.00/0.00 KZT. Правила 5 основных ролей не выполнены. Depth=4: продолжение неизвестно.
100000002306369100,distributor,0.7624596052547139,1,0.5462115450041736,Выход 6 контр.: 260900.00 KZT; вход 73166.00 KZT. Порог выхода: ≥3 контр. Только наблюдаемые переводы ≥5000 KZT.
100000002308091100,terminal,0.6633036359678138,13,0.4565864246491395,Вход 186720.00 KZT от 1 контр.; наблюдаемых исходящих связей 0. Порог входа ≥166819.70 KZT; depth=3<4. Только наблюдаемые переводы ≥5000 KZT.
100000002320495100,peripheral,0.5,17,0.2892856566604811,Вход/выход 1/0 контр.; потоки 13526.27/0.00 KZT. Правила 5 основных ролей не выполнены. Depth=4: продолжение неизвестно.
100000002324543100,peripheral,1.0,19,0.34410768638000283,Вход/выход 1/0 контр.; потоки 30202.00/0.00 KZT. Правила 5 основных ролей не выполнены. Только наблюдаемые переводы ≥5000 KZT.
100000002335358100,peripheral,1.0,2,0.37226320807277435,Вход/выход 1/0 контр.; потоки 140000.00/0.00 KZT. Правила 5 основных ролей не выполнены. Только наблюдаемые переводы ≥5000 KZT.
100000002340562100,peripheral,1.0,11,0.33661827206268446,Вход/выход 1/0 контр.; потоки 36650.00/0.00 KZT. Правила 5 основных ролей не выполнены. Только наблюдаемые переводы ≥5000 KZT.
100000002343825100,consolidator,0.8753578775969666,5,0.49076746568387514,Вход от 3 контр.: 350000.00 KZT; выход 89800.00 KZT. Порог входа: ≥2 контр. Только наблюдаемые переводы ≥5000 KZT.
100000002346166100,peripheral,1.0,6,0.25973126645259054,Вход/выход 1/0 контр.; потоки 6000.00/0.00 KZT. Правила 5 основных ролей не выполнены. Только наблюдаемые переводы ≥5000 KZT.
100000002356167100,peripheral,1.0,4,0.349907289831325,Вход/выход 1/2 контр.; потоки 300000.00/29500.00 KZT. Правила 5 основных ролей не выполнены. Только наблюдаемые переводы ≥5000 KZT.
100000002369443100,peripheral,1.0,6,0.3051757333502315,Вход/выход 1/0 контр.; потоки 50000.00/0.00 KZT. Правила 5 основных ролей не выполнены. Только наблюдаемые переводы ≥5000 KZT.
100000002369454100,peripheral,0.5,3,0.2926936855198402,Вход/выход 1/0 контр.; потоки 25000.00/0.00 KZT. Правила 5 основных ролей не выполнены. Depth=4: продолжение неизвестно.
100000002369510100,peripheral,1.0,6,0.2987147440043374,Вход/выход 1/0 контр.; потоки 37150.00/0.00 KZT. Правила 5 основных ролей не выполнены. Только наблюдаемые переводы ≥5000 KZT.
100000002369874100,consolidator,0.5106215528227971,5,0.4423586242555475,Вход от 4 контр.: 600000.00 KZT; выход 0.00 KZT. Порог входа: ≥2 контр. Только наблюдаемые переводы ≥5000 KZT.
100000002371751100,transit,0.6990658118803913,63,0.5276327882075535,Вход/выход: 200000.00/250000.00 KZT; отношение ≈1.25. Баланс 0.8 ≥ 0.591789. Только наблюдаемые переводы ≥5000 KZT.
100000002371892100,peripheral,0.5,51,0.29357399161305187,Вход/выход 1/0 контр.; потоки 43830.00/0.00 KZT. Правила 5 основных ролей не выполнены. Depth=4: продолжение неизвестно.
100000002373144100,peripheral,1.0,0,0.310047334012758,Вход/выход 1/1 контр.; потоки 46468.00/10764.00 KZT. Правила 5 основных ролей не выполнены. Только наблюдаемые переводы ≥5000 KZT.
100000002373386100,peripheral,1.0,6,0.289292714231175,Вход/выход 1/0 контр.; потоки 24000.00/0.00 KZT. Правила 5 основных ролей не выполнены. Только наблюдаемые переводы ≥5000 KZT.
100000002380341100,peripheral,1.0,0,0.3095708354194394,Вход/выход 1/0 контр.; потоки 57566.40/0.00 KZT. Правила 5 основных ролей не выполнены. Только наблюдаемые переводы ≥5000 KZT.
100000002391278100,peripheral,1.0,8,0.3252727890758361,Вход/выход 1/1 контр.; потоки 30000.00/52700.00 KZT. Правила 5 основных ролей не выполнены. Только наблюдаемые переводы ≥5000 KZT.
100000002394199100,peripheral,1.0,11,0.4076682379860581,Вход/выход 1/1 контр.; потоки 277398.00/76777.00 KZT. Правила 5 основных ролей не выполнены. Только наблюдаемые переводы ≥5000 KZT.
100000002398779100,consolidator,0.9857142857142858,0,0.6086340567028525,Вход от 13 контр.: 1095690.00 KZT; выход 66000.00 KZT. Порог входа: ≥2 контр. Только наблюдаемые переводы ≥5000 KZT.
100000002404112100,peripheral,0.5,28,0.302321995703794,Вход/выход 1/0 контр.; потоки 60000.00/0.00 KZT. Правила 5 основных ролей не выполнены. Depth=4: продолжение неизвестно.
100000002432143100,peripheral,1.0,1,0.3358835121371076,Вход/выход 1/0 контр.; потоки 81310.00/0.00 KZT. Правила 5 основных ролей не выполнены. Только наблюдаемые переводы ≥5000 KZT.
100000002433697100,transit,0.7002381652973566,4,0.4454012460738151,Вход/выход: 130000.00/110000.00 KZT; отношение ≈0.85. Баланс 0.846154 ≥ 0.591789. Только наблюдаемые переводы ≥5000 KZT.
100000002435265100,peripheral,1.0,0,0.32577216758021377,Вход/выход 1/0 контр.; потоки 132628.00/0.00 KZT. Правила 5 основных ролей не выполнены. Только наблюдаемые переводы ≥5000 KZT.
100000002443664100,consolidator,0.5154098270976946,13,0.4714907246757647,Вход от 3 контр.: 556880.00 KZT; выход 0.00 KZT. Порог входа: ≥2 контр. Только наблюдаемые переводы ≥5000 KZT.
100000002445750100,peripheral,1.0,0,0.356045584977402,Вход/выход 1/1 контр.; потоки 70000.00/10000.00 KZT. Правила 5 основных ролей не выполнены. Только наблюдаемые переводы ≥5000 KZT.
100000002448088100,consolidator,0.5665054154249863,24,0.4137011366176481,Вход от 3 контр.: 20000.00 KZT; выход 25000.00 KZT. Порог входа: ≥2 контр. Только наблюдаемые переводы ≥5000 KZT.
100000002454724100,peripheral,1.0,30,0.34191525957037994,Вход/выход 1/0 контр.; потоки 125000.00/0.00 KZT. Правила 5 основных ролей не выполнены. Только наблюдаемые переводы ≥5000 KZT.
100000002457464100,peripheral,1.0,1,0.3305073686942007,Вход/выход 1/0 контр.; потоки 66647.00/0.00 KZT. Правила 5 основных ролей не выполнены. Только наблюдаемые переводы ≥5000 KZT.
100000002459093100,peripheral,1.0,8,0.3813515268437618,Вход/выход 1/1 контр.; потоки 500000.00/55000.00 KZT. Правила 5 основных ролей не выполнены. Только наблюдаемые переводы ≥5000 KZT.
100000002459163100,peripheral,1.0,56,0.30906950923051923,Вход/выход 1/0 контр.; потоки 20180.00/0.00 KZT. Правила 5 основных ролей не выполнены. Только наблюдаемые переводы ≥5000 KZT.
100000002459164100,peripheral,1.0,0,0.30812971265125644,Вход/выход 1/0 контр.; потоки 20000.00/0.00 KZT. Правила 5 основных ролей не выполнены. Только наблюдаемые переводы ≥5000 KZT.
100000002459240100,peripheral,1.0,4,0.3281398016713907,Вход/выход 1/0 контр.; потоки 150000.00/0.00 KZT. Правила 5 основных ролей не выполнены. Только наблюдаемые переводы ≥5000 KZT.
100000002459832100,consolidator,0.4949659212292184,3,0.4490363062598943,Вход от 2 контр.: 880606.00 KZT; выход 0.00 KZT. Порог входа: ≥2 контр. Только наблюдаемые переводы ≥5000 KZT.
100000002462183100,peripheral,1.0,46,0.37917051147212644,Вход/выход 1/0 контр.; потоки 107500.00/0.00 KZT. Правила 5 основных ролей не выполнены. Только наблюдаемые переводы ≥5000 KZT.
100000002469065100,terminal,0.6658791173786048,2,0.4533114111918224,Вход 200000.00 KZT от 1 контр.; наблюдаемых исходящих связей 0. Порог входа ≥166819.70 KZT; depth=2<4. Только наблюдаемые переводы ≥5000 KZT.
100000002472632100,consolidator,0.7963620332640177,27,0.5376861537424834,Вход от 2 контр.: 502400.00 KZT; выход 20000.00 KZT. Порог входа: ≥2 контр. Только наблюдаемые переводы ≥5000 KZT.
100000002474570100,peripheral,0.5,22,0.25246182863511635,Вход/выход 1/0 контр.; потоки 6750.00/0.00 KZT. Правила 5 основных ролей не выполнены. Depth=4: продолжение неизвестно.
100000002475601100,terminal,0.6714912290619005,3,0.439162002247565,Вход 232301.00 KZT от 1 контр.; наблюдаемых исходящих связей 0. Порог входа ≥166819.70 KZT; depth=3<4. Только наблюдаемые переводы ≥5000 KZT.
100000002478829100,peripheral,0.5,24,0.295461101443326,Вход/выход 1/0 контр.; потоки 34000.00/0.00 KZT. Правила 5 основных ролей не выполнены. Depth=4: продолжение неизвестно.
100000002479804100,transit,0.6619538976138056,1,0.4705259942492005,Вход/выход: 46000.00/35300.00 KZT; отношение ≈0.77. Баланс 0.767391 ≥ 0.591789. Только наблюдаемые переводы ≥5000 KZT.
100000002480800100,consolidator,0.4953872873979986,1,0.5121366990220494,Вход от 2 контр.: 569251.00 KZT; выход 0.00 KZT. Порог входа: ≥2 контр. Только наблюдаемые переводы ≥5000 KZT.
100000002481735100,peripheral,1.0,2,0.31112984521292447,Вход/выход 1/0 контр.; потоки 22436.00/0.00 KZT. Правила 5 основных ролей не выполнены. Только наблюдаемые переводы ≥5000 KZT.
100000002481974100,consolidator,0.7099320532619462,3,0.4682470285984167,Вход от 2 контр.: 89447.00 KZT; выход 318000.00 KZT. Порог входа: ≥2 контр. Только наблюдаемые переводы ≥5000 KZT.
100000002487222100,peripheral,0.5,4,0.30913672937108133,Вход/выход 1/0 контр.; потоки 90000.00/0.00 KZT. Правила 5 основных ролей не выполнены. Depth=4: продолжение неизвестно.
100000002488629100,peripheral,1.0,8,0.3304017097553901,Вход/выход 1/0 контр.; потоки 73050.00/0.00 KZT. Правила 5 основных ролей не выполнены. Только наблюдаемые переводы ≥5000 KZT.
100000002489253100,peripheral,1.0,2,0.32302112399157173,Вход/выход 1/0 контр.; потоки 51000.00/0.00 KZT. Правила 5 основных ролей не выполнены. Только наблюдаемые переводы ≥5000 KZT.
100000002492277100,peripheral,1.0,1,0.3446458308891186,Вход/выход 1/0 контр.; потоки 138500.00/0.00 KZT. Правила 5 основных ролей не выполнены. Только наблюдаемые переводы ≥5000 KZT.
100000002505277100,peripheral,0.5,0,0.30930224159238534,Вход/выход 1/0 контр.; потоки 60000.00/0.00 KZT. Правила 5 основных ролей не выполнены. Depth=4: продолжение неизвестно.
100000002506987100,peripheral,0.5,9,0.28331379755073893,Вход/выход 1/0 контр.; потоки 28200.00/0.00 KZT. Правила 5 основных ролей не выполнены. Depth=4: продолжение неизвестно.
100000002508637100,peripheral,1.0,3,0.3457812405721657,Вход/выход 1/1 контр.; потоки 306410.00/8000.00 KZT. Правила 5 основных ролей не выполнены. Только наблюдаемые переводы ≥5000 KZT.
100000002509598100,terminal,0.6817650815758186,13,0.44631908961011413,Вход 305550.00 KZT от 1 контр.; наблюдаемых исходящих связей 0. Порог входа ≥166819.70 KZT; depth=3<4. Только наблюдаемые переводы ≥5000 KZT.
100000002511581100,peripheral,1.0,6,0.2826454146357092,Вход/выход 1/0 контр.; потоки 17600.00/0.00 KZT. Правила 5 основных ролей не выполнены. Только наблюдаемые переводы ≥5000 KZT.
100000002511825100,peripheral,1.0,0,0.3611171125143847,Вход/выход 1/0 контр.; потоки 65000.00/0.00 KZT. Правила 5 основных ролей не выполнены. Только наблюдаемые переводы ≥5000 KZT.
100000002512742100,peripheral,0.5,22,0.24993574527901172,Вход/выход 1/0 контр.; потоки 6000.00/0.00 KZT. Правила 5 основных ролей не выполнены. Depth=4: продолжение неизвестно.
100000002513028100,distributor,0.7087373931200555,59,0.46438183800262556,Выход 3 контр.: 332709.00 KZT; вход 9500.00 KZT. Порог выхода: ≥3 контр. Только наблюдаемые переводы ≥5000 KZT.
100000002514975100,peripheral,0.5,28,0.2948397703407352,Вход/выход 1/0 контр.; потоки 17920.00/0.00 KZT. Правила 5 основных ролей не выполнены. Depth=4: продолжение неизвестно.
100000002516862100,peripheral,0.5,59,0.3105993370005097,Вход/выход 1/0 контр.; потоки 81710.00/0.00 KZT. Правила 5 основных ролей не выполнены. Depth=4: продолжение неизвестно.
100000002521039100,terminal,0.6867887452907749,0,0.45036675412416577,Вход 349370.00 KZT от 1 контр.; наблюдаемых исходящих связей 0. Порог входа ≥166819.70 KZT; depth=3<4. Только наблюдаемые переводы ≥5000 KZT.
100000002527114100,distributor,0.6257323420280998,7,0.667247749056629,Выход 111 контр.: 3289249.00 KZT; вход 129000.00 KZT. Порог выхода: ≥3 контр. Seed: вход неполон.
100000002528544100,terminal,0.6645265411588134,3,0.43393673829649504,Вход 192912.00 KZT от 1 контр.; наблюдаемых исходящих связей 0. Порог входа ≥166819.70 KZT; depth=3<4. Только наблюдаемые переводы ≥5000 KZT.
100000002528978100,peripheral,0.5,9,0.2707854249128904,Вход/выход 1/0 контр.; потоки 15900.00/0.00 KZT. Правила 5 основных ролей не выполнены. Depth=4: продолжение неизвестно.
100000002529877100,peripheral,0.5,13,0.32874595916929733,Вход/выход 1/0 контр.; потоки 232000.00/0.00 KZT. Правила 5 основных ролей не выполнены. Depth=4: продолжение неизвестно.
100000002529880100,consolidator,0.8192430083538222,5,0.45202421256964803,Вход от 2 контр.: 147000.00 KZT; выход 0.00 KZT. Порог входа: ≥2 контр. Только наблюдаемые переводы ≥5000 KZT.
100000002530224100,peripheral,1.0,5,0.3222378482876125,Вход/выход 1/0 контр.; потоки 113000.00/0.00 KZT. Правила 5 основных ролей не выполнены. Только наблюдаемые переводы ≥5000 KZT.
100000002531406100,transit,0.7883036580606683,3,0.4902768905070344,Вход/выход: 520000.00/500000.00 KZT; отношение ≈0.96. Баланс 0.961538 ≥ 0.591789. Только наблюдаемые переводы ≥5000 KZT.
100000002534091100,peripheral,1.0,3,0.2882781628552041,Вход/выход 1/0 контр.; потоки 22200.00/0.00 KZT. Правила 5 основных ролей не выполнены. Только наблюдаемые переводы ≥5000 KZT.
100000002537811100,peripheral,1.0,10,0.37480786733754834,Вход/выход 1/1 контр.; потоки 52000.00/15000.00 KZT. Правила 5 основных ролей не выполнены. Только наблюдаемые переводы ≥5000 KZT.
100000002539625100,peripheral,1.0,5,0.3399887059464577,Вход/выход 1/0 контр.; потоки 94700.00/0.00 KZT. Правила 5 основных ролей не выполнены. Только наблюдаемые переводы ≥5000 KZT.
100000002540033100,peripheral,0.5,20,0.2883422218745819,Вход/выход 1/0 контр.; потоки 10000.00/0.00 KZT. Правила 5 основных ролей не выполнены. Depth=4: продолжение неизвестно.
100000002540623100,peripheral,1.0,10,0.3400765972845649,Вход/выход 1/0 контр.; потоки 100000.00/0.00 KZT. Правила 5 основных ролей не выполнены. Только наблюдаемые переводы ≥5000 KZT.
100000002546921100,peripheral,1.0,15,0.2856111659833388,Вход/выход 1/0 контр.; потоки 20000.00/0.00 KZT. Правила 5 основных ролей не выполнены. Только наблюдаемые переводы ≥5000 KZT.
100000002547110100,consolidator,0.5,5,0.47464696104507337,Вход от 6 контр.: 1500000.00 KZT; выход 0.00 KZT. Порог входа: ≥2 контр. Только наблюдаемые переводы ≥5000 KZT.
100000002548759100,consolidator,0.49734518190501126,5,0.42374941676066996,Вход от 2 контр.: 375000.00 KZT; выход 0.00 KZT. Порог входа: ≥2 контр. Только наблюдаемые переводы ≥5000 KZT.
100000002550141100,peripheral,1.0,3,0.3212486976297442,Вход/выход 1/0 контр.; потоки 100586.00/0.00 KZT. Правила 5 основных ролей не выполнены. Только наблюдаемые переводы ≥5000 KZT.
100000002554175100,peripheral,1.0,9,0.2903205857361574,Вход/выход 1/0 контр.; потоки 24621.00/0.00 KZT. Правила 5 основных ролей не выполнены. Только наблюдаемые переводы ≥5000 KZT.
100000002556775100,terminal,0.6810779464870981,4,0.4453934884529247,Вход 300000.00 KZT от 1 контр.; наблюдаемых исходящих связей 0. Порог входа ≥166819.70 KZT; depth=3<4. Только наблюдаемые переводы ≥5000 KZT.
100000002558173100,peripheral,1.0,33,0.2865007374673509,Вход/выход 1/0 контр.; потоки 9300.00/0.00 KZT. Правила 5 основных ролей не выполнены. Только наблюдаемые переводы ≥5000 KZT.
100000002559089100,consolidator,0.4949659212292184,13,0.45275251323210436,Вход от 2 контр.: 715000.00 KZT; выход 0.00 KZT. Порог входа: ≥2 контр. Только наблюдаемые переводы ≥5000 KZT.
100000002565277100,terminal,0.6989543239405807,1,0.515970513231731,Вход 483319.00 KZT от 1 контр.; наблюдаемых исходящих связей 0. Порог входа ≥166819.70 KZT; depth=1<4. Только наблюдаемые переводы ≥5000 KZT.
100000002566204100,peripheral,1.0,10,0.3347487911333963,Вход/выход 1/0 контр.; потоки 80805.00/0.00 KZT. Правила 5 основных ролей не выполнены. Только наблюдаемые переводы ≥5000 KZT.
100000002567887100,peripheral,1.0,4,0.30500635316390656,Вход/выход 1/0 контр.; потоки 50915.00/0.00 KZT. Правила 5 основных ролей не выполнены. Только наблюдаемые переводы ≥5000 KZT.
100000002570206100,consolidator,0.5007921537185397,17,0.4328957514263261,Вход от 2 контр.: 166959.60 KZT; выход 0.00 KZT. Порог входа: ≥2 контр. Только наблюдаемые переводы ≥5000 KZT.
100000002575080100,transit,0.7002510996679285,16,0.4214680098848463,Вход/выход: 13000.00/12500.00 KZT; отношение ≈0.96. Баланс 0.961538 ≥ 0.591789. Только наблюдаемые переводы ≥5000 KZT.
100000002578405100,distributor,0.6376399911662788,6,0.5153958872697582,Выход 116 контр.: 3108352.00 KZT; вход 1200351.00 KZT. Порог выхода: ≥3 контр. Только наблюдаемые переводы ≥5000 KZT.
100000002578653100,peripheral,1.0,47,0.28741413730447657,Вход/выход 1/0 контр.; потоки 20000.00/0.00 KZT. Правила 5 основных ролей не выполнены. Только наблюдаемые переводы ≥5000 KZT.
100000002580377100,peripheral,1.0,2,0.3538736346651563,Вход/выход 1/1 контр.; потоки 37750.00/5000.00 KZT. Правила 5 основных ролей не выполнены. Только наблюдаемые переводы ≥5000 KZT.
100000002581346100,peripheral,1.0,4,0.3303813595237539,Вход/выход 1/0 контр.; потоки 166400.00/0.00 KZT. Правила 5 основных ролей не выполнены. Только наблюдаемые переводы ≥5000 KZT.
100000002589019100,peripheral,1.0,12,0.3472753551566222,Вход/выход 1/0 контр.; потоки 34710.00/0.00 KZT. Правила 5 основных ролей не выполнены. Только наблюдаемые переводы ≥5000 KZT.
100000002591469100,terminal,0.6720309585451073,11,0.4892756587272781,Вход 235670.00 KZT от 1 контр.; наблюдаемых исходящих связей 0. Порог входа ≥166819.70 KZT; depth=1<4. Только наблюдаемые переводы ≥5000 KZT.
100000002592567100,peripheral,1.0,2,0.4362412637557074,Вход/выход 1/2 контр.; потоки 5297.00/48600.00 KZT. Правила 5 основных ролей не выполнены. Только наблюдаемые переводы ≥5000 KZT.
100000002593038100,peripheral,1.0,12,0.3426645517963228,Вход/выход 1/0 контр.; потоки 28500.00/0.00 KZT. Правила 5 основных ролей не выполнены. Только наблюдаемые переводы ≥5000 KZT.
100000002593344100,consolidator,0.49670591730424046,5,0.439304863886377,Вход от 2 контр.: 431000.00 KZT; выход 0.00 KZT. Порог входа: ≥2 контр. Только наблюдаемые переводы ≥5000 KZT.
100000002594214100,peripheral,0.5,41,0.3651395840851632,Вход/выход 1/0 контр.; потоки 1000000.00/0.00 KZT. Правила 5 основных ролей не выполнены. Depth=4: продолжение неизвестно.
100000002596035100,terminal,0.6713730863142735,10,0.49075104962106253,Вход 231570.00 KZT от 1 контр.; наблюдаемых исходящих связей 0. Порог входа ≥166819.70 KZT; depth=1<4. Только наблюдаемые переводы ≥5000 KZT.
100000002596039100,peripheral,0.5,3,0.33258775437659815,Вход/выход 1/0 контр.; потоки 280000.00/0.00 KZT. Правила 5 основных ролей не выполнены. Depth=4: продолжение неизвестно.
100000002597003100,transit,0.5441686566607176,0,0.42700724986975336,Вход/выход: 17700.00/11000.00 KZT; отношение ≈0.62. Баланс 0.621469 ≥ 0.591789. Только наблюдаемые переводы ≥5000 KZT.
100000002597074100,peripheral,0.5,0,0.2579630444234286,Вход/выход 1/0 контр.; потоки 8000.00/0.00 KZT. Правила 5 основных ролей не выполнены. Depth=4: продолжение неизвестно.
100000002597623100,peripheral,1.0,0,0.2810119270402635,Вход/выход 1/0 контр.; потоки 16418.00/0.00 KZT. Правила 5 основных ролей не выполнены. Только наблюдаемые переводы ≥5000 KZT.
100000002599729100,peripheral,0.5,0,0.31801594161332614,Вход/выход 1/0 контр.; потоки 65000.00/0.00 KZT. Правила 5 основных ролей не выполнены. Depth=4: продолжение неизвестно.
100000002600345100,consolidator,0.7999098218504301,2,0.4763646844575102,Вход от 2 контр.: 52400.00 KZT; выход 0.00 KZT. Порог входа: ≥2 контр. Только наблюдаемые переводы ≥5000 KZT.
100000002603371100,peripheral,1.0,0,0.26925429402857814,Вход/выход 1/0 контр.; потоки 9300.00/0.00 KZT. Правила 5 основных ролей не выполнены. Только наблюдаемые переводы ≥5000 KZT.
100000002603478100,peripheral,1.0,12,0.3388617014536828,Вход/выход 1/0 контр.; потоки 23500.00/0.00 KZT. Правила 5 основных ролей не выполнены. Только наблюдаемые переводы ≥5000 KZT.
100000002603769100,consolidator,0.5145833333333333,0,0.5215892513487769,Вход от 3 контр.: 1185368.00 KZT; выход 0.00 KZT. Порог входа: ≥2 контр. Только наблюдаемые переводы ≥5000 KZT.
100000002605184100,peripheral,1.0,16,0.3523934710805802,Вход/выход 1/0 контр.; потоки 140000.00/0.00 KZT. Правила 5 основных ролей не выполнены. Только наблюдаемые переводы ≥5000 KZT.
100000002605308100,consolidator,0.5,15,0.5211009470992157,Вход от 3 контр.: 2569521.84 KZT; выход 0.00 KZT. Порог входа: ≥2 контр. Только наблюдаемые переводы ≥5000 KZT.
100000002605548100,consolidator,0.8149159721198804,10,0.505400608455935,Вход от 2 контр.: 116695.00 KZT; выход 0.00 KZT. Порог входа: ≥2 контр. Только наблюдаемые переводы ≥5000 KZT.
100000002606567100,peripheral,1.0,0,0.3632765334737045,Вход/выход 1/1 контр.; потоки 14095.00/53000.00 KZT. Правила 5 основных ролей не выполнены. Только наблюдаемые переводы ≥5000 KZT.
100000002609774100,peripheral,1.0,9,0.3911564784556729,Вход/выход 1/1 контр.; потоки 7700.00/27500.00 KZT. Правила 5 основных ролей не выполнены. Только наблюдаемые переводы ≥5000 KZT.
100000002611334100,peripheral,1.0,0,0.3137457767509024,Вход/выход 1/1 контр.; потоки 48288.00/15500.00 KZT. Правила 5 основных ролей не выполнены. Только наблюдаемые переводы ≥5000 KZT.
100000002612809100,distributor,0.6166776106873009,38,0.43309615566827564,Выход 3 контр.: 114000.00 KZT; вход 30000.00 KZT. Порог выхода: ≥3 контр. Только наблюдаемые переводы ≥5000 KZT.
100000002613776100,peripheral,1.0,1,0.3117713433668802,Вход/выход 1/0 контр.; потоки 30000.00/0.00 KZT. Правила 5 основных ролей не выполнены. Только наблюдаемые переводы ≥5000 KZT.
100000002613929100,peripheral,1.0,19,0.33711544307462754,Вход/выход 1/0 контр.; потоки 28560.00/0.00 KZT. Правила 5 основных ролей не выполнены. Только наблюдаемые переводы ≥5000 KZT.
100000002614095100,peripheral,1.0,6,0.257098953043422,Вход/выход 1/0 контр.; потоки 5300.00/0.00 KZT. Правила 5 основных ролей не выполнены. Только наблюдаемые переводы ≥5000 KZT.
100000002615479100,terminal,0.6694518099534154,19,0.48834291949833925,Вход 220000.00 KZT от 1 контр.; наблюдаемых исходящих связей 0. Порог входа ≥166819.70 KZT; depth=1<4. Только наблюдаемые переводы ≥5000 KZT.
100000002618492100,consolidator,0.4983931188754006,10,0.47437003570034353,Вход от 2 контр.: 296500.00 KZT; выход 0.00 KZT. Порог входа: ≥2 контр. Только наблюдаемые переводы ≥5000 KZT.
100000002621434100,peripheral,1.0,5,0.3150501236269478,Вход/выход 1/0 контр.; потоки 81000.00/0.00 KZT. Правила 5 основных ролей не выполнены. Только наблюдаемые переводы ≥5000 KZT.
100000002621915100,peripheral,1.0,2,0.2946098827960211,Вход/выход 1/0 контр.; потоки 5000.00/0.00 KZT. Правила 5 основных ролей не выполнены. Только наблюдаемые переводы ≥5000 KZT.
100000002621949100,peripheral,1.0,1,0.38262698820981916,Вход/выход 1/0 контр.; потоки 164612.00/0.00 KZT. Правила 5 основных ролей не выполнены. Только наблюдаемые переводы ≥5000 KZT.
100000002622822100,peripheral,0.5,20,0.4075845018159859,Вход/выход 1/0 контр.; потоки 750000.00/0.00 KZT. Правила 5 основных ролей не выполнены. Depth=4: продолжение неизвестно.
100000002628146100,peripheral,1.0,33,0.31371317777466246,Вход/выход 1/0 контр.; потоки 30500.00/0.00 KZT. Правила 5 основных ролей не выполнены. Только наблюдаемые переводы ≥5000 KZT.
100000002628576100,consolidator,0.4926314364128336,4,0.4578137500179219,Вход от 2 контр.: 727882.00 KZT; выход 539000.00 KZT. Порог входа: ≥2 контр. Только наблюдаемые переводы ≥5000 KZT.
100000002632742100,consolidator,0.49938314641219955,5,0.4232070022846387,Вход от 2 контр.: 235500.00 KZT; выход 0.00 KZT. Порог входа: ≥2 контр. Только наблюдаемые переводы ≥5000 KZT.
100000002633108100,terminal,0.7668305035703413,15,0.46690337090613376,Вход 320000.00 KZT от 1 контр.; наблюдаемых исходящих связей 0. Порог входа ≥166819.70 KZT; depth=3<4. Только наблюдаемые переводы ≥5000 KZT.
100000002633701100,terminal,0.6766886177573589,19,0.4603101496809128,Вход 266850.00 KZT от 1 контр.; наблюдаемых исходящих связей 0. Порог входа ≥166819.70 KZT; depth=2<4. Только наблюдаемые переводы ≥5000 KZT.
100000002635746100,peripheral,0.5,22,0.247279576050151,Вход/выход 1/0 контр.; потоки 5300.00/0.00 KZT. Правила 5 основных ролей не выполнены. Depth=4: продолжение неизвестно.
100000002635780100,peripheral,1.0,11,0.3703717404654576,Вход/выход 1/0 контр.; потоки 163000.02/0.00 KZT. Правила 5 основных ролей не выполнены. Только наблюдаемые переводы ≥5000 KZT.
100000002644285100,terminal,0.7002262353366971,13,0.4603334776002188,Вход 500000.00 KZT от 1 контр.; наблюдаемых исходящих связей 0. Порог входа ≥166819.70 KZT; depth=3<4. Только наблюдаемые переводы ≥5000 KZT.
100000002645046100,peripheral,0.5,22,0.26487845496591417,Вход/выход 1/0 контр.; потоки 12000.00/0.00 KZT. Правила 5 основных ролей не выполнены. Depth=4: продолжение неизвестно.
100000002645609100,consolidator,0.5076503176769926,0,0.4915596464522557,Вход от 4 контр.: 546820.68 KZT; выход 0.00 KZT. Порог входа: ≥2 контр. Только наблюдаемые переводы ≥5000 KZT.
100000002645993100,distributor,0.4532719603866275,0,0.41949348747774995,Выход 5 контр.: 86980.00 KZT; вход 49650.00 KZT. Порог выхода: ≥3 контр. Только наблюдаемые переводы ≥5000 KZT.
100000002646745100,peripheral,1.0,6,0.27499576046169405,Вход/выход 1/0 контр.; потоки 12300.00/0.00 KZT. Правила 5 основных ролей не выполнены. Только наблюдаемые переводы ≥5000 KZT.
100000002646887100,peripheral,1.0,5,0.29013018213200886,Вход/выход 1/0 контр.; потоки 24354.00/0.00 KZT. Правила 5 основных ролей не выполнены. Только наблюдаемые переводы ≥5000 KZT.
100000002648315100,peripheral,1.0,11,0.38529594479660845,Вход/выход 1/2 контр.; потоки 132000.00/76000.00 KZT. Правила 5 основных ролей не выполнены. Только наблюдаемые переводы ≥5000 KZT.
100000002653187100,peripheral,0.5,12,0.2858362606725582,Вход/выход 1/0 контр.; потоки 15000.00/0.00 KZT. Правила 5 основных ролей не выполнены. Depth=4: продолжение неизвестно.
100000002653948100,peripheral,1.0,4,0.31599172968883116,Вход/выход 1/0 контр.; потоки 85200.00/0.00 KZT. Правила 5 основных ролей не выполнены. Только наблюдаемые переводы ≥5000 KZT.
100000002659103100,peripheral,0.5,45,0.32546723059213334,Вход/выход 1/0 контр.; потоки 165000.00/0.00 KZT. Правила 5 основных ролей не выполнены. Depth=4: продолжение неизвестно.
100000002659265100,peripheral,0.5,5,0.319462996057013,Вход/выход 1/0 контр.; потоки 141000.00/0.00 KZT. Правила 5 основных ролей не выполнены. Depth=4: продолжение неизвестно.
100000002660298100,peripheral,0.5,9,0.28533775928935284,Вход/выход 1/0 контр.; потоки 30900.00/0.00 KZT. Правила 5 основных ролей не выполнены. Depth=4: продолжение неизвестно.
100000002662768100,peripheral,1.0,1,0.36739673806584605,Вход/выход 1/0 контр.; потоки 84300.00/0.00 KZT. Правила 5 основных ролей не выполнены. Только наблюдаемые переводы ≥5000 KZT.
100000002663511100,terminal,0.6769810603930834,0,0.44373704954302545,Вход 268940.00 KZT от 1 контр.; наблюдаемых исходящих связей 0. Порог входа ≥166819.70 KZT; depth=3<4. Только наблюдаемые переводы ≥5000 KZT.
100000002666248100,peripheral,1.0,1,0.36285719444323083,Вход/выход 1/0 контр.; потоки 70032.00/0.00 KZT. Правила 5 основных ролей не выполнены. Только наблюдаемые переводы ≥5000 KZT.
100000002670463100,peripheral,0.5,22,0.2862208992119747,Вход/выход 1/0 контр.; потоки 31500.00/0.00 KZT. Правила 5 основных ролей не выполнены. Depth=4: продолжение неизвестно.
100000002670860100,consolidator,0.4965050142261058,13,0.485691597577783,Вход от 2 контр.: 450000.00 KZT; выход 0.00 KZT. Порог входа: ≥2 контр. Только наблюдаемые переводы ≥5000 KZT.
100000002670960100,terminal,0.6987202240224316,13,0.4591738469577964,Вход 480310.00 KZT от 1 контр.; наблюдаемых исходящих связей 0. Порог входа ≥166819.70 KZT; depth=3<4. Только наблюдаемые переводы ≥5000 KZT.
100000002671326100,peripheral,0.5,5,0.3897352468671119,Вход/выход 1/0 контр.; потоки 1050000.00/0.00 KZT. Правила 5 основных ролей не выполнены. Depth=4: продолжение неизвестно.
100000002671806100,peripheral,1.0,12,0.32524819280673956,Вход/выход 1/0 контр.; потоки 12440.00/0.00 KZT. Правила 5 основных ролей не выполнены. Только наблюдаемые переводы ≥5000 KZT.
100000002677201100,peripheral,1.0,5,0.3419009144266013,Вход/выход 1/1 контр.; потоки 150000.00/87750.00 KZT. Правила 5 основных ролей не выполнены. Только наблюдаемые переводы ≥5000 KZT.
100000002679516100,consolidator,0.9162142501081059,12,0.5162117055595825,Вход от 3 контр.: 102335.00 KZT; выход 0.00 KZT. Порог входа: ≥2 контр. Только наблюдаемые переводы ≥5000 KZT.
100000002680477100,peripheral,1.0,13,0.3072940376435822,Вход/выход 1/0 контр.; потоки 25000.00/0.00 KZT. Правила 5 основных ролей не выполнены. Только наблюдаемые переводы ≥5000 KZT.
100000002681449100,consolidator,0.4731655316132619,31,0.48522593253193114,Вход от 2 контр.: 94638.00 KZT; выход 133000.00 KZT. Порог входа: ≥2 контр. Только наблюдаемые переводы ≥5000 KZT.
100000002681544100,consolidator,0.821529374406452,11,0.4657713986673513,Вход от 2 контр.: 166072.00 KZT; выход 0.00 KZT. Порог входа: ≥2 контр. Только наблюдаемые переводы ≥5000 KZT.
100000002686226100,peripheral,0.5,17,0.3731127704982551,Вход/выход 1/0 контр.; потоки 430000.00/0.00 KZT. Правила 5 основных ролей не выполнены. Depth=4: продолжение неизвестно.
100000002689717100,peripheral,0.5,9,0.29498677886634356,Вход/выход 1/0 контр.; потоки 47500.00/0.00 KZT. Правила 5 основных ролей не выполнены. Depth=4: продолжение неизвестно.
100000002691583100,terminal,0.6791815158750801,28,0.4495797564687458,Вход 285200.00 KZT от 1 контр.; наблюдаемых исходящих связей 0. Порог входа ≥166819.70 KZT; depth=3<4. Только наблюдаемые переводы ≥5000 KZT.
100000002691858100,peripheral,1.0,33,0.32687046411716614,Вход/выход 1/0 контр.; потоки 51500.00/0.00 KZT. Правила 5 основных ролей не выполнены. Только наблюдаемые переводы ≥5000 KZT.
100000002692044100,peripheral,1.0,12,0.3699334118787573,Вход/выход 1/0 контр.; потоки 97000.00/0.00 KZT. Правила 5 основных ролей не выполнены. Только наблюдаемые переводы ≥5000 KZT.
100000002692750100,consolidator,0.5603180161798116,8,0.49801137179878296,Вход от 3 контр.: 112830.00 KZT; выход 77000.00 KZT. Порог входа: ≥2 контр. Только наблюдаемые переводы ≥5000 KZT.
100000002695812100,peripheral,0.5,9,0.31123884851293576,Вход/выход 1/0 контр.; потоки 95000.00/0.00 KZT. Правила 5 основных ролей не выполнены. Depth=4: продолжение неизвестно.
100000002696152100,peripheral,1.0,34,0.38170408111320436,Вход/выход 1/2 контр.; потоки 21800.00/69000.00 KZT. Правила 5 основных ролей не выполнены. Только наблюдаемые переводы ≥5000 KZT.
100000002697752100,consolidator,0.5002555751985877,3,0.4199598004966001,Вход от 2 контр.: 190785.00 KZT; выход 0.00 KZT. Порог входа: ≥2 контр. Только наблюдаемые переводы ≥5000 KZT.
100000002700161100,peripheral,0.5,50,0.34459103198133145,Вход/выход 1/0 контр.; потоки 39000.00/0.00 KZT. Правила 5 основных ролей не выполнены. Depth=4: продолжение неизвестно.
100000002702968100,peripheral,0.5,9,0.28583491535694505,Вход/выход 1/0 контр.; потоки 31600.00/0.00 KZT. Правила 5 основных ролей не выполнены. Depth=4: продолжение неизвестно.
100000002703376100,peripheral,1.0,0,0.3202576084418128,Вход/выход 1/0 контр.; потоки 46501.00/0.00 KZT. Правила 5 основных ролей не выполнены. Только наблюдаемые переводы ≥5000 KZT.
100000002704875100,consolidator,0.5176718669719849,3,0.4856599057552508,Вход от 3 контр.: 244891.00 KZT; выход 0.00 KZT. Порог входа: ≥2 контр. Только наблюдаемые переводы ≥5000 KZT.
100000002705460100,peripheral,1.0,2,0.3424885706848493,Вход/выход 1/0 контр.; потоки 95000.00/0.00 KZT. Правила 5 основных ролей не выполнены. Только наблюдаемые переводы ≥5000 KZT.
100000002706810100,peripheral,0.5,22,0.2944115243757751,Вход/выход 1/0 контр.; потоки 45000.00/0.00 KZT. Правила 5 основных ролей не выполнены. Depth=4: продолжение неизвестно.
100000002707106100,peripheral,0.5,15,0.26911236699273844,Вход/выход 1/0 контр.; потоки 15000.00/0.00 KZT. Правила 5 основных ролей не выполнены. Depth=4: продолжение неизвестно.
100000002708624100,peripheral,1.0,27,0.2936945671534892,Вход/выход 1/0 контр.; потоки 25000.00/0.00 KZT. Правила 5 основных ролей не выполнены. Только наблюдаемые переводы ≥5000 KZT.
100000002710570100,terminal,0.6702967018534601,32,0.47625919670423605,Вход 225015.00 KZT от 1 контр.; наблюдаемых исходящих связей 0. Порог входа ≥166819.70 KZT; depth=2<4. Только наблюдаемые переводы ≥5000 KZT.
100000002712416100,consolidator,0.814932828582934,13,0.45437239492600656,Вход от 2 контр.: 116800.00 KZT; выход 0.00 KZT. Порог входа: ≥2 контр. Только наблюдаемые переводы ≥5000 KZT.
100000002713074100,consolidator,0.5249538220526806,17,0.46478807174067793,Вход от 2 контр.: 700000.00 KZT; выход 430000.00 KZT. Порог входа: ≥2 контр. Только наблюдаемые переводы ≥5000 KZT.
100000002713974100,peripheral,0.5,3,0.29846269874307063,Вход/выход 1/0 контр.; потоки 50000.00/0.00 KZT. Правила 5 основных ролей не выполнены. Depth=4: продолжение неизвестно.
100000002718366100,consolidator,0.5,5,0.5116035802136958,Вход от 6 контр.: 2525000.00 KZT; выход 0.00 KZT. Порог входа: ≥2 контр. Только наблюдаемые переводы ≥5000 KZT.
100000002720627100,terminal,0.6657476901273743,10,0.4862938353528678,Вход 199300.00 KZT от 1 контр.; наблюдаемых исходящих связей 0. Порог входа ≥166819.70 KZT; depth=1<4. Только наблюдаемые переводы ≥5000 KZT.
100000002721825100,peripheral,1.0,0,0.3112220722186495,Вход/выход 1/0 контр.; потоки 11000.00/0.00 KZT. Правила 5 основных ролей не выполнены. Только наблюдаемые переводы ≥5000 KZT.
100000002722108100,terminal,0.7570802083934297,13,0.4800828249695811,Вход 800000.00 KZT от 1 контр.; наблюдаемых исходящих связей 0. Порог входа ≥166819.70 KZT; depth=3<4. Только наблюдаемые переводы ≥5000 KZT.
100000002723439100,peripheral,0.5,34,0.2968900090976453,Вход/выход 1/0 контр.; потоки 18000.00/0.00 KZT. Правила 5 основных ролей не выполнены. Depth=4: продолжение неизвестно.
100000002723538100,distributor,0.5404425497689979,3,0.5370377141311771,Выход 12 контр.: 560499.00 KZT; вход 105647.00 KZT. Порог выхода: ≥3 контр. Только наблюдаемые переводы ≥5000 KZT.
100000002723674100,peripheral,0.5,24,0.2874081969860728,Вход/выход 1/0 контр.; потоки 30000.00/0.00 KZT. Правила 5 основных ролей не выполнены. Depth=4: продолжение неизвестно.
100000002726055100,peripheral,0.5,24,0.26533736139957154,Вход/выход 1/0 контр.; потоки 10000.00/0.00 KZT. Правила 5 основных ролей не выполнены. Depth=4: продолжение неизвестно.
100000002727288100,peripheral,1.0,16,0.28762709181185403,Вход/выход 1/0 контр.; потоки 16000.00/0.00 KZT. Правила 5 основных ролей не выполнены. Только наблюдаемые переводы ≥5000 KZT.
100000002728246100,peripheral,0.5,4,0.28318710281338993,Вход/выход 1/0 контр.; потоки 10000.00/0.00 KZT. Правила 5 основных ролей не выполнены. Depth=4: продолжение неизвестно.
100000002729875100,peripheral,0.5,9,0.3058822038796166,Вход/выход 1/0 контр.; потоки 76000.00/0.00 KZT. Правила 5 основных ролей не выполнены. Depth=4: продолжение неизвестно.
100000002731501100,consolidator,0.5067440187633189,60,0.5454092955553661,Вход от 3 контр.: 570370.00 KZT; выход 833960.00 KZT. Порог входа: ≥2 контр. Только наблюдаемые переводы ≥5000 KZT.
100000002733083100,peripheral,0.5,9,0.26980997994043804,Вход/выход 1/0 контр.; потоки 15200.00/0.00 KZT. Правила 5 основных ролей не выполнены. Depth=4: продолжение неизвестно.
100000002733905100,consolidator,0.865029772381794,18,0.5717841907748119,Вход от 3 контр.: 100000.00 KZT; выход 717839.00 KZT. Порог входа: ≥2 контр. Только наблюдаемые переводы ≥5000 KZT.
100000002734815100,peripheral,0.5,5,0.31353898103699834,Вход/выход 1/0 контр.; потоки 110000.00/0.00 KZT. Правила 5 основных ролей не выполнены. Depth=4: продолжение неизвестно.
100000002736033100,peripheral,1.0,17,0.30570416135523376,Вход/выход 1/1 контр.; потоки 34530.00/11000.00 KZT. Правила 5 основных ролей не выполнены. Только наблюдаемые переводы ≥5000 KZT.
100000002736316100,consolidator,0.5207919041956283,0,0.44412365735671955,Вход от 3 контр.: 266921.00 KZT; выход 0.00 KZT. Порог входа: ≥2 контр. Только наблюдаемые переводы ≥5000 KZT.
100000002737980100,peripheral,1.0,2,0.2965109287597193,Вход/выход 1/0 контр.; потоки 32900.00/0.00 KZT. Правила 5 основных ролей не выполнены. Только наблюдаемые переводы ≥5000 KZT.
100000002738256100,transit,0.7167805094273443,52,0.48835089762934203,Вход/выход: 150200.00/175000.00 KZT; отношение ≈1.17. Баланс 0.858286 ≥ 0.591789. Только наблюдаемые переводы ≥5000 KZT.
100000002741024100,consolidator,0.5797119507404662,0,0.5541288614225496,Вход от 5 контр.: 817980.85 KZT; выход 434989.00 KZT. Порог входа: ≥2 контр. Только наблюдаемые переводы ≥5000 KZT.
100000002742067100,peripheral,1.0,16,0.2925800884823394,Вход/выход 1/0 контр.; потоки 12730.00/0.00 KZT. Правила 5 основных ролей не выполнены. Только наблюдаемые переводы ≥5000 KZT.
100000002744581100,peripheral,1.0,11,0.2945080889308706,Вход/выход 1/0 контр.; потоки 12000.00/0.00 KZT. Правила 5 основных ролей не выполнены. Только наблюдаемые переводы ≥5000 KZT.
100000002748040100,peripheral,0.5,9,0.2734788156437183,Вход/выход 1/0 контр.; потоки 18000.00/0.00 KZT. Правила 5 основных ролей не выполнены. Depth=4: продолжение неизвестно.
100000002748180100,distributor,0.8203680391681333,13,0.5440728298362582,Выход 8 контр.: 679743.00 KZT; вход 9900.00 KZT. Порог выхода: ≥3 контр. Только наблюдаемые переводы ≥5000 KZT.
100000002748511100,peripheral,0.5,2,0.30036933432057267,Вход/выход 1/0 контр.; потоки 20000.00/0.00 KZT. Правила 5 основных ролей не выполнены. Depth=4: продолжение неизвестно.
100000002748532100,consolidator,0.8595576611696332,20,0.5414376457653822,Вход от 3 контр.: 355575.00 KZT; выход 646685.00 KZT. Порог входа: ≥2 контр. Только наблюдаемые переводы ≥5000 KZT.
100000002748581100,peripheral,1.0,15,0.30142099865176153,Вход/выход 1/0 контр.; потоки 41180.00/0.00 KZT. Правила 5 основных ролей не выполнены. Только наблюдаемые переводы ≥5000 KZT.
100000002748761100,terminal,0.7916666666666667,13,0.48517235750861376,Вход 796800.00 KZT от 1 контр.; наблюдаемых исходящих связей 0. Порог входа ≥166819.70 KZT; depth=3<4. Только наблюдаемые переводы ≥5000 KZT.
100000002750332100,peripheral,1.0,19,0.32325218117671456,Вход/выход 1/0 контр.; потоки 11360.00/0.00 KZT. Правила 5 основных ролей не выполнены. Только наблюдаемые переводы ≥5000 KZT.
100000002750956100,peripheral,1.0,0,0.3541516411030301,Вход/выход 1/0 контр.; потоки 47416.00/0.00 KZT. Правила 5 основных ролей не выполнены. Только наблюдаемые переводы ≥5000 KZT.
100000002752565100,peripheral,0.5,3,0.30197675271526825,Вход/выход 1/0 контр.; потоки 57000.00/0.00 KZT. Правила 5 основных ролей не выполнены. Depth=4: продолжение неизвестно.
100000002753146100,terminal,0.7916666666666667,13,0.48537929473531444,Вход 803540.00 KZT от 1 контр.; наблюдаемых исходящих связей 0. Порог входа ≥166819.70 KZT; depth=3<4. Только наблюдаемые переводы ≥5000 KZT.
100000002755292100,terminal,0.6665110046095232,4,0.43471086445337603,Вход 203400.00 KZT от 1 контр.; наблюдаемых исходящих связей 0. Порог входа ≥166819.70 KZT; depth=3<4. Только наблюдаемые переводы ≥5000 KZT.
100000002757240100,peripheral,1.0,1,0.3244440786017807,Вход/выход 1/0 контр.; потоки 51183.00/0.00 KZT. Правила 5 основных ролей не выполнены. Только наблюдаемые переводы ≥5000 KZT.
100000002757791100,peripheral,1.0,8,0.3147797189015089,Вход/выход 1/0 контр.; потоки 73050.00/0.00 KZT. Правила 5 основных ролей не выполнены. Только наблюдаемые переводы ≥5000 KZT.
100000002757797100,peripheral,1.0,12,0.37062218286607435,Вход/выход 1/0 контр.; потоки 100000.00/0.00 KZT. Правила 5 основных ролей не выполнены. Только наблюдаемые переводы ≥5000 KZT.
100000002760175100,terminal,0.6634419012527449,10,0.48448511598768335,Вход 187410.00 KZT от 1 контр.; наблюдаемых исходящих связей 0. Порог входа ≥166819.70 KZT; depth=1<4. Только наблюдаемые переводы ≥5000 KZT.
100000002762076100,consolidator,0.7517086940263388,11,0.4998253548017127,Вход от 2 контр.: 140350.00 KZT; выход 30000.00 KZT. Порог входа: ≥2 контр. Только наблюдаемые переводы ≥5000 KZT.
100000002769809100,peripheral,1.0,21,0.33007642970257806,Вход/выход 1/0 контр.; потоки 113422.00/0.00 KZT. Правила 5 основных ролей не выполнены. Только наблюдаемые переводы ≥5000 KZT.
100000002773323100,consolidator,0.7649849017841472,5,0.4963837837249574,Вход от 2 контр.: 285000.00 KZT; выход 1171644.00 KZT. Порог входа: ≥2 контр. Только наблюдаемые переводы ≥5000 KZT.
100000002774456100,peripheral,1.0,10,0.355315037482682,Вход/выход 1/0 контр.; потоки 50363.00/0.00 KZT. Правила 5 основных ролей не выполнены. Только наблюдаемые переводы ≥5000 KZT.
100000002778085100,peripheral,1.0,2,0.3610513340622344,Вход/выход 1/0 контр.; потоки 66208.00/0.00 KZT. Правила 5 основных ролей не выполнены. Только наблюдаемые переводы ≥5000 KZT.
100000002779485100,peripheral,1.0,3,0.3572862486435767,Вход/выход 1/0 контр.; потоки 91000.00/0.00 KZT. Правила 5 основных ролей не выполнены. Только наблюдаемые переводы ≥5000 KZT.
100000002781227100,transit,0.5172168910063325,64,0.5509817428627534,Вход/выход: 191167.62/212420.00 KZT; отношение ≈1.11. Баланс 0.899951 ≥ 0.591789. Только наблюдаемые переводы ≥5000 KZT.
100000002784085100,terminal,0.6658791173786048,19,0.48559873729680203,Вход 200000.00 KZT от 1 контр.; наблюдаемых исходящих связей 0. Порог входа ≥166819.70 KZT; depth=1<4. Только наблюдаемые переводы ≥5000 KZT.
100000002791494100,peripheral,0.5,9,0.30879279275091015,Вход/выход 1/0 контр.; потоки 85860.00/0.00 KZT. Правила 5 основных ролей не выполнены. Depth=4: продолжение неизвестно.
100000002793851100,peripheral,1.0,2,0.32266819334577224,Вход/выход 1/0 контр.; потоки 11052.00/0.00 KZT. Правила 5 основных ролей не выполнены. Только наблюдаемые переводы ≥5000 KZT.
100000002793881100,consolidator,0.5145833333333333,5,0.44795099576859554,Вход от 3 контр.: 785600.00 KZT; выход 0.00 KZT. Порог входа: ≥2 контр. Только наблюдаемые переводы ≥5000 KZT.
100000002794197100,peripheral,1.0,11,0.34389976343242645,Вход/выход 1/0 контр.; потоки 30100.00/0.00 KZT. Правила 5 основных ролей не выполнены. Только наблюдаемые переводы ≥5000 KZT.
100000002794374100,peripheral,0.5,48,0.31836501642867004,Вход/выход 1/0 контр.; потоки 111000.00/0.00 KZT. Правила 5 основных ролей не выполнены. Depth=4: продолжение неизвестно.
100000002796853100,peripheral,1.0,64,0.4165571394888305,Вход/выход 1/1 контр.; потоки 199000.00/46167.62 KZT. Правила 5 основных ролей не выполнены. Только наблюдаемые переводы ≥5000 KZT.
100000002799941100,terminal,0.7070605607899106,21,0.4722913581431275,Вход 600000.00 KZT от 1 контр.; наблюдаемых исходящих связей 0. Порог входа ≥166819.70 KZT; depth=3<4. Только наблюдаемые переводы ≥5000 KZT.
100000002807334100,peripheral,1.0,4,0.3065393245527901,Вход/выход 1/0 контр.; потоки 54715.00/0.00 KZT. Правила 5 основных ролей не выполнены. Только наблюдаемые переводы ≥5000 KZT.
100000002809568100,peripheral,1.0,0,0.3206150890089295,Вход/выход 1/0 контр.; потоки 10000.00/0.00 KZT. Правила 5 основных ролей не выполнены. Только наблюдаемые переводы ≥5000 KZT.
100000002809896100,peripheral,1.0,9,0.2999443305902208,Вход/выход 1/0 контр.; потоки 38000.00/0.00 KZT. Правила 5 основных ролей не выполнены. Только наблюдаемые переводы ≥5000 KZT.
100000002810870100,peripheral,1.0,7,0.346753488754999,Вход/выход 1/0 контр.; потоки 33677.00/0.00 KZT. Правила 5 основных ролей не выполнены. Только наблюдаемые переводы ≥5000 KZT.
100000002812641100,transit,0.5698791576504261,19,0.4456423893612108,Вход/выход: 10000.00/7023.95 KZT; отношение ≈0.70. Баланс 0.702395 ≥ 0.591789. Только наблюдаемые переводы ≥5000 KZT.
100000002815005100,terminal,0.6984216932648711,5,0.4599277172104481,Вход 476500.00 KZT от 1 контр.; наблюдаемых исходящих связей 0. Порог входа ≥166819.70 KZT; depth=3<4. Только наблюдаемые переводы ≥5000 KZT.
100000002818726100,peripheral,1.0,14,0.27258946601279654,Вход/выход 1/0 контр.; потоки 10879.00/0.00 KZT. Правила 5 основных ролей не выполнены. Только наблюдаемые переводы ≥5000 KZT.
100000002820010100,peripheral,1.0,8,0.3108518900499212,Вход/выход 1/0 контр.; потоки 30000.00/0.00 KZT. Правила 5 основных ролей не выполнены. Только наблюдаемые переводы ≥5000 KZT.
100000002821425100,terminal,0.6778163295113578,13,0.4433687209900882,Вход 275000.00 KZT от 1 контр.; наблюдаемых исходящих связей 0. Порог входа ≥166819.70 KZT; depth=3<4. Только наблюдаемые переводы ≥5000 KZT.
100000002822472100,consolidator,0.4988526686510717,13,0.4252851399262214,Вход от 2 контр.: 266722.00 KZT; выход 0.00 KZT. Порог входа: ≥2 контр. Только наблюдаемые переводы ≥5000 KZT.
100000002824176100,peripheral,1.0,8,0.38160545416570296,Вход/выход 1/0 контр.; потоки 144000.00/0.00 KZT. Правила 5 основных ролей не выполнены. Только наблюдаемые переводы ≥5000 KZT.
100000002826669100,peripheral,1.0,0,0.36283900597618457,Вход/выход 1/0 контр.; потоки 159900.00/0.00 KZT. Правила 5 основных ролей не выполнены. Только наблюдаемые переводы ≥5000 KZT.
100000002830055100,peripheral,1.0,7,0.32782424396522797,Вход/выход 1/0 контр.; потоки 14000.00/0.00 KZT. Правила 5 основных ролей не выполнены. Только наблюдаемые переводы ≥5000 KZT.
100000002831727100,peripheral,1.0,21,0.33466898474022616,Вход/выход 1/1 контр.; потоки 6000.00/77000.00 KZT. Правила 5 основных ролей не выполнены. Только наблюдаемые переводы ≥5000 KZT.
100000002832753100,peripheral,0.5,16,0.30726938242519686,Вход/выход 1/0 контр.; потоки 12500.00/0.00 KZT. Правила 5 основных ролей не выполнены. Depth=4: продолжение неизвестно.
100000002835874100,peripheral,0.5,5,0.298560491518263,Вход/выход 1/0 контр.; потоки 58700.00/0.00 KZT. Правила 5 основных ролей не выполнены. Depth=4: продолжение неизвестно.
100000002836052100,peripheral,1.0,1,0.2974902235397167,Вход/выход 1/0 контр.; потоки 15000.00/0.00 KZT. Правила 5 основных ролей не выполнены. Только наблюдаемые переводы ≥5000 KZT.
100000002836736100,consolidator,0.4959240638141395,8,0.501041530517305,Вход от 2 контр.: 509000.00 KZT; выход 0.00 KZT. Порог входа: ≥2 контр. Только наблюдаемые переводы ≥5000 KZT.
100000002838519100,peripheral,1.0,15,0.30431679817200347,Вход/выход 1/0 контр.; потоки 46900.00/0.00 KZT. Правила 5 основных ролей не выполнены. Только наблюдаемые переводы ≥5000 KZT.
100000002838861100,consolidator,0.9438011274550839,19,0.6310805725922328,Вход от 5 контр.: 554523.95 KZT; выход 10000.00 KZT. Порог входа: ≥2 контр. Только наблюдаемые переводы ≥5000 KZT.
100000002842321100,peripheral,1.0,4,0.32953347246036546,Вход/выход 1/0 контр.; потоки 160000.00/0.00 KZT. Правила 5 основных ролей не выполнены. Только наблюдаемые переводы ≥5000 KZT.
100000002842337100,peripheral,1.0,11,0.32842102553391794,Вход/выход 1/0 контр.; потоки 50000.00/0.00 KZT. Правила 5 основных ролей не выполнены. Только наблюдаемые переводы ≥5000 KZT.
100000002844652100,peripheral,1.0,11,0.3591199608712985,Вход/выход 1/0 контр.; потоки 61360.00/0.00 KZT. Правила 5 основных ролей не выполнены. Только наблюдаемые переводы ≥5000 KZT.
100000002844897100,peripheral,1.0,19,0.32217799577362916,Вход/выход 1/0 контр.; потоки 10800.00/0.00 KZT. Правила 5 основных ролей не выполнены. Только наблюдаемые переводы ≥5000 KZT.
100000002845605100,peripheral,1.0,0,0.35842426943943967,Вход/выход 1/0 контр.; потоки 57567.00/0.00 KZT. Правила 5 основных ролей не выполнены. Только наблюдаемые переводы ≥5000 KZT.
100000002847207100,peripheral,1.0,1,0.35365423898541803,Вход/выход 1/0 контр.; потоки 46243.00/0.00 KZT. Правила 5 основных ролей не выполнены. Только наблюдаемые переводы ≥5000 KZT.
100000002849158100,consolidator,0.9,5,0.5217012907252665,Вход от 3 контр.: 723000.00 KZT; выход 1313000.00 KZT. Порог входа: ≥2 контр. Только наблюдаемые переводы ≥5000 KZT.
100000002852402100,peripheral,1.0,16,0.32688190692855834,Вход/выход 1/0 контр.; потоки 55000.00/0.00 KZT. Правила 5 основных ролей не выполнены. Только наблюдаемые переводы ≥5000 KZT.
100000002858835100,peripheral,1.0,7,0.33976562603601146,Вход/выход 1/0 контр.; потоки 24400.00/0.00 KZT. Правила 5 основных ролей не выполнены. Только наблюдаемые переводы ≥5000 KZT.
100000002860934100,peripheral,0.5,29,0.35738798307033814,Вход/выход 1/0 контр.; потоки 279500.00/0.00 KZT. Правила 5 основных ролей не выполнены. Depth=4: продолжение неизвестно.
100000002861485100,peripheral,1.0,2,0.34347502815287423,Вход/выход 1/0 контр.; потоки 29323.00/0.00 KZT. Правила 5 основных ролей не выполнены. Только наблюдаемые переводы ≥5000 KZT.
100000002862113100,peripheral,1.0,15,0.3045561157171473,Вход/выход 1/0 контр.; потоки 47405.00/0.00 KZT. Правила 5 основных ролей не выполнены. Только наблюдаемые переводы ≥5000 KZT.
100000002863356100,peripheral,1.0,18,0.3280611705863274,Вход/выход 1/1 контр.; потоки 45000.00/20000.00 KZT. Правила 5 основных ролей не выполнены. Только наблюдаемые переводы ≥5000 KZT.
100000002864256100,peripheral,1.0,1,0.3780375547141721,Вход/выход 1/0 контр.; потоки 135780.00/0.00 KZT. Правила 5 основных ролей не выполнены. Только наблюдаемые переводы ≥5000 KZT.
100000002864680100,peripheral,1.0,12,0.35767965833200754,Вход/выход 1/0 контр.; потоки 55932.00/0.00 KZT. Правила 5 основных ролей не выполнены. Только наблюдаемые переводы ≥5000 KZT.
100000002870463100,consolidator,0.895514063696002,8,0.556574400110518,Вход от 3 контр.: 207000.00 KZT; выход 10000.00 KZT. Порог входа: ≥2 контр. Только наблюдаемые переводы ≥5000 KZT.
100000002870937100,peripheral,1.0,11,0.36579981036305187,Вход/выход 1/0 контр.; потоки 83700.00/0.00 KZT. Правила 5 основных ролей не выполнены. Только наблюдаемые переводы ≥5000 KZT.
100000002871199100,peripheral,1.0,15,0.2888176410491784,Вход/выход 1/0 контр.; потоки 23186.00/0.00 KZT. Правила 5 основных ролей не выполнены. Только наблюдаемые переводы ≥5000 KZT.
100000002872399100,terminal,0.875,11,0.5385955125182385,Вход 1090000.00 KZT от 1 контр.; наблюдаемых исходящих связей 0. Порог входа ≥166819.70 KZT; depth=3<4. Только наблюдаемые переводы ≥5000 KZT.
100000002876914100,peripheral,0.5,22,0.26487845496591417,Вход/выход 1/0 контр.; потоки 12000.00/0.00 KZT. Правила 5 основных ролей не выполнены. Depth=4: продолжение неизвестно.
100000002877262100,peripheral,1.0,5,0.32042011835616774,Вход/выход 1/0 контр.; потоки 100000.00/0.00 KZT. Правила 5 основных ролей не выполнены. Только наблюдаемые переводы ≥5000 KZT.
100000002878467100,consolidator,0.5000628423151969,5,0.4113974310421396,Вход от 2 контр.: 200000.00 KZT; выход 0.00 KZT. Порог входа: ≥2 контр. Только наблюдаемые переводы ≥5000 KZT.
100000002878483100,peripheral,0.5,22,0.24993574527901172,Вход/выход 1/0 контр.; потоки 6000.00/0.00 KZT. Правила 5 основных ролей не выполнены. Depth=4: продолжение неизвестно.
100000002881669100,peripheral,1.0,12,0.3338445644175824,Вход/выход 1/0 контр.; потоки 18600.00/0.00 KZT. Правила 5 основных ролей не выполнены. Только наблюдаемые переводы ≥5000 KZT.
100000002883402100,consolidator,0.5199622607864052,5,0.43900211233701475,Вход от 3 контр.: 300000.00 KZT; выход 0.00 KZT. Порог входа: ≥2 контр. Только наблюдаемые переводы ≥5000 KZT.
100000002884708100,peripheral,0.5,5,0.38605546395748924,Вход/выход 1/0 контр.; потоки 1171644.00/0.00 KZT. Правила 5 основных ролей не выполнены. Depth=4: продолжение неизвестно.
100000002886166100,terminal,0.7462900713725222,39,0.44758650785142035,Вход 185000.00 KZT от 1 контр.; наблюдаемых исходящих связей 0. Порог входа ≥166819.70 KZT; depth=3<4. Только наблюдаемые переводы ≥5000 KZT.
100000002890167100,peripheral,1.0,2,0.3737987426373717,Вход/выход 1/0 контр.; потоки 118150.00/0.00 KZT. Правила 5 основных ролей не выполнены. Только наблюдаемые переводы ≥5000 KZT.
100000002891765100,peripheral,1.0,15,0.3081266778752465,Вход/выход 1/0 контр.; потоки 55576.00/0.00 KZT. Правила 5 основных ролей не выполнены. Только наблюдаемые переводы ≥5000 KZT.
100000002893020100,peripheral,1.0,9,0.28388340472853,Вход/выход 1/0 контр.; потоки 18340.00/0.00 KZT. Правила 5 основных ролей не выполнены. Только наблюдаемые переводы ≥5000 KZT.
100000002894076100,consolidator,0.5031334343697578,11,0.5290280692183359,Вход от 4 контр.: 1122782.00 KZT; выход 0.00 KZT. Порог входа: ≥2 контр. Только наблюдаемые переводы ≥5000 KZT.
100000002896506100,peripheral,0.5,4,0.2947685807385752,Вход/выход 1/0 контр.; потоки 45000.00/0.00 KZT. Правила 5 основных ролей не выполнены. Depth=4: продолжение неизвестно.
100000002901457100,distributor,0.6071776263047719,0,0.46292388216016955,Выход 3 контр.: 119000.00 KZT; вход 340000.00 KZT. Порог выхода: ≥3 контр. Только наблюдаемые переводы ≥5000 KZT.
100000002904919100,peripheral,1.0,0,0.31311537646862797,Вход/выход 1/1 контр.; потоки 60325.00/5500.00 KZT. Правила 5 основных ролей не выполнены. Только наблюдаемые переводы ≥5000 KZT.
100000002906470100,peripheral,1.0,21,0.3266750155870669,Вход/выход 1/0 контр.; потоки 130000.00/0.00 KZT. Правила 5 основных ролей не выполнены. Только наблюдаемые переводы ≥5000 KZT.
100000002908521100,peripheral,1.0,6,0.3026347023354706,Вход/выход 1/0 контр.; потоки 44500.00/0.00 KZT. Правила 5 основных ролей не выполнены. Только наблюдаемые переводы ≥5000 KZT.
100000002911170100,terminal,0.7298248215471944,30,0.4718596622483848,Вход 300000.00 KZT от 1 контр.; наблюдаемых исходящих связей 0. Порог входа ≥166819.70 KZT; depth=2<4. Только наблюдаемые переводы ≥5000 KZT.
100000002913340100,peripheral,1.0,6,0.28893175289387635,Вход/выход 1/0 контр.; потоки 23600.00/0.00 KZT. Правила 5 основных ролей не выполнены. Только наблюдаемые переводы ≥5000 KZT.
100000002914245100,peripheral,1.0,3,0.3272366403298816,Вход/выход 1/0 контр.; потоки 140611.00/0.00 KZT. Правила 5 основных ролей не выполнены. Только наблюдаемые переводы ≥5000 KZT.
100000002916006100,peripheral,1.0,23,0.4450388228633723,Вход/выход 0/1 контр.; потоки 0.00/32000.00 KZT. Правила 5 основных ролей не выполнены. Seed: вход неполон.
100000002921047100,consolidator,0.7681815574386508,11,0.5290597929903904,Вход от 2 контр.: 338000.00 KZT; выход 163000.02 KZT. Порог входа: ≥2 контр. Только наблюдаемые переводы ≥5000 KZT.
100000002922000100,peripheral,0.5,45,0.35644526367054624,Вход/выход 1/0 контр.; потоки 448000.00/0.00 KZT. Правила 5 основных ролей не выполнены. Depth=4: продолжение неизвестно.
100000002926970100,peripheral,1.0,9,0.3185395581951538,Вход/выход 1/0 контр.; потоки 85000.00/0.00 KZT. Правила 5 основных ролей не выполнены. Только наблюдаемые переводы ≥5000 KZT.
100000002933386100,peripheral,1.0,1,0.34780271470016877,Вход/выход 1/1 контр.; потоки 15000.00/58000.00 KZT. Правила 5 основных ролей не выполнены. Только наблюдаемые переводы ≥5000 KZT.
100000002934441100,consolidator,0.8027105245397002,0,0.480550824065386,Вход от 2 контр.: 60845.60 KZT; выход 0.00 KZT. Порог входа: ≥2 контр. Только наблюдаемые переводы ≥5000 KZT.
100000002936322100,consolidator,0.4949659212292184,3,0.444256879884583,Вход от 2 контр.: 787133.00 KZT; выход 0.00 KZT. Порог входа: ≥2 контр. Только наблюдаемые переводы ≥5000 KZT.
100000002938501100,transit,0.5137062573145281,2,0.4056043306561824,Вход/выход: 8395.00/5000.00 KZT; отношение ≈0.60. Баланс 0.595593 ≥ 0.591789. Только наблюдаемые переводы ≥5000 KZT.
100000002939838100,consolidator,0.5152167862029043,2,0.5108334593885818,Вход от 3 контр.: 571233.00 KZT; выход 0.00 KZT. Порог входа: ≥2 контр. Только наблюдаемые переводы ≥5000 KZT.
100000002941114100,consolidator,0.8208087529255058,10,0.5640346369773814,Вход от 2 контр.: 128510.00 KZT; выход 15000.00 KZT. Порог входа: ≥2 контр. Только наблюдаемые переводы ≥5000 KZT.
100000002943472100,terminal,0.6597871155526217,5,0.43151037934958675,Вход 170000.00 KZT от 1 контр.; наблюдаемых исходящих связей 0. Порог входа ≥166819.70 KZT; depth=3<4. Только наблюдаемые переводы ≥5000 KZT.
100000002945031100,peripheral,1.0,14,0.27951770136708964,Вход/выход 1/0 контр.; потоки 15000.00/0.00 KZT. Правила 5 основных ролей не выполнены. Только наблюдаемые переводы ≥5000 KZT.
100000002945626100,consolidator,0.5150487402611836,5,0.4438463020697826,Вход от 3 контр.: 584000.00 KZT; выход 0.00 KZT. Порог входа: ≥2 контр. Только наблюдаемые переводы ≥5000 KZT.
100000002947299100,peripheral,1.0,1,0.33702435976145034,Вход/выход 1/0 контр.; потоки 85000.00/0.00 KZT. Правила 5 основных ролей не выполнены. Только наблюдаемые переводы ≥5000 KZT.
100000002948492100,peripheral,1.0,15,0.28925759763428044,Вход/выход 1/0 контр.; потоки 23660.00/0.00 KZT. Правила 5 основных ролей не выполнены. Только наблюдаемые переводы ≥5000 KZT.
100000002951898100,peripheral,1.0,15,0.3007706766124053,Вход/выход 1/0 контр.; потоки 39990.00/0.00 KZT. Правила 5 основных ролей не выполнены. Только наблюдаемые переводы ≥5000 KZT.
100000002952631100,peripheral,1.0,2,0.354098090118531,Вход/выход 1/0 контр.; потоки 48050.00/0.00 KZT. Правила 5 основных ролей не выполнены. Только наблюдаемые переводы ≥5000 KZT.
100000002952756100,peripheral,1.0,10,0.3105486005526752,Вход/выход 1/0 контр.; потоки 47000.00/0.00 KZT. Правила 5 основных ролей не выполнены. Только наблюдаемые переводы ≥5000 KZT.
100000002954780100,peripheral,1.0,5,0.32584141143364775,Вход/выход 1/0 контр.; потоки 133400.00/0.00 KZT. Правила 5 основных ролей не выполнены. Только наблюдаемые переводы ≥5000 KZT.
100000002956769100,consolidator,0.5145833333333333,13,0.45568865535786207,Вход от 3 контр.: 840000.00 KZT; выход 0.00 KZT. Порог входа: ≥2 контр. Только наблюдаемые переводы ≥5000 KZT.
100000002956779100,terminal,0.6928786181744137,1,0.46350641764869327,Вход 411000.00 KZT от 1 контр.; наблюдаемых исходящих связей 0. Порог входа ≥166819.70 KZT; depth=3<4. Только наблюдаемые переводы ≥5000 KZT.
100000002956898100,consolidator,0.4984864046948152,16,0.4494778206701397,Вход от 2 контр.: 290240.00 KZT; выход 0.00 KZT. Порог входа: ≥2 контр. Только наблюдаемые переводы ≥5000 KZT.
100000002957306100,consolidator,0.49706780109154297,10,0.48735974196413107,Вход от 2 контр.: 398490.00 KZT; выход 0.00 KZT. Порог входа: ≥2 контр. Только наблюдаемые переводы ≥5000 KZT.
100000002957787100,distributor,0.588158058254078,0,0.7343306786534742,Выход 34 контр.: 1276153.96 KZT; вход 84956.00 KZT. Порог выхода: ≥3 контр. Только наблюдаемые переводы ≥5000 KZT.
100000002958139100,terminal,0.7163655304878268,5,0.44355106746725453,Вход 209500.00 KZT от 1 контр.; наблюдаемых исходящих связей 0. Порог входа ≥166819.70 KZT; depth=3<4. Только наблюдаемые переводы ≥5000 KZT.
100000002958286100,terminal,0.6752787861609518,19,0.49286089688227863,Вход 257000.00 KZT от 1 контр.; наблюдаемых исходящих связей 0. Порог входа ≥166819.70 KZT; depth=1<4. Только наблюдаемые переводы ≥5000 KZT.
100000002958343100,peripheral,1.0,11,0.42324781049340476,Вход/выход 1/2 контр.; потоки 2900000.00/1390000.00 KZT. Правила 5 основных ролей не выполнены. Только наблюдаемые переводы ≥5000 KZT.
100000002958345100,terminal,0.6819425472145851,13,0.4464520151961201,Вход 307000.00 KZT от 1 контр.; наблюдаемых исходящих связей 0. Порог входа ≥166819.70 KZT; depth=3<4. Только наблюдаемые переводы ≥5000 KZT.
100000002963189100,distributor,0.8436544066686346,15,0.5269771504849629,Выход 7 контр.: 5219000.00 KZT; вход 490000.00 KZT. Порог выхода: ≥3 контр. Только наблюдаемые переводы ≥5000 KZT.
100000002964966100,terminal,0.6658791173786048,1,0.46020571569175583,Вход 200000.00 KZT от 1 контр.; наблюдаемых исходящих связей 0. Порог входа ≥166819.70 KZT; depth=2<4. Только наблюдаемые переводы ≥5000 KZT.
100000002968096100,peripheral,0.5,3,0.30463689984064035,Вход/выход 1/0 контр.; потоки 70000.00/0.00 KZT. Правила 5 основных ролей не выполнены. Depth=4: продолжение неизвестно.
100000002969048100,peripheral,1.0,8,0.3393637160639857,Вход/выход 1/0 контр.; потоки 108470.00/0.00 KZT. Правила 5 основных ролей не выполнены. Только наблюдаемые переводы ≥5000 KZT.
100000002970466100,peripheral,1.0,0,0.32713671536431643,Вход/выход 1/2 контр.; потоки 23317.00/93000.00 KZT. Правила 5 основных ролей не выполнены. Только наблюдаемые переводы ≥5000 KZT.
100000002971593100,peripheral,0.5,4,0.3160702484420611,Вход/выход 1/0 контр.; потоки 49050.00/0.00 KZT. Правила 5 основных ролей не выполнены. Depth=4: продолжение неизвестно.
100000002973903100,consolidator,0.9143973031007047,12,0.524833452702695,Вход от 3 контр.: 92880.00 KZT; выход 0.00 KZT. Порог входа: ≥2 контр. Только наблюдаемые переводы ≥5000 KZT.
100000002974256100,peripheral,1.0,12,0.3023064801205628,Вход/выход 1/0 контр.; потоки 7200.00/0.00 KZT. Правила 5 основных ролей не выполнены. Только наблюдаемые переводы ≥5000 KZT.
100000002975287100,peripheral,1.0,17,0.2793445920038936,Вход/выход 1/0 контр.; потоки 15000.00/0.00 KZT. Правила 5 основных ролей не выполнены. Только наблюдаемые переводы ≥5000 KZT.
100000002975437100,peripheral,1.0,32,0.3758337930489077,Вход/выход 1/1 контр.; потоки 530000.00/8500.00 KZT. Правила 5 основных ролей не выполнены. Только наблюдаемые переводы ≥5000 KZT.
100000002981489100,peripheral,0.5,4,0.26069485325371095,Вход/выход 1/0 контр.; потоки 10000.00/0.00 KZT. Правила 5 основных ролей не выполнены. Depth=4: продолжение неизвестно.
100000002981527100,terminal,0.6593435025985451,19,0.48062300761767923,Вход 168000.00 KZT от 1 контр.; наблюдаемых исходящих связей 0. Порог входа ≥166819.70 KZT; depth=1<4. Только наблюдаемые переводы ≥5000 KZT.
100000002982252100,peripheral,1.0,7,0.33582003521478926,Вход/выход 1/0 контр.; потоки 20320.00/0.00 KZT. Правила 5 основных ролей не выполнены. Только наблюдаемые переводы ≥5000 KZT.
100000002983426100,peripheral,1.0,9,0.31963083669887704,Вход/выход 1/0 контр.; потоки 88945.00/0.00 KZT. Правила 5 основных ролей не выполнены. Только наблюдаемые переводы ≥5000 KZT.
100000002983879100,consolidator,0.500061816803544,1,0.4401602065006738,Вход от 2 контр.: 200050.00 KZT; выход 0.00 KZT. Порог входа: ≥2 контр. Только наблюдаемые переводы ≥5000 KZT.
100000002984403100,transit,0.6441034234517943,27,0.4043090167769053,Вход/выход: 20000.00/25000.00 KZT; отношение ≈1.25. Баланс 0.8 ≥ 0.591789. Только наблюдаемые переводы ≥5000 KZT.
100000002986245100,peripheral,0.5,22,0.24902399459974112,Вход/выход 1/0 контр.; потоки 5750.00/0.00 KZT. Правила 5 основных ролей не выполнены. Depth=4: продолжение неизвестно.
100000002988894100,distributor,0.5998658142386704,1,0.5000770723427679,Выход 3 контр.: 77500.00 KZT; вход 306121.00 KZT. Порог выхода: ≥3 контр. Только наблюдаемые переводы ≥5000 KZT.
100000002989353100,transit,0.6588779632899519,13,0.46555943508437486,Вход/выход: 500000.00/321160.00 KZT; отношение ≈0.64. Баланс 0.64232 ≥ 0.591789. Только наблюдаемые переводы ≥5000 KZT.
100000002990675100,peripheral,1.0,4,0.3051014867663491,Вход/выход 1/0 контр.; потоки 51143.00/0.00 KZT. Правила 5 основных ролей не выполнены. Только наблюдаемые переводы ≥5000 KZT.
100000002991079100,consolidator,0.7735689133304774,2,0.5072788997545344,Вход от 2 контр.: 148900.00 KZT; выход 11000.00 KZT. Порог входа: ≥2 контр. Только наблюдаемые переводы ≥5000 KZT.
100000002992171100,peripheral,1.0,7,0.328762351688104,Вход/выход 1/0 контр.; потоки 14627.00/0.00 KZT. Правила 5 основных ролей не выполнены. Только наблюдаемые переводы ≥5000 KZT.
100000002994441100,peripheral,0.5,3,0.2698444145370089,Вход/выход 1/0 контр.; потоки 5000.00/0.00 KZT. Правила 5 основных ролей не выполнены. Depth=4: продолжение неизвестно.
100000002999140100,peripheral,0.5,12,0.2607983255028662,Вход/выход 1/0 контр.; потоки 10000.00/0.00 KZT. Правила 5 основных ролей не выполнены. Depth=4: продолжение неизвестно.
100000003001138100,peripheral,0.5,29,0.2865216982749279,Вход/выход 1/0 контр.; потоки 30000.00/0.00 KZT. Правила 5 основных ролей не выполнены. Depth=4: продолжение неизвестно.
100000003001564100,peripheral,1.0,2,0.3867286947632967,Вход/выход 1/1 контр.; потоки 23520.00/180000.00 KZT. Правила 5 основных ролей не выполнены. Только наблюдаемые переводы ≥5000 KZT.
100000003001661100,distributor,0.7401474473716187,29,0.5008161781453306,Выход 5 контр.: 439500.00 KZT; вход 110000.00 KZT. Порог выхода: ≥3 контр. Только наблюдаемые переводы ≥5000 KZT.
100000003003821100,peripheral,1.0,1,0.3301095144821154,Вход/выход 1/0 контр.; потоки 40000.00/0.00 KZT. Правила 5 основных ролей не выполнены. Только наблюдаемые переводы ≥5000 KZT.
100000003004487100,consolidator,0.594216386362432,32,0.5394289639767537,Вход от 4 контр.: 183702.80 KZT; выход 265015.00 KZT. Порог входа: ≥2 контр. Только наблюдаемые переводы ≥5000 KZT.
100000003005167100,peripheral,0.5,22,0.2532426977511554,Вход/выход 1/0 контр.; потоки 7000.00/0.00 KZT. Правила 5 основных ролей не выполнены. Depth=4: продолжение неизвестно.
100000003006633100,peripheral,1.0,36,0.27112986840038744,Вход/выход 1/0 контр.; потоки 10000.00/0.00 KZT. Правила 5 основных ролей не выполнены. Только наблюдаемые переводы ≥5000 KZT.
100000003009900100,peripheral,1.0,9,0.28091647084991245,Вход/выход 1/0 контр.; потоки 15998.00/0.00 KZT. Правила 5 основных ролей не выполнены. Только наблюдаемые переводы ≥5000 KZT.
100000003010908100,peripheral,0.5,9,0.2818959186389849,Вход/выход 1/0 контр.; потоки 17000.00/0.00 KZT. Правила 5 основных ролей не выполнены. Depth=4: продолжение неизвестно.
100000003014659100,terminal,0.6784917521783532,10,0.49649505194038174,Вход 280000.00 KZT от 1 контр.; наблюдаемых исходящих связей 0. Порог входа ≥166819.70 KZT; depth=1<4. Только наблюдаемые переводы ≥5000 KZT.
100000003016438100,transit,0.6677071186490804,5,0.45847930454769525,Вход/выход: 200000.00/300000.00 KZT; отношение ≈1.50. Баланс 0.666667 ≥ 0.591789. Только наблюдаемые переводы ≥5000 KZT.
100000003016635100,distributor,0.5685432098765432,2,0.8932814814814816,Выход 73 контр.: 9414081.00 KZT; вход 586981.00 KZT. Порог выхода: ≥3 контр. Seed: вход неполон.
100000003016773100,peripheral,1.0,5,0.3222587650742551,Вход/выход 1/0 контр.; потоки 46555.00/0.00 KZT. Правила 5 основных ролей не выполнены. Только наблюдаемые переводы ≥5000 KZT.
100000003022835100,peripheral,1.0,1,0.3760947874546219,Вход/выход 1/0 контр.; потоки 125000.00/0.00 KZT. Правила 5 основных ролей не выполнены. Только наблюдаемые переводы ≥5000 KZT.
100000003024542100,peripheral,1.0,1,0.2865858337659777,Вход/выход 1/0 контр.; потоки 8500.00/0.00 KZT. Правила 5 основных ролей не выполнены. Только наблюдаемые переводы ≥5000 KZT.
100000003025903100,peripheral,0.5,4,0.3593478639085985,Вход/выход 1/0 контр.; потоки 386300.00/0.00 KZT. Правила 5 основных ролей не выполнены. Depth=4: продолжение неизвестно.
100000003031003100,consolidator,0.5204510796515387,13,0.43859779647257674,Вход от 3 контр.: 280090.00 KZT; выход 0.00 KZT. Порог входа: ≥2 контр. Только наблюдаемые переводы ≥5000 KZT.
100000003031633100,terminal,0.7418981125311445,5,0.4630799271235142,Вход 414000.00 KZT от 1 контр.; наблюдаемых исходящих связей 0. Порог входа ≥166819.70 KZT; depth=3<4. Только наблюдаемые переводы ≥5000 KZT.
100000003031761100,terminal,0.6971339084900351,3,0.45893205004017795,Вход 460408.00 KZT от 1 контр.; наблюдаемых исходящих связей 0. Порог входа ≥166819.70 KZT; depth=3<4. Только наблюдаемые переводы ≥5000 KZT.
100000003031890100,terminal,0.8352567166771846,60,0.486837761569327,Вход 215000.00 KZT от 1 контр.; наблюдаемых исходящих связей 0. Порог входа ≥166819.70 KZT; depth=2<4. Только наблюдаемые переводы ≥5000 KZT.
100000003034546100,terminal,0.7479636631734393,19,0.4855679733288494,Вход 486715.00 KZT от 1 контр.; наблюдаемых исходящих связей 0. Порог входа ≥166819.70 KZT; depth=2<4. Только наблюдаемые переводы ≥5000 KZT.
100000003035737100,consolidator,0.8003258334775646,4,0.49972924116156053,Вход от 2 контр.: 809170.00 KZT; выход 6544.53 KZT. Порог входа: ≥2 контр. Только наблюдаемые переводы ≥5000 KZT.
100000003036198100,peripheral,1.0,1,0.2958982488840111,Вход/выход 1/0 контр.; потоки 15000.00/0.00 KZT. Правила 5 основных ролей не выполнены. Только наблюдаемые переводы ≥5000 KZT.
100000003037476100,consolidator,0.5,5,0.4324523820819005,Вход от 3 контр.: 555000.00 KZT; выход 0.00 KZT. Порог входа: ≥2 контр. Depth=4: продолжение неизвестно.
100000003037660100,peripheral,1.0,1,0.35665925249923736,Вход/выход 1/0 контр.; потоки 53000.00/0.00 KZT. Правила 5 основных ролей не выполнены. Только наблюдаемые переводы ≥5000 KZT.
100000003039473100,peripheral,1.0,2,0.30711057129170966,Вход/выход 1/0 контр.; потоки 23000.00/0.00 KZT. Правила 5 основных ролей не выполнены. Только наблюдаемые переводы ≥5000 KZT.
100000003040087100,peripheral,0.5,9,0.28393214262389876,Вход/выход 1/0 контр.; потоки 29000.00/0.00 KZT. Правила 5 основных ролей не выполнены. Depth=4: продолжение неизвестно.
100000003042994100,terminal,0.7626311191337927,2,0.5085145280193596,Вход 286086.00 KZT от 1 контр.; наблюдаемых исходящих связей 0. Порог входа ≥166819.70 KZT; depth=1<4. Только наблюдаемые переводы ≥5000 KZT.
100000003044431100,consolidator,0.8024482280598371,1,0.45506420687802096,Вход от 2 контр.: 60000.00 KZT; выход 0.00 KZT. Порог входа: ≥2 контр. Только наблюдаемые переводы ≥5000 KZT.
100000003044518100,peripheral,1.0,11,0.3467594734639563,Вход/выход 1/0 контр.; потоки 34423.00/0.00 KZT. Правила 5 основных ролей не выполнены. Только наблюдаемые переводы ≥5000 KZT.
100000003047800100,peripheral,0.5,13,0.2726702608872045,Вход/выход 1/0 контр.; потоки 12212.00/0.00 KZT. Правила 5 основных ролей не выполнены. Depth=4: продолжение неизвестно.
100000003050771100,terminal,0.6709547471501458,14,0.4449044988049437,Вход 229000.00 KZT от 1 контр.; наблюдаемых исходящих связей 0. Порог входа ≥166819.70 KZT; depth=3<4. Только наблюдаемые переводы ≥5000 KZT.
100000003054328100,transit,0.6824787152612443,13,0.4681746885869418,Вход/выход: 140000.00/193720.00 KZT; отношение ≈1.38. Баланс 0.722693 ≥ 0.591789. Только наблюдаемые переводы ≥5000 KZT.
100000003057225100,terminal,0.6720834105798575,2,0.4903790121187258,Вход 236000.00 KZT от 1 контр.; наблюдаемых исходящих связей 0. Порог входа ≥166819.70 KZT; depth=1<4. Только наблюдаемые переводы ≥5000 KZT.
100000003060187100,peripheral,1.0,21,0.31903598633743996,Вход/выход 1/0 контр.; потоки 93046.00/0.00 KZT. Правила 5 основных ролей не выполнены. Только наблюдаемые переводы ≥5000 KZT.
100000003060517100,terminal,0.6830203166475889,17,0.4527643235152866,Вход 315955.00 KZT от 1 контр.; наблюдаемых исходящих связей 0. Порог входа ≥166819.70 KZT; depth=3<4. Только наблюдаемые переводы ≥5000 KZT.
100000003061115100,peripheral,0.5,0,0.3145637071597146,Вход/выход 1/0 контр.; потоки 45000.00/0.00 KZT. Правила 5 основных ролей не выполнены. Depth=4: продолжение неизвестно.
100000003062895100,consolidator,0.4979413757462831,5,0.45478658001544603,Вход от 2 контр.: 328444.00 KZT; выход 0.00 KZT. Порог входа: ≥2 контр. Только наблюдаемые переводы ≥5000 KZT.
100000003066385100,consolidator,0.781858068609752,0,0.4529162961783899,Вход от 2 контр.: 20000.00 KZT; выход 0.00 KZT. Порог входа: ≥2 контр. Только наблюдаемые переводы ≥5000 KZT.
100000003068941100,consolidator,0.8646219571126408,0,0.4880625281391867,Вход от 3 контр.: 94000.00 KZT; выход 25000.00 KZT. Порог входа: ≥2 контр. Только наблюдаемые переводы ≥5000 KZT.
100000003069463100,transit,0.5649394870782125,28,0.3806071873559792,Вход/выход: 11500.00/17920.00 KZT; отношение ≈1.56. Баланс 0.641741 ≥ 0.591789. Только наблюдаемые переводы ≥5000 KZT.
100000003071649100,terminal,0.6638576196058662,5,0.4331020494320853,Вход 189500.00 KZT от 1 контр.; наблюдаемых исходящих связей 0. Порог входа ≥166819.70 KZT; depth=3<4. Только наблюдаемые переводы ≥5000 KZT.
100000003071930100,consolidator,0.9111841943245127,19,0.5624018137533375,Вход от 3 контр.: 477610.00 KZT; выход 5000.00 KZT. Порог входа: ≥2 контр. Только наблюдаемые переводы ≥5000 KZT.
100000003072205100,consolidator,0.5,5,0.39746369305287493,Вход от 2 контр.: 163000.00 KZT; выход 0.00 KZT. Порог входа: ≥2 контр. Depth=4: продолжение неизвестно.
100000003072676100,peripheral,1.0,17,0.2954205822753817,Вход/выход 1/0 контр.; потоки 31545.00/0.00 KZT. Правила 5 основных ролей не выполнены. Только наблюдаемые переводы ≥5000 KZT.
100000003073398100,peripheral,1.0,8,0.33583697988233174,Вход/выход 1/0 контр.; потоки 92960.00/0.00 KZT. Правила 5 основных ролей не выполнены. Только наблюдаемые переводы ≥5000 KZT.
100000003073635100,peripheral,1.0,3,0.3269125234404003,Вход/выход 1/0 контр.; потоки 129231.00/0.00 KZT. Правила 5 основных ролей не выполнены. Только наблюдаемые переводы ≥5000 KZT.
100000003074515100,peripheral,0.5,5,0.3114032566207103,Вход/выход 1/0 контр.; потоки 105000.00/0.00 KZT. Правила 5 основных ролей не выполнены. Depth=4: продолжение неизвестно.
100000003078839100,peripheral,0.5,3,0.2701865319103082,Вход/выход 1/0 контр.; потоки 14000.00/0.00 KZT. Правила 5 основных ролей не выполнены. Depth=4: продолжение неизвестно.
100000003083865100,peripheral,0.5,9,0.26952321985009176,Вход/выход 1/0 контр.; потоки 15000.00/0.00 KZT. Правила 5 основных ролей не выполнены. Depth=4: продолжение неизвестно.
100000003084870100,peripheral,0.5,13,0.25669627955252916,Вход/выход 1/0 контр.; потоки 6500.00/0.00 KZT. Правила 5 основных ролей не выполнены. Depth=4: продолжение неизвестно.
100000003086040100,peripheral,1.0,0,0.31179429794234087,Вход/выход 1/0 контр.; потоки 10500.00/0.00 KZT. Правила 5 основных ролей не выполнены. Только наблюдаемые переводы ≥5000 KZT.
100000003087877100,peripheral,1.0,3,0.3178344706164102,Вход/выход 1/0 контр.; потоки 91486.00/0.00 KZT. Правила 5 основных ролей не выполнены. Только наблюдаемые переводы ≥5000 KZT.
100000003089018100,terminal,0.671118080374157,19,0.4560208125301132,Вход 230000.00 KZT от 1 контр.; наблюдаемых исходящих связей 0. Порог входа ≥166819.70 KZT; depth=2<4. Только наблюдаемые переводы ≥5000 KZT.
100000003089553100,peripheral,1.0,5,0.3296379717701012,Вход/выход 1/0 контр.; потоки 150000.00/0.00 KZT. Правила 5 основных ролей не выполнены. Только наблюдаемые переводы ≥5000 KZT.
100000003091142100,peripheral,0.5,0,0.3009263763268806,Вход/выход 1/0 контр.; потоки 40000.00/0.00 KZT. Правила 5 основных ролей не выполнены. Depth=4: продолжение неизвестно.
100000003093299100,peripheral,1.0,0,0.2790949785778272,Вход/выход 1/0 контр.; потоки 15000.00/0.00 KZT. Правила 5 основных ролей не выполнены. Только наблюдаемые переводы ≥5000 KZT.
100000003095610100,peripheral,1.0,9,0.2894512632916276,Вход/выход 1/0 контр.; потоки 23665.00/0.00 KZT. Правила 5 основных ролей не выполнены. Только наблюдаемые переводы ≥5000 KZT.
100000003096787100,peripheral,0.5,9,0.27145685361350314,Вход/выход 1/0 контр.; потоки 16400.00/0.00 KZT. Правила 5 основных ролей не выполнены. Depth=4: продолжение неизвестно.
100000003097324100,consolidator,0.4984301734800249,20,0.4285159225978819,Вход от 2 контр.: 294000.00 KZT; выход 0.00 KZT. Порог входа: ≥2 контр. Только наблюдаемые переводы ≥5000 KZT.
100000003097947100,peripheral,0.5,3,0.2988002659503976,Вход/выход 1/0 контр.; потоки 52980.00/0.00 KZT. Правила 5 основных ролей не выполнены. Depth=4: продолжение неизвестно.
100000003102157100,peripheral,1.0,0,0.3700607544625342,Вход/выход 1/0 контр.; потоки 96746.00/0.00 KZT. Правила 5 основных ролей не выполнены. Только наблюдаемые переводы ≥5000 KZT.
100000003104347100,peripheral,1.0,25,0.37702149526493045,Вход/выход 1/1 контр.; потоки 418000.00/32000.00 KZT. Правила 5 основных ролей не выполнены. Только наблюдаемые переводы ≥5000 KZT.
100000003105089100,peripheral,0.5,24,0.26169130051855305,Вход/выход 1/0 контр.; потоки 10000.00/0.00 KZT. Правила 5 основных ролей не выполнены. Depth=4: продолжение неизвестно.
100000003105929100,peripheral,1.0,4,0.3601085349878581,Вход/выход 1/1 контр.; потоки 429567.00/156354.00 KZT. Правила 5 основных ролей не выполнены. Только наблюдаемые переводы ≥5000 KZT.
100000003109805100,peripheral,1.0,17,0.29858988989959834,Вход/выход 1/0 контр.; потоки 36929.00/0.00 KZT. Правила 5 основных ролей не выполнены. Только наблюдаемые переводы ≥5000 KZT.
100000003111305100,consolidator,0.5119525531143343,8,0.4655078471200572,Вход от 4 контр.: 509338.00 KZT; выход 0.00 KZT. Порог входа: ≥2 контр. Только наблюдаемые переводы ≥5000 KZT.
100000003112436100,peripheral,1.0,2,0.33728549965660926,Вход/выход 1/0 контр.; потоки 100000.00/0.00 KZT. Правила 5 основных ролей не выполнены. Только наблюдаемые переводы ≥5000 KZT.
100000003112578100,peripheral,1.0,13,0.3197901499831519,Вход/выход 1/0 контр.; потоки 101080.00/0.00 KZT. Правила 5 основных ролей не выполнены. Только наблюдаемые переводы ≥5000 KZT.
100000003115284100,consolidator,0.9600000000000001,10,0.6667331480418872,Вход от 8 контр.: 2160500.00 KZT; выход 517000.00 KZT. Порог входа: ≥2 контр. Только наблюдаемые переводы ≥5000 KZT.
100000003116106100,terminal,0.7485243634834856,4,0.4666224500387127,Вход 494050.00 KZT от 1 контр.; наблюдаемых исходящих связей 0. Порог входа ≥166819.70 KZT; depth=3<4. Только наблюдаемые переводы ≥5000 KZT.
100000003119550100,peripheral,1.0,7,0.3365288093377691,Вход/выход 1/0 контр.; потоки 21000.00/0.00 KZT. Правила 5 основных ролей не выполнены. Только наблюдаемые переводы ≥5000 KZT.
100000003122817100,terminal,0.6958310001032454,28,0.4650543018418802,Вход 444680.00 KZT от 1 контр.; наблюдаемых исходящих связей 0. Порог входа ≥166819.70 KZT; depth=3<4. Только наблюдаемые переводы ≥5000 KZT.
100000003123296100,peripheral,1.0,12,0.367276491528975,Вход/выход 1/0 контр.; потоки 86200.00/0.00 KZT. Правила 5 основных ролей не выполнены. Только наблюдаемые переводы ≥5000 KZT.
100000003125997100,peripheral,0.5,5,0.3300031260829527,Вход/выход 1/0 контр.; потоки 87750.00/0.00 KZT. Правила 5 основных ролей не выполнены. Depth=4: продолжение неизвестно.
100000003128638100,peripheral,0.5,5,0.3388862447159947,Вход/выход 1/0 контр.; потоки 300000.00/0.00 KZT. Правила 5 основных ролей не выполнены. Depth=4: продолжение неизвестно.
100000003131016100,peripheral,1.0,3,0.43292543572692044,Вход/выход 1/1 контр.; потоки 405700.00/126000.00 KZT. Правила 5 основных ролей не выполнены. Только наблюдаемые переводы ≥5000 KZT.
100000003131693100,terminal,0.6872056126392926,1,0.5052446090615906,Вход 353277.00 KZT от 1 контр.; наблюдаемых исходящих связей 0. Порог входа ≥166819.70 KZT; depth=1<4. Только наблюдаемые переводы ≥5000 KZT.
100000003132484100,peripheral,1.0,19,0.33966159382991445,Вход/выход 1/0 контр.; потоки 90000.00/0.00 KZT. Правила 5 основных ролей не выполнены. Только наблюдаемые переводы ≥5000 KZT.
100000003133045100,peripheral,0.5,31,0.30524370515095556,Вход/выход 1/0 контр.; потоки 68000.00/0.00 KZT. Правила 5 основных ролей не выполнены. Depth=4: продолжение неизвестно.
100000003134474100,peripheral,1.0,4,0.322606019867137,Вход/выход 1/0 контр.; потоки 116000.00/0.00 KZT. Правила 5 основных ролей не выполнены. Только наблюдаемые переводы ≥5000 KZT.
100000003134550100,peripheral,0.5,5,0.31032385184615796,Вход/выход 1/0 контр.; потоки 100000.00/0.00 KZT. Правила 5 основных ролей не выполнены. Depth=4: продолжение неизвестно.
100000003134934100,consolidator,0.514299031977061,0,0.4781553944573624,Вход от 4 контр.: 379354.00 KZT; выход 0.00 KZT. Порог входа: ≥2 контр. Только наблюдаемые переводы ≥5000 KZT.
100000003134937100,peripheral,1.0,2,0.3211422110370421,Вход/выход 1/0 контр.; потоки 10286.00/0.00 KZT. Правила 5 основных ролей не выполнены. Только наблюдаемые переводы ≥5000 KZT.
100000003146511100,peripheral,0.5,14,0.26280532937569695,Вход/выход 1/0 контр.; потоки 10000.00/0.00 KZT. Правила 5 основных ролей не выполнены. Depth=4: продолжение неизвестно.
100000003147719100,peripheral,1.0,5,0.31959351946222114,Вход/выход 1/0 контр.; потоки 100000.00/0.00 KZT. Правила 5 основных ролей не выполнены. Только наблюдаемые переводы ≥5000 KZT.
100000003148220100,peripheral,1.0,79,0.41984597181406713,Вход/выход 1/2 контр.; потоки 5650.00/43400.00 KZT. Правила 5 основных ролей не выполнены. Только наблюдаемые переводы ≥5000 KZT.
100000003149149100,terminal,0.6734863365103112,4,0.43981266310766076,Вход 245000.00 KZT от 1 контр.; наблюдаемых исходящих связей 0. Порог входа ≥166819.70 KZT; depth=3<4. Только наблюдаемые переводы ≥5000 KZT.
100000003152964100,peripheral,1.0,3,0.33226293275589736,Вход/выход 1/1 контр.; потоки 141847.00/5500.00 KZT. Правила 5 основных ролей не выполнены. Только наблюдаемые переводы ≥5000 KZT.
100000003154105100,distributor,0.7891655614153724,24,0.506926589539504,Выход 7 контр.: 338000.00 KZT; вход 60000.00 KZT. Порог выхода: ≥3 контр. Только наблюдаемые переводы ≥5000 KZT.
100000003157333100,peripheral,1.0,8,0.3108518900499212,Вход/выход 1/0 контр.; потоки 30000.00/0.00 KZT. Правила 5 основных ролей не выполнены. Только наблюдаемые переводы ≥5000 KZT.
100000003157679100,consolidator,0.5114647552554267,5,0.4393898996595527,Вход от 4 контр.: 541000.00 KZT; выход 0.00 KZT. Порог входа: ≥2 контр. Только наблюдаемые переводы ≥5000 KZT.
100000003158727100,consolidator,0.5184896020122637,11,0.4943121771655138,Вход от 3 контр.: 367940.00 KZT; выход 0.00 KZT. Порог входа: ≥2 контр. Только наблюдаемые переводы ≥5000 KZT.
100000003159641100,consolidator,0.9174171991360227,58,0.5329615473662254,Вход от 4 контр.: 64000.00 KZT; выход 197800.00 KZT. Порог входа: ≥2 контр. Только наблюдаемые переводы ≥5000 KZT.
100000003163256100,transit,0.676460532171888,2,0.4465242014778446,Вход/выход: 13485.00/15000.00 KZT; отношение ≈1.11. Баланс 0.899 ≥ 0.591789. Только наблюдаемые переводы ≥5000 KZT.
100000003163886100,terminal,0.7002262353366971,55,0.4984437898450265,Вход 500000.00 KZT от 1 контр.; наблюдаемых исходящих связей 0. Порог входа ≥166819.70 KZT; depth=3<4. Только наблюдаемые переводы ≥5000 KZT.
100000003164661100,terminal,0.7901557340480743,75,0.5036995119978955,Вход 596200.00 KZT от 1 контр.; наблюдаемых исходящих связей 0. Порог входа ≥166819.70 KZT; depth=3<4. Только наблюдаемые переводы ≥5000 KZT.
100000003166017100,peripheral,0.5,9,0.26952321985009176,Вход/выход 1/0 контр.; потоки 15000.00/0.00 KZT. Правила 5 основных ролей не выполнены. Depth=4: продолжение неизвестно.
100000003166755100,peripheral,1.0,1,0.3059719174306308,Вход/выход 1/0 контр.; потоки 24010.00/0.00 KZT. Правила 5 основных ролей не выполнены. Только наблюдаемые переводы ≥5000 KZT.
100000003171006100,consolidator,0.49615308869422464,5,0.4313776025351952,Вход от 2 контр.: 485000.00 KZT; выход 0.00 KZT. Порог входа: ≥2 контр. Только наблюдаемые переводы ≥5000 KZT.
100000003171587100,consolidator,0.487804703473681,4,0.45511271751372223,Вход от 2 контр.: 700000.00 KZT; выход 431300.00 KZT. Порог входа: ≥2 контр. Только наблюдаемые переводы ≥5000 KZT.
100000003173783100,peripheral,0.5,30,0.2839962370764757,Вход/выход 1/0 контр.; потоки 23500.00/0.00 KZT. Правила 5 основных ролей не выполнены. Depth=4: продолжение неизвестно.
100000003177533100,peripheral,0.5,3,0.27983070442879576,Вход/выход 1/0 контр.; потоки 20000.00/0.00 KZT. Правила 5 основных ролей не выполнены. Depth=4: продолжение неизвестно.
100000003178549100,consolidator,0.4776788120491781,17,0.4535635031006856,Вход от 2 контр.: 250000.00 KZT; выход 89080.00 KZT. Порог входа: ≥2 контр. Только наблюдаемые переводы ≥5000 KZT.
100000003180305100,peripheral,0.5,0,0.3386235673502248,Вход/выход 1/0 контр.; потоки 144000.00/0.00 KZT. Правила 5 основных ролей не выполнены. Depth=4: продолжение неизвестно.
100000003180820100,peripheral,0.5,5,0.31053475627628263,Вход/выход 1/0 контр.; потоки 101000.00/0.00 KZT. Правила 5 основных ролей не выполнены. Depth=4: продолжение неизвестно.
100000003186579100,peripheral,0.5,3,0.33177762538606226,Вход/выход 1/0 контр.; потоки 110000.00/0.00 KZT. Правила 5 основных ролей не выполнены. Depth=4: продолжение неизвестно.
100000003187359100,peripheral,1.0,7,0.33445638634090535,Вход/выход 1/0 контр.; потоки 19072.00/0.00 KZT. Правила 5 основных ролей не выполнены. Только наблюдаемые переводы ≥5000 KZT.
100000003188607100,peripheral,1.0,11,0.30781304771759005,Вход/выход 1/1 контр.; потоки 18000.00/5000.00 KZT. Правила 5 основных ролей не выполнены. Только наблюдаемые переводы ≥5000 KZT.
100000003190207100,peripheral,1.0,23,0.35103294955402264,Вход/выход 1/1 контр.; потоки 5000.00/377000.00 KZT. Правила 5 основных ролей не выполнены. Только наблюдаемые переводы ≥5000 KZT.
100000003191430100,terminal,0.6619296909573321,2,0.46954822015522985,Вход 180000.00 KZT от 1 контр.; наблюдаемых исходящих связей 0. Порог входа ≥166819.70 KZT; depth=2<4. Только наблюдаемые переводы ≥5000 KZT.
100000003192220100,peripheral,1.0,2,0.3445217135458815,Вход/выход 1/0 контр.; потоки 60000.00/0.00 KZT. Правила 5 основных ролей не выполнены. Только наблюдаемые переводы ≥5000 KZT.
100000003192309100,peripheral,1.0,77,0.34518377556295765,Вход/выход 1/1 контр.; потоки 17200.00/213000.00 KZT. Правила 5 основных ролей не выполнены. Только наблюдаемые переводы ≥5000 KZT.
100000003194831100,peripheral,0.5,10,0.2510332153487345,Вход/выход 1/0 контр.; потоки 6265.00/0.00 KZT. Правила 5 основных ролей не выполнены. Depth=4: продолжение неизвестно.
100000003199390100,peripheral,0.5,4,0.33751734553087415,Вход/выход 1/0 контр.; потоки 260000.00/0.00 KZT. Правила 5 основных ролей не выполнены. Depth=4: продолжение неизвестно.
100000003200071100,peripheral,1.0,80,0.44367426575049473,Вход/выход 0/1 контр.; потоки 0.00/30000.00 KZT. Правила 5 основных ролей не выполнены. Seed: вход неполон.
100000003204491100,transit,0.6629117154871942,0,0.4405389714696834,Вход/выход: 140000.00/100000.00 KZT; отношение ≈0.71. Баланс 0.714286 ≥ 0.591789. Только наблюдаемые переводы ≥5000 KZT.
100000003205210100,peripheral,1.0,1,0.3783454368758719,Вход/выход 1/0 контр.; потоки 137563.00/0.00 KZT. Правила 5 основных ролей не выполнены. Только наблюдаемые переводы ≥5000 KZT.
100000003207060100,peripheral,0.5,0,0.3084473583639973,Вход/выход 1/0 контр.; потоки 53000.00/0.00 KZT. Правила 5 основных ролей не выполнены. Depth=4: продолжение неизвестно.
100000003213473100,distributor,0.7633417508867462,0,0.48891695051615197,Выход 11 контр.: 240000.00 KZT; вход 57500.00 KZT. Порог выхода: ≥3 контр. Только наблюдаемые переводы ≥5000 KZT.
100000003214786100,peripheral,0.5,0,0.2578962091904647,Вход/выход 1/0 контр.; потоки 5000.00/0.00 KZT. Правила 5 основных ролей не выполнены. Depth=4: продолжение неизвестно.
100000003215448100,transit,0.6779811635358859,3,0.4434028474061089,Вход/выход: 91309.00/124000.00 KZT; отношение ≈1.36. Баланс 0.736363 ≥ 0.591789. Только наблюдаемые переводы ≥5000 KZT.
100000003216073100,peripheral,1.0,3,0.3212673005189389,Вход/выход 1/1 контр.; потоки 37001.00/70000.00 KZT. Правила 5 основных ролей не выполнены. Только наблюдаемые переводы ≥5000 KZT.
100000003218308100,peripheral,1.0,0,0.2728329532920687,Вход/выход 1/0 контр.; потоки 11165.00/0.00 KZT. Правила 5 основных ролей не выполнены. Только наблюдаемые переводы ≥5000 KZT.
100000003219438100,peripheral,1.0,35,0.3262009304105967,Вход/выход 1/0 контр.; потоки 32000.00/0.00 KZT. Правила 5 основных ролей не выполнены. Только наблюдаемые переводы ≥5000 KZT.
100000003220685100,peripheral,0.5,4,0.38610824462461935,Вход/выход 1/0 контр.; потоки 1306000.00/0.00 KZT. Правила 5 основных ролей не выполнены. Depth=4: продолжение неизвестно.
100000003221384100,terminal,0.7010566333247957,16,0.4900530193672243,Вход 511200.00 KZT от 1 контр.; наблюдаемых исходящих связей 0. Порог входа ≥166819.70 KZT; depth=2<4. Только наблюдаемые переводы ≥5000 KZT.
100000003221510100,peripheral,1.0,0,0.3316542506611569,Вход/выход 1/2 контр.; потоки 24000.00/120000.00 KZT. Правила 5 основных ролей не выполнены. Только наблюдаемые переводы ≥5000 KZT.
100000003230328100,consolidator,0.5,3,0.3793432451871278,Вход от 3 контр.: 26572.00 KZT; выход 0.00 KZT. Порог входа: ≥2 контр. Depth=4: продолжение неизвестно.
100000003230329100,peripheral,0.5,5,0.31244596528998253,Вход/выход 1/0 контр.; потоки 110000.00/0.00 KZT. Правила 5 основных ролей не выполнены. Depth=4: продолжение неизвестно.
100000003232675100,peripheral,0.5,14,0.3021497967593313,Вход/выход 1/0 контр.; потоки 44000.00/0.00 KZT. Правила 5 основных ролей не выполнены. Depth=4: продолжение неизвестно.
100000003235780100,consolidator,0.8039484076390355,0,0.4811201239921309,Вход от 2 контр.: 65000.00 KZT; выход 0.00 KZT. Порог входа: ≥2 контр. Только наблюдаемые переводы ≥5000 KZT.
100000003237045100,peripheral,1.0,2,0.3791529745854393,Вход/выход 1/1 контр.; потоки 340200.00/150000.00 KZT. Правила 5 основных ролей не выполнены. Только наблюдаемые переводы ≥5000 KZT.
100000003239379100,peripheral,1.0,12,0.3688619110637764,Вход/выход 1/0 контр.; потоки 92500.00/0.00 KZT. Правила 5 основных ролей не выполнены. Только наблюдаемые переводы ≥5000 KZT.
100000003239859100,peripheral,1.0,12,0.3338445644175824,Вход/выход 1/0 контр.; потоки 18600.00/0.00 KZT. Правила 5 основных ролей не выполнены. Только наблюдаемые переводы ≥5000 KZT.
100000003241965100,peripheral,1.0,9,0.27952119363865846,Вход/выход 1/0 контр.; потоки 15000.00/0.00 KZT. Правила 5 основных ролей не выполнены. Только наблюдаемые переводы ≥5000 KZT.
100000003242289100,distributor,0.5759759385464598,17,0.5728737556567007,Выход 23 контр.: 2377741.00 KZT; вход 550791.00 KZT. Порог выхода: ≥3 контр. Только наблюдаемые переводы ≥5000 KZT.
100000003242795100,peripheral,1.0,4,0.3216598853229943,Вход/выход 1/0 контр.; потоки 111000.00/0.00 KZT. Правила 5 основных ролей не выполнены. Только наблюдаемые переводы ≥5000 KZT.
100000003246024100,peripheral,1.0,3,0.44833682533936964,Вход/выход 1/1 контр.; потоки 25000.00/5000.00 KZT. Правила 5 основных ролей не выполнены. Только наблюдаемые переводы ≥5000 KZT.
100000003247600100,peripheral,0.5,1,0.3474804792790293,Вход/выход 1/0 контр.; потоки 58000.00/0.00 KZT. Правила 5 основных ролей не выполнены. Depth=4: продолжение неизвестно.
100000003249054100,consolidator,0.9407253357808033,1,0.5166068701169458,Вход от 7 контр.: 99700.00 KZT; выход 15000.00 KZT. Порог входа: ≥2 контр. Только наблюдаемые переводы ≥5000 KZT.
100000003252446100,peripheral,0.5,5,0.31217086257717963,Вход/выход 1/0 контр.; потоки 108600.00/0.00 KZT. Правила 5 основных ролей не выполнены. Depth=4: продолжение неизвестно.
100000003254277100,transit,0.7096899405065653,0,0.4269151531906795,Вход/выход: 49200.00/44997.00 KZT; отношение ≈0.91. Баланс 0.914573 ≥ 0.591789. Только наблюдаемые переводы ≥5000 KZT.
100000003254723100,terminal,0.8277205925421132,1,0.5029091090627177,Вход 269850.00 KZT от 1 контр.; наблюдаемых исходящих связей 0. Порог входа ≥166819.70 KZT; depth=2<4. Только наблюдаемые переводы ≥5000 KZT.
100000003265158100,consolidator,0.5015540223648433,12,0.5009059945278425,Вход от 3 контр.: 146100.40 KZT; выход 154200.00 KZT. Порог входа: ≥2 контр. Только наблюдаемые переводы ≥5000 KZT.
100000003265658100,peripheral,0.5,87,0.2257012782750131,Вход/выход 0/0 контр.; потоки 0.00/0.00 KZT. Правила 5 основных ролей не выполнены. Seed: вход неполон.
100000003270419100,peripheral,1.0,14,0.3768034686306296,Вход/выход 1/0 контр.; потоки 150000.00/0.00 KZT. Правила 5 основных ролей не выполнены. Только наблюдаемые переводы ≥5000 KZT.
100000003271151100,peripheral,1.0,3,0.32655783337118766,Вход/выход 1/0 контр.; потоки 127294.00/0.00 KZT. Правила 5 основных ролей не выполнены. Только наблюдаемые переводы ≥5000 KZT.
100000003275398100,peripheral,1.0,60,0.3819227490269027,Вход/выход 1/1 контр.; потоки 300000.00/20000.00 KZT. Правила 5 основных ролей не выполнены. Только наблюдаемые переводы ≥5000 KZT.
100000003278020100,terminal,0.6639563940540266,0,0.4524656228208649,Вход 190000.00 KZT от 1 контр.; наблюдаемых исходящих связей 0. Порог входа ≥166819.70 KZT; depth=2<4. Только наблюдаемые переводы ≥5000 KZT.
100000003284932100,peripheral,1.0,1,0.36282294219448125,Вход/выход 1/0 контр.; потоки 69925.00/0.00 KZT. Правила 5 основных ролей не выполнены. Только наблюдаемые переводы ≥5000 KZT.
100000003286537100,consolidator,0.8199928049167797,5,0.4525188736172715,Вход от 2 контр.: 153000.00 KZT; выход 0.00 KZT. Порог входа: ≥2 контр. Только наблюдаемые переводы ≥5000 KZT.
100000003289281100,peripheral,0.5,0,0.31780264177991807,Вход/выход 1/0 контр.; потоки 40000.00/0.00 KZT. Правила 5 основных ролей не выполнены. Depth=4: продолжение неизвестно.
100000003289405100,terminal,0.6873879896924372,1,0.47049157818301607,Вход 355000.00 KZT от 1 контр.; наблюдаемых исходящих связей 0. Порог входа ≥166819.70 KZT; depth=2<4. Только наблюдаемые переводы ≥5000 KZT.
100000003292191100,peripheral,1.0,20,0.3227903568058197,Вход/выход 1/0 контр.; потоки 112000.00/0.00 KZT. Правила 5 основных ролей не выполнены. Только наблюдаемые переводы ≥5000 KZT.
100000003292979100,peripheral,1.0,1,0.32471342446422996,Вход/выход 1/0 контр.; потоки 48950.00/0.00 KZT. Правила 5 основных ролей не выполнены. Только наблюдаемые переводы ≥5000 KZT.
100000003293377100,peripheral,1.0,4,0.30462026309877727,Вход/выход 1/0 контр.; потоки 50000.00/0.00 KZT. Правила 5 основных ролей не выполнены. Только наблюдаемые переводы ≥5000 KZT.
100000003299365100,transit,0.783739346697249,1,0.5195968662799829,Вход/выход: 200000.00/200000.00 KZT; отношение ≈1.00. Баланс 1 ≥ 0.591789. Только наблюдаемые переводы ≥5000 KZT.
100000003321423100,peripheral,1.0,34,0.3703236073502168,Вход/выход 1/0 контр.; потоки 100000.00/0.00 KZT. Правила 5 основных ролей не выполнены. Только наблюдаемые переводы ≥5000 KZT.
100000003321895100,peripheral,1.0,51,0.3686737540093,Вход/выход 1/2 контр.; потоки 24000.00/553830.00 KZT. Правила 5 основных ролей не выполнены. Только наблюдаемые переводы ≥5000 KZT.
100000003336565100,peripheral,1.0,18,0.29826953401578143,Вход/выход 1/0 контр.; потоки 16550.00/0.00 KZT. Правила 5 основных ролей не выполнены. Только наблюдаемые переводы ≥5000 KZT.
100000003338583100,peripheral,1.0,39,0.2873019260887977,Вход/выход 1/0 контр.; потоки 21765.00/0.00 KZT. Правила 5 основных ролей не выполнены. Только наблюдаемые переводы ≥5000 KZT.
100000003345947100,peripheral,0.5,3,0.32307713270931265,Вход/выход 1/0 контр.; потоки 79500.00/0.00 KZT. Правила 5 основных ролей не выполнены. Depth=4: продолжение неизвестно.
100000003349739100,peripheral,0.5,88,0.2257012782750131,Вход/выход 0/0 контр.; потоки 0.00/0.00 KZT. Правила 5 основных ролей не выполнены. Seed: вход неполон.
100000003360542100,consolidator,0.7543978790118319,10,0.5383501403847499,Вход от 2 контр.: 317000.00 KZT; выход 51800.00 KZT. Порог входа: ≥2 контр. Только наблюдаемые переводы ≥5000 KZT.
100000003366154100,distributor,0.6223162370926814,1,0.5006514033064712,Выход 3 контр.: 289170.00 KZT; вход 125000.00 KZT. Порог выхода: ≥3 контр. Только наблюдаемые переводы ≥5000 KZT.
100000003366471100,consolidator,0.8177206265550196,3,0.4827892616031623,Вход от 2 контр.: 329789.00 KZT; выход 20000.00 KZT. Порог входа: ≥2 контр. Только наблюдаемые переводы ≥5000 KZT.
100000003370425100,peripheral,0.5,14,0.30761978761582176,Вход/выход 1/0 контр.; потоки 20000.00/0.00 KZT. Правила 5 основных ролей не выполнены. Depth=4: продолжение неизвестно.
100000003377795100,peripheral,1.0,11,0.3129420965141448,Вход/выход 1/0 контр.; потоки 7000.00/0.00 KZT. Правила 5 основных ролей не выполнены. Только наблюдаемые переводы ≥5000 KZT.
100000003390036100,consolidator,0.7645869157824019,10,0.5420737266046984,Вход от 2 контр.: 231300.00 KZT; выход 62000.00 KZT. Порог входа: ≥2 контр. Только наблюдаемые переводы ≥5000 KZT.
100000003404627100,consolidator,0.5065584247258815,31,0.556931846069949,Вход от 4 контр.: 877700.00 KZT; выход 0.00 KZT. Порог входа: ≥2 контр. Только наблюдаемые переводы ≥5000 KZT.
100000003406094100,transit,0.4533719092420742,2,0.4393078600818128,Вход/выход: 70000.00/47000.00 KZT; отношение ≈0.67. Баланс 0.671429 ≥ 0.591789. Только наблюдаемые переводы ≥5000 KZT.
100000003447411100,peripheral,0.5,3,0.33431958054066746,Вход/выход 1/0 контр.; потоки 302000.00/0.00 KZT. Правила 5 основных ролей не выполнены. Depth=4: продолжение неизвестно.
100000003448713100,peripheral,0.5,3,0.3314829115636886,Вход/выход 1/0 контр.; потоки 266750.00/0.00 KZT. Правила 5 основных ролей не выполнены. Depth=4: продолжение неизвестно.
100000003449074100,peripheral,1.0,0,0.3206150890089295,Вход/выход 1/0 контр.; потоки 10000.00/0.00 KZT. Правила 5 основных ролей не выполнены. Только наблюдаемые переводы ≥5000 KZT.
100000003457710100,peripheral,1.0,4,0.3789970312541616,Вход/выход 1/1 контр.; потоки 326555.00/1306000.00 KZT. Правила 5 основных ролей не выполнены. Только наблюдаемые переводы ≥5000 KZT.
100000003470579100,peripheral,0.5,28,0.3614355319224122,Вход/выход 1/0 контр.; потоки 357000.00/0.00 KZT. Правила 5 основных ролей не выполнены. Depth=4: продолжение неизвестно.
100000003476560100,peripheral,1.0,1,0.35537333240021934,Вход/выход 1/0 контр.; потоки 50000.00/0.00 KZT. Правила 5 основных ролей не выполнены. Только наблюдаемые переводы ≥5000 KZT.
100000003481025100,peripheral,0.5,0,0.2802781928771931,Вход/выход 1/0 контр.; потоки 9000.00/0.00 KZT. Правила 5 основных ролей не выполнены. Depth=4: продолжение неизвестно.
100000003484058100,peripheral,1.0,15,0.32741817130870987,Вход/выход 1/1 контр.; потоки 110000.00/6000.00 KZT. Правила 5 основных ролей не выполнены. Только наблюдаемые переводы ≥5000 KZT.
100000003486846100,peripheral,0.5,2,0.3035157175044966,Вход/выход 1/0 контр.; потоки 27000.00/0.00 KZT. Правила 5 основных ролей не выполнены. Depth=4: продолжение неизвестно.
100000003486970100,peripheral,1.0,4,0.3281398016713907,Вход/выход 1/0 контр.; потоки 150000.00/0.00 KZT. Правила 5 основных ролей не выполнены. Только наблюдаемые переводы ≥5000 KZT.
100000003497735100,peripheral,1.0,21,0.32576892975669725,Вход/выход 1/0 контр.; потоки 125000.00/0.00 KZT. Правила 5 основных ролей не выполнены. Только наблюдаемые переводы ≥5000 KZT.
100000003500764100,peripheral,0.5,17,0.2981061752632289,Вход/выход 1/0 контр.; потоки 21000.00/0.00 KZT. Правила 5 основных ролей не выполнены. Depth=4: продолжение неизвестно.
100000003509750100,consolidator,0.49392034954987973,8,0.4831203582445933,Вход от 3 контр.: 82290.00 KZT; выход 78400.00 KZT. Порог входа: ≥2 контр. Только наблюдаемые переводы ≥5000 KZT.
100000003528285100,consolidator,0.576755890031167,1,0.4836988274971249,Вход от 4 контр.: 118870.00 KZT; выход 548000.00 KZT. Порог входа: ≥2 контр. Только наблюдаемые переводы ≥5000 KZT.
100000003557488100,peripheral,1.0,32,0.39247213326457087,Вход/выход 1/2 контр.; потоки 664992.00/138000.00 KZT. Правила 5 основных ролей не выполнены. Только наблюдаемые переводы ≥5000 KZT.
100000003561031100,peripheral,1.0,3,0.28581239770588834,Вход/выход 1/1 контр.; потоки 13300.00/5000.00 KZT. Правила 5 основных ролей не выполнены. Только наблюдаемые переводы ≥5000 KZT.
100000003567087100,peripheral,1.0,7,0.36023290452201984,Вход/выход 1/0 контр.; потоки 62115.00/0.00 KZT. Правила 5 основных ролей не выполнены. Только наблюдаемые переводы ≥5000 KZT.
100000003568904100,peripheral,0.5,14,0.31616992649040965,Вход/выход 1/0 контр.; потоки 49000.00/0.00 KZT. Правила 5 основных ролей не выполнены. Depth=4: продолжение неизвестно.
100000003574895100,transit,0.600573511762904,0,0.3961713710702823,Вход/выход: 27968.00/20000.00 KZT; отношение ≈0.72. Баланс 0.715103 ≥ 0.591789. Только наблюдаемые переводы ≥5000 KZT.
100000003581109100,peripheral,1.0,0,0.3013789655627672,Вход/выход 1/0 контр.; потоки 42750.00/0.00 KZT. Правила 5 основных ролей не выполнены. Только наблюдаемые переводы ≥5000 KZT.
100000003582677100,consolidator,0.4501491994931812,1,0.41415594501184627,Вход от 2 контр.: 29756.99 KZT; выход 56000.00 KZT. Порог входа: ≥2 контр. Только наблюдаемые переводы ≥5000 KZT.
100000003589877100,distributor,0.48624427078155863,5,0.49746592720799554,Выход 6 контр.: 416129.00 KZT; вход 176000.00 KZT. Порог выхода: ≥3 контр. Только наблюдаемые переводы ≥5000 KZT.
100000003594472100,peripheral,1.0,32,0.2858979784750411,Вход/выход 1/0 контр.; потоки 20000.00/0.00 KZT. Правила 5 основных ролей не выполнены. Только наблюдаемые переводы ≥5000 KZT.
100000003603979100,peripheral,1.0,65,0.37332189292571993,Вход/выход 1/0 контр.; потоки 165000.00/0.00 KZT. Правила 5 основных ролей не выполнены. Только наблюдаемые переводы ≥5000 KZT.
100000003610172100,peripheral,1.0,4,0.3117926613702767,Вход/выход 1/0 контр.; потоки 70000.00/0.00 KZT. Правила 5 основных ролей не выполнены. Только наблюдаемые переводы ≥5000 KZT.
100000003616818100,consolidator,0.5764370085412562,65,0.5134536674148913,Вход от 3 контр.: 78000.00 KZT; выход 240100.00 KZT. Порог входа: ≥2 контр. Только наблюдаемые переводы ≥5000 KZT.
100000003617552100,peripheral,1.0,81,0.3303364411960409,Вход/выход 1/0 контр.; потоки 25000.00/0.00 KZT. Правила 5 основных ролей не выполнены. Только наблюдаемые переводы ≥5000 KZT.
100000003622955100,peripheral,0.5,10,0.33081780253292,Вход/выход 1/0 контр.; потоки 15000.00/0.00 KZT. Правила 5 основных ролей не выполнены. Depth=4: продолжение неизвестно.
100000003626268100,peripheral,0.5,3,0.26783962183724097,Вход/выход 1/0 контр.; потоки 5000.00/0.00 KZT. Правила 5 основных ролей не выполнены. Depth=4: продолжение неизвестно.
100000003631015100,peripheral,0.5,43,0.33311309158139973,Вход/выход 1/0 контр.; потоки 266000.00/0.00 KZT. Правила 5 основных ролей не выполнены. Depth=4: продолжение неизвестно.
100000003632533100,peripheral,0.5,4,0.2733152054116501,Вход/выход 1/0 контр.; потоки 10000.00/0.00 KZT. Правила 5 основных ролей не выполнены. Depth=4: продолжение неизвестно.
100000003635170100,consolidator,0.4922144051780018,34,0.5669039186689349,Вход от 3 контр.: 268500.00 KZT; выход 253500.00 KZT. Порог входа: ≥2 контр. Только наблюдаемые переводы ≥5000 KZT.
100000003635660100,peripheral,1.0,0,0.2844446907330779,Вход/выход 1/0 контр.; потоки 18985.00/0.00 KZT. Правила 5 основных ролей не выполнены. Только наблюдаемые переводы ≥5000 KZT.
100000003636627100,peripheral,1.0,8,0.3779847476102442,Вход/выход 1/1 контр.; потоки 77000.00/10000.00 KZT. Правила 5 основных ролей не выполнены. Только наблюдаемые переводы ≥5000 KZT.
100000003646145100,peripheral,0.5,33,0.2787638257119479,Вход/выход 1/0 контр.; потоки 5000.00/0.00 KZT. Правила 5 основных ролей не выполнены. Depth=4: продолжение неизвестно.
100000003647799100,peripheral,1.0,4,0.31942133393001126,Вход/выход 1/0 контр.; потоки 100000.00/0.00 KZT. Правила 5 основных ролей не выполнены. Только наблюдаемые переводы ≥5000 KZT.
100000003650146100,peripheral,1.0,2,0.2794635417285556,Вход/выход 1/0 контр.; потоки 14400.00/0.00 KZT. Правила 5 основных ролей не выполнены. Только наблюдаемые переводы ≥5000 KZT.
100000003664994100,peripheral,0.5,44,0.34437750032712305,Вход/выход 1/0 контр.; потоки 338271.00/0.00 KZT. Правила 5 основных ролей не выполнены. Depth=4: продолжение неизвестно.
100000003671721100,peripheral,1.0,9,0.28033786076895273,Вход/выход 1/0 контр.; потоки 5000.00/0.00 KZT. Правила 5 основных ролей не выполнены. Только наблюдаемые переводы ≥5000 KZT.
100000003677936100,peripheral,1.0,11,0.3198841072930414,Вход/выход 1/1 контр.; потоки 71000.00/13000.00 KZT. Правила 5 основных ролей не выполнены. Только наблюдаемые переводы ≥5000 KZT.
100000003684369100,distributor,0.5376306429548563,1,0.8942034199726402,Выход 62 контр.: 8588655.00 KZT; вход 3848436.00 KZT. Порог выхода: ≥3 контр. Seed: вход неполон.
100000003692843100,peripheral,0.5,51,0.36549644401676473,Вход/выход 1/0 контр.; потоки 510000.00/0.00 KZT. Правила 5 основных ролей не выполнены. Depth=4: продолжение неизвестно.
100000003696422100,peripheral,0.5,32,0.3505481535515958,Вход/выход 1/0 контр.; потоки 118000.00/0.00 KZT. Правила 5 основных ролей не выполнены. Depth=4: продолжение неизвестно.
100000003701161100,consolidator,0.6431908704497661,25,0.6149341240803098,Вход от 4 контр.: 1527103.00 KZT; выход 349000.00 KZT. Порог входа: ≥2 контр. Только наблюдаемые переводы ≥5000 KZT.
100000003711830100,peripheral,1.0,3,0.3053879883345474,Вход/выход 1/0 контр.; потоки 50000.00/0.00 KZT. Правила 5 основных ролей не выполнены. Только наблюдаемые переводы ≥5000 KZT.
100000003713616100,peripheral,1.0,2,0.3303953088840381,Вход/выход 1/0 контр.; потоки 15893.00/0.00 KZT. Правила 5 основных ролей не выполнены. Только наблюдаемые переводы ≥5000 KZT.
100000003718221100,transit,0.5042717630402309,25,0.5221226981070165,Вход/выход: 350000.00/423500.00 KZT; отношение ≈1.21. Баланс 0.826446 ≥ 0.591789. Только наблюдаемые переводы ≥5000 KZT.
100000003718715100,peripheral,0.5,14,0.3819906906356812,Вход/выход 1/0 контр.; потоки 915000.00/0.00 KZT. Правила 5 основных ролей не выполнены. Depth=4: продолжение неизвестно.
100000003724440100,consolidator,0.7990311215597148,1,0.4512020953528021,Вход от 2 контр.: 50000.00 KZT; выход 0.00 KZT. Порог входа: ≥2 контр. Только наблюдаемые переводы ≥5000 KZT.
100000003736419100,peripheral,1.0,0,0.2987723760528383,Вход/выход 1/1 контр.; потоки 23300.00/10000.00 KZT. Правила 5 основных ролей не выполнены. Только наблюдаемые переводы ≥5000 KZT.
100000003739818100,peripheral,1.0,1,0.3583831954694289,Вход/выход 1/0 контр.; потоки 57293.00/0.00 KZT. Правила 5 основных ролей не выполнены. Только наблюдаемые переводы ≥5000 KZT.
100000003741418100,consolidator,0.6979981372442269,4,0.5220223274304213,Вход от 9 контр.: 151900.00 KZT; выход 39920.00 KZT. Порог входа: ≥2 контр. Только наблюдаемые переводы ≥5000 KZT.
100000003747133100,consolidator,0.5592471725848914,47,0.5034203714440711,Вход от 5 контр.: 237068.00 KZT; выход 250000.00 KZT. Порог входа: ≥2 контр. Только наблюдаемые переводы ≥5000 KZT.
100000003760160100,peripheral,1.0,4,0.3203589441718268,Вход/выход 1/0 контр.; потоки 104470.00/0.00 KZT. Правила 5 основных ролей не выполнены. Только наблюдаемые переводы ≥5000 KZT.
100000003770083100,peripheral,0.5,89,0.2257012782750131,Вход/выход 0/0 контр.; потоки 0.00/0.00 KZT. Правила 5 основных ролей не выполнены. Seed: вход неполон.
100000003781406100,peripheral,1.0,12,0.34151079683136676,Вход/выход 1/0 контр.; потоки 45000.00/0.00 KZT. Правила 5 основных ролей не выполнены. Только наблюдаемые переводы ≥5000 KZT.
100000003782913100,peripheral,0.5,15,0.3250301404525179,Вход/выход 1/0 контр.; потоки 200000.00/0.00 KZT. Правила 5 основных ролей не выполнены. Depth=4: продолжение неизвестно.
100000003786516100,peripheral,0.5,0,0.24647506655405224,Вход/выход 1/0 контр.; потоки 5000.00/0.00 KZT. Правила 5 основных ролей не выполнены. Depth=4: продолжение неизвестно.
100000003792647100,peripheral,0.5,4,0.26602402453345675,Вход/выход 1/0 контр.; потоки 8000.00/0.00 KZT. Правила 5 основных ролей не выполнены. Depth=4: продолжение неизвестно.
100000003795588100,terminal,0.7406085755041433,0,0.4627183154441475,Вход 400000.00 KZT от 1 контр.; наблюдаемых исходящих связей 0. Порог входа ≥166819.70 KZT; depth=3<4. Только наблюдаемые переводы ≥5000 KZT.
100000003796063100,distributor,0.7425766567951935,4,0.5959923152760642,Выход 15 контр.: 959150.00 KZT; вход 35000.00 KZT. Порог выхода: ≥3 контр. Только наблюдаемые переводы ≥5000 KZT.
100000003798151100,terminal,0.7701896123718637,2,0.5038539168208078,Вход 350000.00 KZT от 1 контр.; наблюдаемых исходящих связей 0. Порог входа ≥166819.70 KZT; depth=2<4. Только наблюдаемые переводы ≥5000 KZT.
100000003809101100,consolidator,0.6739351372870374,10,0.5138778057979518,Вход от 2 контр.: 166050.00 KZT; выход 55200.00 KZT. Порог входа: ≥2 контр. Только наблюдаемые переводы ≥5000 KZT.
100000003814002100,peripheral,1.0,4,0.2937615014554074,Вход/выход 1/0 контр.; потоки 30000.00/0.00 KZT. Правила 5 основных ролей не выполнены. Только наблюдаемые переводы ≥5000 KZT.
100000003819173100,peripheral,0.5,3,0.31767402805402145,Вход/выход 1/0 контр.; потоки 143777.00/0.00 KZT. Правила 5 основных ролей не выполнены. Depth=4: продолжение неизвестно.
100000003823811100,distributor,0.5971607502487066,23,0.44926583257176944,Выход 3 контр.: 66130.00 KZT; вход 30000.00 KZT. Порог выхода: ≥3 контр. Только наблюдаемые переводы ≥5000 KZT.
100000003824464100,terminal,0.6658791173786048,25,0.45372062039672634,Вход 200000.00 KZT от 1 контр.; наблюдаемых исходящих связей 0. Порог входа ≥166819.70 KZT; depth=2<4. Только наблюдаемые переводы ≥5000 KZT.
100000003831201100,peripheral,1.0,0,0.3390414871299986,Вход/выход 1/0 контр.; потоки 40500.00/0.00 KZT. Правила 5 основных ролей не выполнены. Только наблюдаемые переводы ≥5000 KZT.
100000003831324100,consolidator,0.4983416806700489,11,0.4779563998003338,Вход от 2 контр.: 300000.00 KZT; выход 0.00 KZT. Порог входа: ≥2 контр. Только наблюдаемые переводы ≥5000 KZT.
100000003832231100,peripheral,1.0,1,0.34756244827065164,Вход/выход 1/0 контр.; потоки 35000.00/0.00 KZT. Правила 5 основных ролей не выполнены. Только наблюдаемые переводы ≥5000 KZT.
100000003834495100,consolidator,0.9286878348482167,0,0.5276827326632392,Вход от 3 контр.: 602441.00 KZT; выход 20000.00 KZT. Порог входа: ≥2 контр. Только наблюдаемые переводы ≥5000 KZT.
100000003835149100,peripheral,1.0,26,0.4439754672164161,Вход/выход 1/2 контр.; потоки 248500.00/4600440.00 KZT. Правила 5 основных ролей не выполнены. Только наблюдаемые переводы ≥5000 KZT.
100000003838587100,peripheral,0.5,15,0.27386973235118595,Вход/выход 1/0 контр.; потоки 6000.00/0.00 KZT. Правила 5 основных ролей не выполнены. Depth=4: продолжение неизвестно.
100000003843844100,peripheral,1.0,14,0.34179725678223727,Вход/выход 1/1 контр.; потоки 16680.00/238000.00 KZT. Правила 5 основных ролей не выполнены. Только наблюдаемые переводы ≥5000 KZT.
100000003854444100,distributor,0.7682333728521812,21,0.6122977523410645,Выход 14 контр.: 2322909.00 KZT; вход 210000.00 KZT. Порог выхода: ≥3 контр. Только наблюдаемые переводы ≥5000 KZT.
100000003865939100,peripheral,1.0,82,0.3866365013661942,Вход/выход 1/0 контр.; потоки 81465.00/0.00 KZT. Правила 5 основных ролей не выполнены. Только наблюдаемые переводы ≥5000 KZT.
100000003873332100,distributor,0.7005951438089723,21,0.6031386819261572,Выход 4 контр.: 286000.00 KZT; вход 23468.00 KZT. Порог выхода: ≥3 контр. Только наблюдаемые переводы ≥5000 KZT.
100000003877908100,peripheral,1.0,1,0.35047560375993997,Вход/выход 1/0 контр.; потоки 40000.00/0.00 KZT. Правила 5 основных ролей не выполнены. Только наблюдаемые переводы ≥5000 KZT.
100000003880331100,distributor,0.8356443024903973,3,0.563661892317366,Выход 16 контр.: 3904908.00 KZT; вход 100000.00 KZT. Порог выхода: ≥3 контр. Только наблюдаемые переводы ≥5000 KZT.
100000003886323100,consolidator,0.8018588075748081,2,0.5503205186430679,Вход от 2 контр.: 78168.00 KZT; выход 7650.00 KZT. Порог входа: ≥2 контр. Только наблюдаемые переводы ≥5000 KZT.
100000003888197100,peripheral,1.0,4,0.3154751800924352,Вход/выход 1/0 контр.; потоки 83167.00/0.00 KZT. Правила 5 основных ролей не выполнены. Только наблюдаемые переводы ≥5000 KZT.
100000003888271100,peripheral,1.0,73,0.3577160305326541,Вход/выход 1/2 контр.; потоки 12177.00/25590.00 KZT. Правила 5 основных ролей не выполнены. Только наблюдаемые переводы ≥5000 KZT.
100000003888527100,peripheral,1.0,44,0.3009580020499226,Вход/выход 1/0 контр.; потоки 30000.00/0.00 KZT. Правила 5 основных ролей не выполнены. Только наблюдаемые переводы ≥5000 KZT.
100000003896956100,peripheral,1.0,2,0.3007238393751554,Вход/выход 1/1 контр.; потоки 10000.00/27000.00 KZT. Правила 5 основных ролей не выполнены. Только наблюдаемые переводы ≥5000 KZT.
100000003899325100,peripheral,1.0,3,0.3055194330678292,Вход/выход 1/0 контр.; потоки 50120.00/0.00 KZT. Правила 5 основных ролей не выполнены. Только наблюдаемые переводы ≥5000 KZT.
100000003899899100,consolidator,0.8100049697284146,2,0.493548874598569,Вход от 2 контр.: 218500.00 KZT; выход 10000.00 KZT. Порог входа: ≥2 контр. Только наблюдаемые переводы ≥5000 KZT.
100000003900547100,peripheral,1.0,2,0.33891936888381197,Вход/выход 1/0 контр.; потоки 23700.00/0.00 KZT. Правила 5 основных ролей не выполнены. Только наблюдаемые переводы ≥5000 KZT.
100000003904497100,peripheral,0.5,5,0.26545016676988953,Вход/выход 1/0 контр.; потоки 10000.00/0.00 KZT. Правила 5 основных ролей не выполнены. Depth=4: продолжение неизвестно.
100000003917461100,peripheral,1.0,12,0.340244417681569,Вход/выход 1/2 контр.; потоки 10000.00/140000.00 KZT. Правила 5 основных ролей не выполнены. Только наблюдаемые переводы ≥5000 KZT.
100000003920950100,terminal,0.6838805948248009,11,0.45605615662597415,Вход 323290.00 KZT от 1 контр.; наблюдаемых исходящих связей 0. Порог входа ≥166819.70 KZT; depth=3<4. Только наблюдаемые переводы ≥5000 KZT.
100000003922499100,peripheral,1.0,12,0.34357893515161,Вход/выход 1/0 контр.; потоки 50000.00/0.00 KZT. Правила 5 основных ролей не выполнены. Только наблюдаемые переводы ≥5000 KZT.
100000003923946100,distributor,0.6882845150980764,8,0.5294606823260548,Выход 4 контр.: 675000.00 KZT; вход 282000.00 KZT. Порог выхода: ≥3 контр. Только наблюдаемые переводы ≥5000 KZT.
100000003927792100,peripheral,1.0,16,0.293142132274155,Вход/выход 1/0 контр.; потоки 13067.00/0.00 KZT. Правила 5 основных ролей не выполнены. Только наблюдаемые переводы ≥5000 KZT.
100000003934614100,consolidator,0.5003642967017423,35,0.37014809049549885,Вход от 2 контр.: 17000.00 KZT; выход 11500.00 KZT. Порог входа: ≥2 контр. Только наблюдаемые переводы ≥5000 KZT.
100000003942602100,transit,0.7384553227654594,7,0.46966348553647075,Вход/выход: 30000.00/30000.00 KZT; отношение ≈1.00. Баланс 1 ≥ 0.591789. Только наблюдаемые переводы ≥5000 KZT.
100000003943247100,peripheral,1.0,0,0.29995922728095525,Вход/выход 1/0 контр.; потоки 40000.00/0.00 KZT. Правила 5 основных ролей не выполнены. Только наблюдаемые переводы ≥5000 KZT.
100000003943483100,peripheral,1.0,12,0.29101332638252686,Вход/выход 1/0 контр.; потоки 10000.00/0.00 KZT. Правила 5 основных ролей не выполнены. Только наблюдаемые переводы ≥5000 KZT.
100000003946524100,transit,0.49161545422985975,1,0.4798961767588676,Вход/выход: 133757.00/144750.00 KZT; отношение ≈1.08. Баланс 0.924055 ≥ 0.591789. Только наблюдаемые переводы ≥5000 KZT.
100000003950749100,peripheral,0.5,2,0.2617505723033461,Вход/выход 1/0 контр.; потоки 7000.00/0.00 KZT. Правила 5 основных ролей не выполнены. Depth=4: продолжение неизвестно.
100000003951827100,peripheral,1.0,0,0.29643097403040247,Вход/выход 1/2 контр.; потоки 9000.00/17000.00 KZT. Правила 5 основных ролей не выполнены. Только наблюдаемые переводы ≥5000 KZT.
100000003962994100,peripheral,1.0,40,0.2880185654716192,Вход/выход 1/0 контр.; потоки 10000.00/0.00 KZT. Правила 5 основных ролей не выполнены. Только наблюдаемые переводы ≥5000 KZT.
100000003964910100,consolidator,0.4949659212292184,17,0.4621591596799141,Вход от 2 контр.: 1000000.00 KZT; выход 0.00 KZT. Порог входа: ≥2 контр. Только наблюдаемые переводы ≥5000 KZT.
100000003968044100,distributor,0.6337889701602002,3,0.46053398823312397,Выход 3 контр.: 311000.00 KZT; вход 40000.00 KZT. Порог выхода: ≥3 контр. Только наблюдаемые переводы ≥5000 KZT.
100000003970394100,peripheral,1.0,12,0.3669621797047542,Вход/выход 1/0 контр.; потоки 85000.00/0.00 KZT. Правила 5 основных ролей не выполнены. Только наблюдаемые переводы ≥5000 KZT.
100000003971049100,peripheral,1.0,0,0.32428132320325675,Вход/выход 1/0 контр.; потоки 55900.00/0.00 KZT. Правила 5 основных ролей не выполнены. Только наблюдаемые переводы ≥5000 KZT.
100000003975102100,peripheral,1.0,2,0.48276238391073967,Вход/выход 1/2 контр.; потоки 25650.00/88500.00 KZT. Правила 5 основных ролей не выполнены. Seed: вход неполон.
100000003977183100,consolidator,0.45084786925468295,8,0.5903707678202066,Вход от 2 контр.: 123800.00 KZT; выход 766000.00 KZT. Порог входа: ≥2 контр. Seed: вход неполон.
100000003980083100,peripheral,1.0,80,0.3655146165613578,Вход/выход 1/0 контр.; потоки 30000.00/0.00 KZT. Правила 5 основных ролей не выполнены. Только наблюдаемые переводы ≥5000 KZT.
100000003985389100,peripheral,0.5,3,0.35801181438705043,Вход/выход 1/0 контр.; потоки 422698.00/0.00 KZT. Правила 5 основных ролей не выполнены. Depth=4: продолжение неизвестно.
100000003986141100,peripheral,1.0,17,0.2570847428905518,Вход/выход 1/0 контр.; потоки 5286.32/0.00 KZT. Правила 5 основных ролей не выполнены. Только наблюдаемые переводы ≥5000 KZT.
100000003988112100,transit,0.6828712785293819,23,0.467269948977639,Вход/выход: 92000.00/64000.00 KZT; отношение ≈0.70. Баланс 0.695652 ≥ 0.591789. Только наблюдаемые переводы ≥5000 KZT.
100000003989033100,peripheral,0.5,10,0.36513701817130817,Вход/выход 1/0 контр.; потоки 373400.00/0.00 KZT. Правила 5 основных ролей не выполнены. Depth=4: продолжение неизвестно.
100000003996562100,peripheral,1.0,0,0.26889654762745685,Вход/выход 1/0 контр.; потоки 7700.00/0.00 KZT. Правила 5 основных ролей не выполнены. Только наблюдаемые переводы ≥5000 KZT.
100000004004621100,consolidator,0.9104867760052062,14,0.5183880078378781,Вход от 3 контр.: 75389.00 KZT; выход 0.00 KZT. Порог входа: ≥2 контр. Только наблюдаемые переводы ≥5000 KZT.
100000004005964100,consolidator,0.5592677173048267,65,0.49945522023489114,Вход от 3 контр.: 97900.00 KZT; выход 72000.00 KZT. Порог входа: ≥2 контр. Только наблюдаемые переводы ≥5000 KZT.
100000004006327100,peripheral,0.5,5,0.3565934620639931,Вход/выход 1/0 контр.; потоки 300000.00/0.00 KZT. Правила 5 основных ролей не выполнены. Depth=4: продолжение неизвестно.
100000004007116100,consolidator,0.6057732017622476,39,0.6571175575831586,Вход от 3 контр.: 764704.00 KZT; выход 148000.00 KZT. Порог входа: ≥2 контр. Seed: вход неполон.
100000004007197100,peripheral,1.0,39,0.2707382541841233,Вход/выход 1/0 контр.; потоки 10048.00/0.00 KZT. Правила 5 основных ролей не выполнены. Только наблюдаемые переводы ≥5000 KZT.
100000004013952100,peripheral,0.5,0,0.2700562439014791,Вход/выход 1/0 контр.; потоки 5500.00/0.00 KZT. Правила 5 основных ролей не выполнены. Depth=4: продолжение неизвестно.
100000004015047100,consolidator,0.9800000000000001,8,0.6460703365641505,Вход от 9 контр.: 919104.00 KZT; выход 69195.00 KZT. Порог входа: ≥2 контр. Только наблюдаемые переводы ≥5000 KZT.
100000004017410100,distributor,0.4705052182990538,35,0.5137065517226876,Выход 5 контр.: 1330915.00 KZT; вход 193650.00 KZT. Порог выхода: ≥3 контр. Только наблюдаемые переводы ≥5000 KZT.
100000004019056100,peripheral,0.5,14,0.31742080132586253,Вход/выход 1/0 контр.; потоки 50000.00/0.00 KZT. Правила 5 основных ролей не выполнены. Depth=4: продолжение неизвестно.
100000004019124100,consolidator,0.5230443453628728,2,0.6232884096151671,Вход от 3 контр.: 193000.00 KZT; выход 0.00 KZT. Порог входа: ≥2 контр. Seed: вход неполон.
100000004021459100,peripheral,0.5,90,0.2257012782750131,Вход/выход 0/0 контр.; потоки 0.00/0.00 KZT. Правила 5 основных ролей не выполнены. Seed: вход неполон.
100000004030553100,peripheral,0.5,3,0.32363065590082857,Вход/выход 1/0 контр.; потоки 70000.00/0.00 KZT. Правила 5 основных ролей не выполнены. Depth=4: продолжение неизвестно.
100000004035925100,peripheral,0.5,66,0.37594623376724323,Вход/выход 1/0 контр.; потоки 1111588.00/0.00 KZT. Правила 5 основных ролей не выполнены. Depth=4: продолжение неизвестно.
100000004041163100,peripheral,1.0,23,0.5805751577990768,Вход/выход 1/2 контр.; потоки 50000.00/866000.00 KZT. Правила 5 основных ролей не выполнены. Seed: вход неполон.
100000004041294100,peripheral,0.5,27,0.2740112727385115,Вход/выход 1/0 контр.; потоки 17800.00/0.00 KZT. Правила 5 основных ролей не выполнены. Depth=4: продолжение неизвестно.
100000004047887100,peripheral,0.5,41,0.28389397679455,Вход/выход 1/0 контр.; потоки 30000.00/0.00 KZT. Правила 5 основных ролей не выполнены. Depth=4: продолжение неизвестно.
100000004049912100,peripheral,0.5,21,0.2639504458991731,Вход/выход 1/0 контр.; потоки 10000.00/0.00 KZT. Правила 5 основных ролей не выполнены. Depth=4: продолжение неизвестно.
100000004058740100,peripheral,1.0,7,0.34423964980586186,Вход/выход 1/0 контр.; потоки 30000.00/0.00 KZT. Правила 5 основных ролей не выполнены. Только наблюдаемые переводы ≥5000 KZT.
100000004064431100,peripheral,1.0,39,0.2980217646149998,Вход/выход 1/1 контр.; потоки 26000.00/10000.00 KZT. Правила 5 основных ролей не выполнены. Только наблюдаемые переводы ≥5000 KZT.
100000004066370100,peripheral,0.5,38,0.32729889693777703,Вход/выход 1/0 контр.; потоки 65000.00/0.00 KZT. Правила 5 основных ролей не выполнены. Depth=4: продолжение неизвестно.
100000004066647100,peripheral,1.0,21,0.30567704785065486,Вход/выход 1/0 контр.; потоки 51000.00/0.00 KZT. Правила 5 основных ролей не выполнены. Только наблюдаемые переводы ≥5000 KZT.
100000004070318100,distributor,0.5622242063396403,0,0.7363861260148971,Выход 19 контр.: 551860.00 KZT; вход 207246.55 KZT. Порог выхода: ≥3 контр. Только наблюдаемые переводы ≥5000 KZT.
100000004070530100,peripheral,0.5,41,0.2752479463310191,Вход/выход 1/0 контр.; потоки 20000.00/0.00 KZT. Правила 5 основных ролей не выполнены. Depth=4: продолжение неизвестно.
100000004071070100,consolidator,0.7786450626240149,0,0.49842875281943,Вход от 2 контр.: 41000.00 KZT; выход 6000.00 KZT. Порог входа: ≥2 контр. Только наблюдаемые переводы ≥5000 KZT.
100000004071080100,consolidator,0.9457167578633472,0,0.6138924333710161,Вход от 9 контр.: 238600.00 KZT; выход 46500.00 KZT. Порог входа: ≥2 контр. Только наблюдаемые переводы ≥5000 KZT.
100000004071444100,peripheral,1.0,0,0.349773726308302,Вход/выход 1/1 контр.; потоки 247350.00/100000.00 KZT. Правила 5 основных ролей не выполнены. Только наблюдаемые переводы ≥5000 KZT.
100000004076740100,consolidator,0.501449144035124,35,0.5601715544223212,Вход от 3 контр.: 93250.00 KZT; выход 125000.00 KZT. Порог входа: ≥2 контр. Только наблюдаемые переводы ≥5000 KZT.
100000004077081100,distributor,0.7021256562129297,1,0.4803685964203031,Выход 4 контр.: 615000.00 KZT; вход 140000.00 KZT. Порог выхода: ≥3 контр. Только наблюдаемые переводы ≥5000 KZT.
100000004094958100,transit,0.7340721625849291,61,0.49195785102031897,Вход/выход: 39000.00/40000.00 KZT; отношение ≈1.03. Баланс 0.975 ≥ 0.591789. Только наблюдаемые переводы ≥5000 KZT.
100000004096559100,peripheral,1.0,11,0.3646023388628563,Вход/выход 1/0 контр.; потоки 46200.00/0.00 KZT. Правила 5 основных ролей не выполнены. Только наблюдаемые переводы ≥5000 KZT.
100000004097972100,peripheral,1.0,0,0.33196965818736773,Вход/выход 1/2 контр.; потоки 118878.00/10000.00 KZT. Правила 5 основных ролей не выполнены. Только наблюдаемые переводы ≥5000 KZT.
100000004099450100,peripheral,1.0,0,0.2953196783415694,Вход/выход 1/0 контр.; потоки 31000.00/0.00 KZT. Правила 5 основных ролей не выполнены. Только наблюдаемые переводы ≥5000 KZT.
100000004105288100,consolidator,0.49976431151844936,1,0.48440917698768793,Вход от 2 контр.: 215000.00 KZT; выход 0.00 KZT. Порог входа: ≥2 контр. Только наблюдаемые переводы ≥5000 KZT.
100000004107228100,peripheral,0.5,1,0.2460748993366712,Вход/выход 1/0 контр.; потоки 5000.00/0.00 KZT. Правила 5 основных ролей не выполнены. Depth=4: продолжение неизвестно.
100000004114962100,consolidator,0.8214079992907548,4,0.499344566672259,Вход от 2 контр.: 165000.00 KZT; выход 0.00 KZT. Порог входа: ≥2 контр. Только наблюдаемые переводы ≥5000 KZT.
100000004130144100,terminal,0.6658791173786048,11,0.48469900779391933,Вход 200000.00 KZT от 1 контр.; наблюдаемых исходящих связей 0. Порог входа ≥166819.70 KZT; depth=1<4. Только наблюдаемые переводы ≥5000 KZT.
100000004134060100,peripheral,1.0,20,0.33695139693168874,Вход/выход 1/0 контр.; потоки 88179.00/0.00 KZT. Правила 5 основных ролей не выполнены. Только наблюдаемые переводы ≥5000 KZT.
100000004135268100,transit,0.4958465998030358,52,0.5618769899704553,Вход/выход: 1239000.00/1000200.00 KZT; отношение ≈0.81. Баланс 0.807264 ≥ 0.591789. Только наблюдаемые переводы ≥5000 KZT.
100000004140487100,distributor,0.8681079482085987,1,0.5075031593995909,Выход 10 контр.: 262600.00 KZT; вход 24510.00 KZT. Порог выхода: ≥3 контр. Только наблюдаемые переводы ≥5000 KZT.
100000004140994100,peripheral,1.0,6,0.28388530047642424,Вход/выход 1/0 контр.; потоки 18650.00/0.00 KZT. Правила 5 основных ролей не выполнены. Только наблюдаемые переводы ≥5000 KZT.
100000004144536100,consolidator,0.5143483322272525,39,0.531538260479965,Вход от 4 контр.: 168000.00 KZT; выход 0.00 KZT. Порог входа: ≥2 контр. Только наблюдаемые переводы ≥5000 KZT.
100000004150593100,distributor,0.7905240817124836,2,0.5413610463066328,Выход 11 контр.: 871165.00 KZT; вход 57000.00 KZT. Порог выхода: ≥3 контр. Только наблюдаемые переводы ≥5000 KZT.
100000004156082100,distributor,0.5694922957777986,16,0.6297852223022635,Выход 26 контр.: 2319556.00 KZT; вход 377366.11 KZT. Порог выхода: ≥3 контр. Только наблюдаемые переводы ≥5000 KZT.
100000004158362100,peripheral,1.0,0,0.29149031235850215,Вход/выход 1/0 контр.; потоки 12000.00/0.00 KZT. Правила 5 основных ролей не выполнены. Только наблюдаемые переводы ≥5000 KZT.
100000004159526100,consolidator,0.5936401039313478,15,0.5542887019279283,Вход от 4 контр.: 275037.00 KZT; выход 68000.00 KZT. Порог входа: ≥2 контр. Только наблюдаемые переводы ≥5000 KZT.
100000004160650100,distributor,0.5922396166783498,39,0.5039145592373449,Выход 10 контр.: 1489827.00 KZT; вход 75100.00 KZT. Порог выхода: ≥3 контр. Только наблюдаемые переводы ≥5000 KZT.
100000004167082100,peripheral,0.5,14,0.27540405928191797,Вход/выход 1/0 контр.; потоки 13300.00/0.00 KZT. Правила 5 основных ролей не выполнены. Depth=4: продолжение неизвестно.
100000004174835100,peripheral,0.5,91,0.2257012782750131,Вход/выход 0/0 контр.; потоки 0.00/0.00 KZT. Правила 5 основных ролей не выполнены. Seed: вход неполон.
100000004177936100,peripheral,0.5,3,0.26506909210723567,Вход/выход 1/0 контр.; потоки 10000.00/0.00 KZT. Правила 5 основных ролей не выполнены. Depth=4: продолжение неизвестно.
100000004180097100,consolidator,0.603389401092805,0,0.5613805792064055,Вход от 3 контр.: 104854.00 KZT; выход 47800.00 KZT. Порог входа: ≥2 контр. Только наблюдаемые переводы ≥5000 KZT.
100000004183610100,peripheral,1.0,14,0.3737434282588896,Вход/выход 1/1 контр.; потоки 22000.00/915000.00 KZT. Правила 5 основных ролей не выполнены. Только наблюдаемые переводы ≥5000 KZT.
100000004184158100,terminal,0.6665855684651297,0,0.43579539121680716,Вход 203805.00 KZT от 1 контр.; наблюдаемых исходящих связей 0. Порог входа ≥166819.70 KZT; depth=3<4. Только наблюдаемые переводы ≥5000 KZT.
100000004185681100,peripheral,1.0,1,0.29288893126918436,Вход/выход 1/0 контр.; потоки 10000.00/0.00 KZT. Правила 5 основных ролей не выполнены. Только наблюдаемые переводы ≥5000 KZT.
100000004186824100,consolidator,0.8443682366063162,2,0.5366522181143545,Вход от 2 контр.: 451700.00 KZT; выход 7000.00 KZT. Порог входа: ≥2 контр. Только наблюдаемые переводы ≥5000 KZT.
100000004188160100,consolidator,0.4672635044556455,2,0.6757125170754571,Вход от 2 контр.: 87862.00 KZT; выход 133846.00 KZT. Порог входа: ≥2 контр. Только наблюдаемые переводы ≥5000 KZT.
100000004192107100,peripheral,1.0,1,0.30771998511803594,Вход/выход 1/0 контр.; потоки 25000.00/0.00 KZT. Правила 5 основных ролей не выполнены. Только наблюдаемые переводы ≥5000 KZT.
100000004192865100,peripheral,1.0,72,0.3515006968870671,Вход/выход 1/0 контр.; потоки 66666.00/0.00 KZT. Правила 5 основных ролей не выполнены. Только наблюдаемые переводы ≥5000 KZT.
100000004193835100,peripheral,1.0,2,0.48075448179958774,Вход/выход 1/1 контр.; потоки 47000.00/5000.00 KZT. Правила 5 основных ролей не выполнены. Seed: вход неполон.
100000004200745100,peripheral,0.5,12,0.34300317948285697,Вход/выход 1/0 контр.; потоки 130000.00/0.00 KZT. Правила 5 основных ролей не выполнены. Depth=4: продолжение неизвестно.
100000004206046100,peripheral,1.0,2,0.32271236803889947,Вход/выход 1/0 контр.; потоки 11075.00/0.00 KZT. Правила 5 основных ролей не выполнены. Только наблюдаемые переводы ≥5000 KZT.
100000004209339100,peripheral,1.0,34,0.4144876622226692,Вход/выход 1/2 контр.; потоки 138500.00/238500.00 KZT. Правила 5 основных ролей не выполнены. Только наблюдаемые переводы ≥5000 KZT.
100000004213658100,peripheral,1.0,7,0.34058854545241724,Вход/выход 1/0 контр.; потоки 25347.00/0.00 KZT. Правила 5 основных ролей не выполнены. Только наблюдаемые переводы ≥5000 KZT.
100000004217419100,consolidator,0.7692413529854423,3,0.47400974979083105,Вход от 2 контр.: 118200.00 KZT; выход 7700.00 KZT. Порог входа: ≥2 контр. Только наблюдаемые переводы ≥5000 KZT.
100000004218576100,peripheral,1.0,7,0.3412581439821577,Вход/выход 1/0 контр.; потоки 26144.00/0.00 KZT. Правила 5 основных ролей не выполнены. Только наблюдаемые переводы ≥5000 KZT.
100000004221668100,consolidator,0.56656623876327,8,0.5414977847971646,Вход от 4 контр.: 1128300.00 KZT; выход 731440.00 KZT. Порог входа: ≥2 контр. Только наблюдаемые переводы ≥5000 KZT.
100000004222274100,peripheral,0.5,0,0.2930613935270253,Вход/выход 1/0 контр.; потоки 15500.00/0.00 KZT. Правила 5 основных ролей не выполнены. Depth=4: продолжение неизвестно.
100000004225615100,peripheral,1.0,19,0.3343305867326147,Вход/выход 1/0 контр.; потоки 90000.00/0.00 KZT. Правила 5 основных ролей не выполнены. Только наблюдаемые переводы ≥5000 KZT.
100000004226848100,terminal,0.6813103807797031,1,0.5001112756754246,Вход 301866.00 KZT от 1 контр.; наблюдаемых исходящих связей 0. Порог входа ≥166819.70 KZT; depth=1<4. Только наблюдаемые переводы ≥5000 KZT.
100000004232712100,peripheral,0.5,4,0.2870664873397256,Вход/выход 1/0 контр.; потоки 12500.00/0.00 KZT. Правила 5 основных ролей не выполнены. Depth=4: продолжение неизвестно.
100000004235471100,peripheral,0.5,4,0.3272242606210884,Вход/выход 1/0 контр.; потоки 180000.00/0.00 KZT. Правила 5 основных ролей не выполнены. Depth=4: продолжение неизвестно.
100000004241142100,peripheral,0.5,0,0.3035053907737956,Вход/выход 1/0 контр.; потоки 27102.00/0.00 KZT. Правила 5 основных ролей не выполнены. Depth=4: продолжение неизвестно.
100000004254434100,peripheral,1.0,7,0.3528224005935988,Вход/выход 1/0 контр.; потоки 44445.00/0.00 KZT. Правила 5 основных ролей не выполнены. Только наблюдаемые переводы ≥5000 KZT.
100000004257714100,peripheral,1.0,6,0.30612538211443774,Вход/выход 1/0 контр.; потоки 52220.00/0.00 KZT. Правила 5 основных ролей не выполнены. Только наблюдаемые переводы ≥5000 KZT.
100000004260869100,peripheral,0.5,2,0.3104150001754685,Вход/выход 1/0 контр.; потоки 10000.00/0.00 KZT. Правила 5 основных ролей не выполнены. Depth=4: продолжение неизвестно.
100000004261340100,peripheral,0.5,0,0.2993856324700377,Вход/выход 1/0 контр.; потоки 48500.00/0.00 KZT. Правила 5 основных ролей не выполнены. Depth=4: продолжение неизвестно.
100000004263867100,peripheral,0.5,22,0.258652007663895,Вход/выход 1/0 контр.; потоки 9000.00/0.00 KZT. Правила 5 основных ролей не выполнены. Depth=4: продолжение неизвестно.
100000004265639100,peripheral,0.5,3,0.2844131151754795,Вход/выход 1/0 контр.; потоки 10000.00/0.00 KZT. Правила 5 основных ролей не выполнены. Depth=4: продолжение неизвестно.
100000004268036100,peripheral,0.5,22,0.24807225030252802,Вход/выход 1/0 контр.; потоки 5500.00/0.00 KZT. Правила 5 основных ролей не выполнены. Depth=4: продолжение неизвестно.
100000004269433100,peripheral,1.0,16,0.5245033607306687,Вход/выход 0/1 контр.; потоки 0.00/1372000.00 KZT. Правила 5 основных ролей не выполнены. Seed: вход неполон.
100000004272302100,peripheral,0.5,47,0.26064120971769994,Вход/выход 1/0 контр.; потоки 10000.00/0.00 KZT. Правила 5 основных ролей не выполнены. Depth=4: продолжение неизвестно.
100000004278574100,peripheral,1.0,4,0.3008111461896053,Вход/выход 1/1 контр.; потоки 25000.00/12500.00 KZT. Правила 5 основных ролей не выполнены. Только наблюдаемые переводы ≥5000 KZT.
100000004285800100,peripheral,1.0,0,0.3070385387506791,Вход/выход 1/1 контр.; потоки 5000.00/15000.00 KZT. Правила 5 основных ролей не выполнены. Только наблюдаемые переводы ≥5000 KZT.
100000004286573100,peripheral,1.0,12,0.3313966634251292,Вход/выход 1/0 контр.; потоки 16590.00/0.00 KZT. Правила 5 основных ролей не выполнены. Только наблюдаемые переводы ≥5000 KZT.
100000004291560100,peripheral,1.0,0,0.3034906807477839,Вход/выход 1/0 контр.; потоки 47190.00/0.00 KZT. Правила 5 основных ролей не выполнены. Только наблюдаемые переводы ≥5000 KZT.
100000004291663100,peripheral,0.5,0,0.2821204457516895,Вход/выход 1/0 контр.; потоки 25000.00/0.00 KZT. Правила 5 основных ролей не выполнены. Depth=4: продолжение неизвестно.
100000004292885100,peripheral,1.0,6,0.3232382203858815,Вход/выход 1/0 контр.; потоки 112700.00/0.00 KZT. Правила 5 основных ролей не выполнены. Только наблюдаемые переводы ≥5000 KZT.
100000004299488100,consolidator,0.9500000000000001,0,0.6346841416475195,Вход от 6 контр.: 1749000.00 KZT; выход 344999.00 KZT. Порог входа: ≥2 контр. Только наблюдаемые переводы ≥5000 KZT.
100000004315838100,consolidator,0.732364454893048,1,0.4791542257433624,Вход от 2 контр.: 50000.00 KZT; выход 18000.00 KZT. Порог входа: ≥2 контр. Только наблюдаемые переводы ≥5000 KZT.
100000004318918100,peripheral,1.0,10,0.36424793638687847,Вход/выход 1/0 контр.; потоки 75600.00/0.00 KZT. Правила 5 основных ролей не выполнены. Только наблюдаемые переводы ≥5000 KZT.
100000004321983100,peripheral,1.0,8,0.307324570558042,Вход/выход 1/2 контр.; потоки 10840.00/36200.00 KZT. Правила 5 основных ролей не выполнены. Только наблюдаемые переводы ≥5000 KZT.
100000004325327100,consolidator,0.473450022115227,0,0.45299548917616983,Вход от 2 контр.: 70817.00 KZT; выход 70000.00 KZT. Порог входа: ≥2 контр. Только наблюдаемые переводы ≥5000 KZT.
100000004326224100,peripheral,0.5,4,0.3207334849966287,Вход/выход 1/0 контр.; потоки 60000.00/0.00 KZT. Правила 5 основных ролей не выполнены. Depth=4: продолжение неизвестно.
100000004330371100,consolidator,0.8009810293075399,2,0.5802019523933364,Вход от 2 контр.: 264171.00 KZT; выход 90681.00 KZT. Порог входа: ≥2 контр. Только наблюдаемые переводы ≥5000 KZT.
100000004331458100,consolidator,0.49912991049062866,83,0.500022186695313,Вход от 2 контр.: 250000.00 KZT; выход 0.00 KZT. Порог входа: ≥2 контр. Только наблюдаемые переводы ≥5000 KZT.
100000004336228100,peripheral,1.0,3,0.30600044562581324,Вход/выход 1/0 контр.; потоки 51407.00/0.00 KZT. Правила 5 основных ролей не выполнены. Только наблюдаемые переводы ≥5000 KZT.
100000004336312100,consolidator,0.5685522895344883,35,0.4724886301249866,Вход от 3 контр.: 90415.00 KZT; выход 72650.00 KZT. Порог входа: ≥2 контр. Только наблюдаемые переводы ≥5000 KZT.
100000004340038100,peripheral,1.0,14,0.3106444191611591,Вход/выход 1/1 контр.; потоки 9978.00/49000.00 KZT. Правила 5 основных ролей не выполнены. Только наблюдаемые переводы ≥5000 KZT.
100000004350094100,peripheral,0.5,21,0.3295334054756741,Вход/выход 1/0 контр.; потоки 20000.00/0.00 KZT. Правила 5 основных ролей не выполнены. Depth=4: продолжение неизвестно.
100000004351795100,distributor,0.5849570716255976,0,0.7431829121213273,Выход 14 контр.: 1715161.00 KZT; вход 118333.00 KZT. Порог выхода: ≥3 контр. Только наблюдаемые переводы ≥5000 KZT.
100000004356593100,peripheral,1.0,1,0.32805098813986266,Вход/выход 1/1 контр.; потоки 50000.00/10000.00 KZT. Правила 5 основных ролей не выполнены. Только наблюдаемые переводы ≥5000 KZT.
100000004358004100,distributor,0.916125442569371,1,0.6686443394196279,Выход 11 контр.: 980850.00 KZT; вход 0.00 KZT. Порог выхода: ≥3 контр. Seed: вход неполон.
100000004360785100,peripheral,1.0,2,0.3688954305745987,Вход/выход 1/0 контр.; потоки 94705.00/0.00 KZT. Правила 5 основных ролей не выполнены. Только наблюдаемые переводы ≥5000 KZT.
100000004368189100,peripheral,1.0,13,0.35169216128252834,Вход/выход 1/2 контр.; потоки 384600.00/28200.00 KZT. Правила 5 основных ролей не выполнены. Только наблюдаемые переводы ≥5000 KZT.
100000004377043100,peripheral,0.5,29,0.2555615506283706,Вход/выход 1/0 контр.; потоки 5700.00/0.00 KZT. Правила 5 основных ролей не выполнены. Depth=4: продолжение неизвестно.
100000004379306100,peripheral,0.5,3,0.2911698179017704,Вход/выход 1/0 контр.; потоки 15000.00/0.00 KZT. Правила 5 основных ролей не выполнены. Depth=4: продолжение неизвестно.
100000004386258100,consolidator,0.552839306205113,12,0.45543298430748613,Вход от 3 контр.: 61700.00 KZT; выход 40000.00 KZT. Порог входа: ≥2 контр. Только наблюдаемые переводы ≥5000 KZT.
100000004386286100,peripheral,0.5,12,0.293142037108348,Вход/выход 1/0 контр.; потоки 12500.00/0.00 KZT. Правила 5 основных ролей не выполнены. Depth=4: продолжение неизвестно.
100000004386331100,transit,0.693629182073518,12,0.425170901539744,Вход/выход: 20000.00/17500.00 KZT; отношение ≈0.88. Баланс 0.875 ≥ 0.591789. Только наблюдаемые переводы ≥5000 KZT.
100000004388209100,peripheral,1.0,7,0.32416833584398796,Вход/выход 1/0 контр.; потоки 11800.00/0.00 KZT. Правила 5 основных ролей не выполнены. Только наблюдаемые переводы ≥5000 KZT.
100000004388353100,consolidator,0.8033507611472133,10,0.4929919312720649,Вход от 2 контр.: 62960.00 KZT; выход 0.00 KZT. Порог входа: ≥2 контр. Только наблюдаемые переводы ≥5000 KZT.
100000004388983100,peripheral,1.0,67,0.5009708718916138,Вход/выход 0/2 контр.; потоки 0.00/450816.00 KZT. Правила 5 основных ролей не выполнены. Seed: вход неполон.
100000004390333100,distributor,0.5674329884149022,0,0.532659636156352,Выход 9 контр.: 506500.00 KZT; вход 64558.00 KZT. Порог выхода: ≥3 контр. Только наблюдаемые переводы ≥5000 KZT.
100000004394765100,consolidator,0.9194833077200049,2,0.5679319290496854,Вход от 3 контр.: 603844.00 KZT; выход 82500.00 KZT. Порог входа: ≥2 контр. Только наблюдаемые переводы ≥5000 KZT.
100000004398811100,distributor,0.6543826195143615,1,0.501547435241172,Выход 3 контр.: 1040672.00 KZT; вход 426000.00 KZT. Порог выхода: ≥3 контр. Только наблюдаемые переводы ≥5000 KZT.
100000004399686100,terminal,0.7570802083934297,26,0.5023646112927879,Вход 806000.00 KZT от 1 контр.; наблюдаемых исходящих связей 0. Порог входа ≥166819.70 KZT; depth=3<4. Только наблюдаемые переводы ≥5000 KZT.
100000004400305100,distributor,0.5922711737105272,0,0.714095570406821,Выход 82 контр.: 5830181.00 KZT; вход 222800.00 KZT. Порог выхода: ≥3 контр. Только наблюдаемые переводы ≥5000 KZT.
100000004400361100,peripheral,1.0,2,0.2872621358650934,Вход/выход 1/0 контр.; потоки 10000.00/0.00 KZT. Правила 5 основных ролей не выполнены. Только наблюдаемые переводы ≥5000 KZT.
100000004400480100,peripheral,0.5,13,0.29470910438112946,Вход/выход 1/0 контр.; потоки 21700.00/0.00 KZT. Правила 5 основных ролей не выполнены. Depth=4: продолжение неизвестно.
100000004403548100,peripheral,0.5,3,0.25318920942054923,Вход/выход 1/0 контр.; потоки 5000.00/0.00 KZT. Правила 5 основных ролей не выполнены. Depth=4: продолжение неизвестно.
100000004403641100,peripheral,0.5,13,0.32188226405381204,Вход/выход 1/0 контр.; потоки 171500.00/0.00 KZT. Правила 5 основных ролей не выполнены. Depth=4: продолжение неизвестно.
100000004403675100,consolidator,0.5507317147218248,23,0.7316198960696346,Вход от 4 контр.: 182980.00 KZT; выход 264699.00 KZT. Порог входа: ≥2 контр. Только наблюдаемые переводы ≥5000 KZT.
100000004407753100,peripheral,1.0,29,0.398738367386149,Вход/выход 1/1 контр.; потоки 250000.00/100000.00 KZT. Правила 5 основных ролей не выполнены. Только наблюдаемые переводы ≥5000 KZT.
100000004408683100,consolidator,0.83505146798336,2,0.5059167464062071,Вход от 2 контр.: 112919.68 KZT; выход 0.00 KZT. Порог входа: ≥2 контр. Только наблюдаемые переводы ≥5000 KZT.
100000004410489100,peripheral,1.0,1,0.32534349174643984,Вход/выход 1/0 контр.; потоки 54000.00/0.00 KZT. Правила 5 основных ролей не выполнены. Только наблюдаемые переводы ≥5000 KZT.
100000004417753100,consolidator,0.500227627883916,1,0.4258163333118735,Вход от 2 контр.: 192099.00 KZT; выход 0.00 KZT. Порог входа: ≥2 контр. Только наблюдаемые переводы ≥5000 KZT.
100000004418967100,peripheral,0.5,5,0.32422799818841097,Вход/выход 1/0 контр.; потоки 100000.00/0.00 KZT. Правила 5 основных ролей не выполнены. Depth=4: продолжение неизвестно.
100000004420041100,distributor,0.8087230647428078,12,0.5048055255931065,Выход 7 контр.: 651830.00 KZT; вход 69638.00 KZT. Порог выхода: ≥3 контр. Только наблюдаемые переводы ≥5000 KZT.
100000004424023100,peripheral,1.0,8,0.4083078800095412,Вход/выход 1/1 контр.; потоки 50000.00/100000.00 KZT. Правила 5 основных ролей не выполнены. Только наблюдаемые переводы ≥5000 KZT.
100000004433250100,peripheral,0.5,0,0.25761659897263856,Вход/выход 1/0 контр.; потоки 8000.00/0.00 KZT. Правила 5 основных ролей не выполнены. Depth=4: продолжение неизвестно.
100000004435304100,peripheral,1.0,18,0.3082763268979564,Вход/выход 1/0 контр.; потоки 26200.00/0.00 KZT. Правила 5 основных ролей не выполнены. Только наблюдаемые переводы ≥5000 KZT.
100000004441291100,peripheral,1.0,1,0.32542334429829656,Вход/выход 1/0 контр.; потоки 20000.00/0.00 KZT. Правила 5 основных ролей не выполнены. Только наблюдаемые переводы ≥5000 KZT.
100000004445291100,peripheral,1.0,27,0.2875888220529773,Вход/выход 1/0 контр.; потоки 19500.00/0.00 KZT. Правила 5 основных ролей не выполнены. Только наблюдаемые переводы ≥5000 KZT.
100000004449824100,peripheral,0.5,22,0.258652007663895,Вход/выход 1/0 контр.; потоки 9000.00/0.00 KZT. Правила 5 основных ролей не выполнены. Depth=4: продолжение неизвестно.
100000004450649100,consolidator,0.7242998842393966,4,0.4627205551689963,Вход от 2 контр.: 192528.00 KZT; выход 46527.00 KZT. Порог входа: ≥2 контр. Только наблюдаемые переводы ≥5000 KZT.
100000004451012100,transit,0.4599438260811116,21,0.40609771580183057,Вход/выход: 91245.00/65740.00 KZT; отношение ≈0.72. Баланс 0.720478 ≥ 0.591789. Только наблюдаемые переводы ≥5000 KZT.
100000004456564100,peripheral,1.0,15,0.296690184253802,Вход/выход 1/0 контр.; потоки 10000.00/0.00 KZT. Правила 5 основных ролей не выполнены. Только наблюдаемые переводы ≥5000 KZT.
100000004463277100,peripheral,1.0,42,0.3500578522496328,Вход/выход 1/0 контр.; потоки 35000.00/0.00 KZT. Правила 5 основных ролей не выполнены. Только наблюдаемые переводы ≥5000 KZT.
100000004467157100,peripheral,1.0,35,0.317173192783733,Вход/выход 1/1 контр.; потоки 20000.00/7000.00 KZT. Правила 5 основных ролей не выполнены. Только наблюдаемые переводы ≥5000 KZT.
100000004472936100,peripheral,0.5,14,0.26792982284552,Вход/выход 1/0 контр.; потоки 5000.00/0.00 KZT. Правила 5 основных ролей не выполнены. Depth=4: продолжение неизвестно.
100000004475818100,distributor,0.5937023149885909,4,0.41926438700997637,Выход 3 контр.: 53989.00 KZT; вход 13000.00 KZT. Порог выхода: ≥3 контр. Только наблюдаемые переводы ≥5000 KZT.
100000004479404100,consolidator,0.8503258334775646,45,0.5919004455430277,Вход от 2 контр.: 1492000.00 KZT; выход 300000.00 KZT. Порог входа: ≥2 контр. Только наблюдаемые переводы ≥5000 KZT.
100000004480280100,peripheral,1.0,1,0.4060306679416904,Вход/выход 1/2 контр.; потоки 146694.00/295850.00 KZT. Правила 5 основных ролей не выполнены. Только наблюдаемые переводы ≥5000 KZT.
100000004486525100,consolidator,0.6072732131550137,0,0.5178000168273502,Вход от 8 контр.: 360924.00 KZT; выход 271045.00 KZT. Порог входа: ≥2 контр. Только наблюдаемые переводы ≥5000 KZT.
100000004488265100,peripheral,1.0,3,0.29978758417711115,Вход/выход 1/0 контр.; потоки 38740.00/0.00 KZT. Правила 5 основных ролей не выполнены. Только наблюдаемые переводы ≥5000 KZT.
100000004491749100,peripheral,1.0,8,0.3103371282418129,Вход/выход 1/0 контр.; потоки 50000.00/0.00 KZT. Правила 5 основных ролей не выполнены. Только наблюдаемые переводы ≥5000 KZT.
100000004491881100,peripheral,1.0,7,0.3321667976774052,Вход/выход 1/0 контр.; потоки 17144.00/0.00 KZT. Правила 5 основных ролей не выполнены. Только наблюдаемые переводы ≥5000 KZT.
100000004493586100,peripheral,1.0,0,0.26464034943056114,Вход/выход 1/0 контр.; потоки 7500.00/0.00 KZT. Правила 5 основных ролей не выполнены. Только наблюдаемые переводы ≥5000 KZT.
100000004494983100,peripheral,1.0,7,0.34759313825454735,Вход/выход 1/0 контр.; потоки 35000.00/0.00 KZT. Правила 5 основных ролей не выполнены. Только наблюдаемые переводы ≥5000 KZT.
100000004497606100,peripheral,1.0,7,0.33005142554498745,Вход/выход 1/0 контр.; потоки 15534.00/0.00 KZT. Правила 5 основных ролей не выполнены. Только наблюдаемые переводы ≥5000 KZT.
100000004500444100,consolidator,0.827124012289564,15,0.4813481924425411,Вход от 2 контр.: 180000.00 KZT; выход 74000.00 KZT. Порог входа: ≥2 контр. Только наблюдаемые переводы ≥5000 KZT.
100000004500781100,peripheral,0.5,15,0.338280627551083,Вход/выход 1/0 контр.; потоки 74000.00/0.00 KZT. Правила 5 основных ролей не выполнены. Depth=4: продолжение неизвестно.
100000004502048100,peripheral,0.5,21,0.2722566272264467,Вход/выход 1/0 контр.; потоки 13888.00/0.00 KZT. Правила 5 основных ролей не выполнены. Depth=4: продолжение неизвестно.
100000004508696100,distributor,0.6162229166364854,40,0.43205661781662563,Выход 3 контр.: 111000.00 KZT; вход 7000.00 KZT. Порог выхода: ≥3 контр. Только наблюдаемые переводы ≥5000 KZT.
100000004509286100,peripheral,1.0,1,0.35047560375993997,Вход/выход 1/0 контр.; потоки 40000.00/0.00 KZT. Правила 5 основных ролей не выполнены. Только наблюдаемые переводы ≥5000 KZT.
100000004526651100,peripheral,0.5,5,0.2860794999574127,Вход/выход 1/0 контр.; потоки 33000.00/0.00 KZT. Правила 5 основных ролей не выполнены. Depth=4: продолжение неизвестно.
100000004527381100,peripheral,1.0,16,0.3728285488432686,Вход/выход 1/1 контр.; потоки 119333.17/273866.11 KZT. Правила 5 основных ролей не выполнены. Только наблюдаемые переводы ≥5000 KZT.
100000004539443100,consolidator,0.8030597593464945,1,0.489694116011729,Вход от 2 контр.: 61990.00 KZT; выход 0.00 KZT. Порог входа: ≥2 контр. Только наблюдаемые переводы ≥5000 KZT.
100000004544958100,peripheral,1.0,10,0.41364648475665083,Вход/выход 1/2 контр.; потоки 168000.00/23200.00 KZT. Правила 5 основных ролей не выполнены. Только наблюдаемые переводы ≥5000 KZT.
100000004549591100,peripheral,0.5,40,0.30830483909391865,Вход/выход 1/0 контр.; потоки 49000.00/0.00 KZT. Правила 5 основных ролей не выполнены. Depth=4: продолжение неизвестно.
100000004552204100,peripheral,1.0,33,0.349593170628706,Вход/выход 1/2 контр.; потоки 22500.00/10000.00 KZT. Правила 5 основных ролей не выполнены. Только наблюдаемые переводы ≥5000 KZT.
100000004553349100,peripheral,1.0,4,0.2663704901176665,Вход/выход 1/0 контр.; потоки 7755.00/0.00 KZT. Правила 5 основных ролей не выполнены. Только наблюдаемые переводы ≥5000 KZT.
100000004559194100,terminal,0.829390729462339,2,0.5181970926566639,Вход 282145.00 KZT от 1 контр.; наблюдаемых исходящих связей 0. Порог входа ≥166819.70 KZT; depth=1<4. Только наблюдаемые переводы ≥5000 KZT.
100000004564736100,peripheral,1.0,25,0.28722910988951517,Вход/выход 1/0 контр.; потоки 15000.00/0.00 KZT. Правила 5 основных ролей не выполнены. Только наблюдаемые переводы ≥5000 KZT.
100000004569484100,consolidator,0.4658175687127254,9,0.6347474261425888,Вход от 2 контр.: 98312.00 KZT; выход 156000.00 KZT. Порог входа: ≥2 контр. Только наблюдаемые переводы ≥5000 KZT.
100000004569637100,peripheral,0.5,3,0.2718494121116151,Вход/выход 1/0 контр.; потоки 5500.00/0.00 KZT. Правила 5 основных ролей не выполнены. Depth=4: продолжение неизвестно.
100000004571634100,peripheral,0.5,10,0.28305930095960385,Вход/выход 1/0 контр.; потоки 20000.00/0.00 KZT. Правила 5 основных ролей не выполнены. Depth=4: продолжение неизвестно.
100000004573782100,peripheral,1.0,11,0.2978696555265515,Вход/выход 1/0 контр.; потоки 15000.00/0.00 KZT. Правила 5 основных ролей не выполнены. Только наблюдаемые переводы ≥5000 KZT.
100000004580202100,distributor,0.6008290957567999,25,0.4246193940229852,Выход 3 контр.: 45000.00 KZT; вход 9000.00 KZT. Порог выхода: ≥3 контр. Только наблюдаемые переводы ≥5000 KZT.
100000004580254100,consolidator,0.7881239408053979,17,0.4209711702675201,Вход от 2 контр.: 27940.00 KZT; выход 0.00 KZT. Порог входа: ≥2 контр. Только наблюдаемые переводы ≥5000 KZT.
100000004584730100,peripheral,0.5,45,0.2948040603959847,Вход/выход 1/0 контр.; потоки 47000.00/0.00 KZT. Правила 5 основных ролей не выполнены. Depth=4: продолжение неизвестно.
100000004586598100,peripheral,0.5,71,0.3748461109170248,Вход/выход 1/0 контр.; потоки 761255.00/0.00 KZT. Правила 5 основных ролей не выполнены. Depth=4: продолжение неизвестно.
100000004587414100,consolidator,0.49569864767921473,4,0.4397034774456259,Вход от 2 контр.: 533603.00 KZT; выход 0.00 KZT. Порог входа: ≥2 контр. Только наблюдаемые переводы ≥5000 KZT.
100000004588479100,terminal,0.7101803703015751,2,0.48952230810872605,Вход 177633.00 KZT от 1 контр.; наблюдаемых исходящих связей 0. Порог входа ≥166819.70 KZT; depth=1<4. Только наблюдаемые переводы ≥5000 KZT.
100000004591973100,peripheral,1.0,12,0.3336865595245622,Вход/выход 1/1 контр.; потоки 10000.00/100000.00 KZT. Правила 5 основных ролей не выполнены. Только наблюдаемые переводы ≥5000 KZT.
100000004592467100,peripheral,1.0,1,0.27966729567099025,Вход/выход 1/0 контр.; потоки 7000.00/0.00 KZT. Правила 5 основных ролей не выполнены. Только наблюдаемые переводы ≥5000 KZT.
100000004596284100,peripheral,0.5,2,0.3111524261772795,Вход/выход 1/0 контр.; потоки 30000.00/0.00 KZT. Правила 5 основных ролей не выполнены. Depth=4: продолжение неизвестно.
100000004601193100,peripheral,0.5,10,0.33399228809542436,Вход/выход 1/0 контр.; потоки 84000.00/0.00 KZT. Правила 5 основных ролей не выполнены. Depth=4: продолжение неизвестно.
100000004603109100,consolidator,0.92,26,0.5755,Вход от 3 контр.: 2730000.00 KZT; выход 400000.00 KZT. Порог входа: ≥2 контр. Только наблюдаемые переводы ≥5000 KZT.
100000004610802100,peripheral,0.5,59,0.3446571587420665,Вход/выход 1/0 контр.; потоки 241000.00/0.00 KZT. Правила 5 основных ролей не выполнены. Depth=4: продолжение неизвестно.
100000004611571100,peripheral,1.0,0,0.287752788891415,Вход/выход 1/0 контр.; потоки 22550.00/0.00 KZT. Правила 5 основных ролей не выполнены. Только наблюдаемые переводы ≥5000 KZT.
100000004613582100,peripheral,1.0,11,0.3023697149099529,Вход/выход 1/1 контр.; потоки 5000.00/9500.00 KZT. Правила 5 основных ролей не выполнены. Только наблюдаемые переводы ≥5000 KZT.
100000004616845100,peripheral,0.5,57,0.27560386065430165,Вход/выход 1/0 контр.; потоки 20200.00/0.00 KZT. Правила 5 основных ролей не выполнены. Depth=4: продолжение неизвестно.
100000004622227100,transit,0.45912282144454386,0,0.43858796230132197,Вход/выход: 24931.00/19000.00 KZT; отношение ≈0.76. Баланс 0.762103 ≥ 0.591789. Только наблюдаемые переводы ≥5000 KZT.
100000004629688100,peripheral,1.0,16,0.29427378100312357,Вход/выход 1/1 контр.; потоки 5000.00/15000.00 KZT. Правила 5 основных ролей не выполнены. Только наблюдаемые переводы ≥5000 KZT.
100000004634420100,peripheral,1.0,6,0.2911368342386097,Вход/выход 1/0 контр.; потоки 26150.00/0.00 KZT. Правила 5 основных ролей не выполнены. Только наблюдаемые переводы ≥5000 KZT.
100000004635886100,peripheral,1.0,2,0.28867561232065725,Вход/выход 1/0 контр.; потоки 23000.00/0.00 KZT. Правила 5 основных ролей не выполнены. Только наблюдаемые переводы ≥5000 KZT.
100000004644615100,peripheral,1.0,10,0.35797503803792086,Вход/выход 1/2 контр.; потоки 50810.00/379665.00 KZT. Правила 5 основных ролей не выполнены. Только наблюдаемые переводы ≥5000 KZT.
100000004652395100,consolidator,0.5,0,0.3944117557957346,Вход от 3 контр.: 101528.00 KZT; выход 0.00 KZT. Порог входа: ≥2 контр. Depth=4: продолжение неизвестно.
100000004655046100,peripheral,0.5,9,0.30339094338302774,Вход/выход 1/0 контр.; потоки 24000.00/0.00 KZT. Правила 5 основных ролей не выполнены. Depth=4: продолжение неизвестно.
100000004657034100,peripheral,1.0,4,0.32684353063051924,Вход/выход 1/0 контр.; потоки 141250.00/0.00 KZT. Правила 5 основных ролей не выполнены. Только наблюдаемые переводы ≥5000 KZT.
100000004659919100,peripheral,1.0,50,0.3693626633660312,Вход/выход 1/1 контр.; потоки 110000.00/39000.00 KZT. Правила 5 основных ролей не выполнены. Только наблюдаемые переводы ≥5000 KZT.
100000004662806100,consolidator,0.7132175214734684,12,0.4974612860416522,Вход от 2 контр.: 106585.00 KZT; выход 59900.00 KZT. Порог входа: ≥2 контр. Только наблюдаемые переводы ≥5000 KZT.
100000004664515100,peripheral,1.0,0,0.3491345854156228,Вход/выход 1/0 контр.; потоки 37691.00/0.00 KZT. Правила 5 основных ролей не выполнены. Только наблюдаемые переводы ≥5000 KZT.
100000004664905100,consolidator,0.49317291225271714,2,0.4796284263621222,Вход от 2 контр.: 329020.00 KZT; выход 0.00 KZT. Порог входа: ≥2 контр. Только наблюдаемые переводы ≥5000 KZT.
100000004666651100,terminal,0.6945072017300299,68,0.4862311277164581,Вход 429250.00 KZT от 1 контр.; наблюдаемых исходящих связей 0. Порог входа ≥166819.70 KZT; depth=2<4. Только наблюдаемые переводы ≥5000 KZT.
100000004670388100,peripheral,1.0,49,0.3884385754944322,Вход/выход 1/2 контр.; потоки 160354.00/720000.00 KZT. Правила 5 основных ролей не выполнены. Только наблюдаемые переводы ≥5000 KZT.
100000004671609100,peripheral,1.0,13,0.3204490539576191,Вход/выход 1/0 контр.; потоки 100000.00/0.00 KZT. Правила 5 основных ролей не выполнены. Только наблюдаемые переводы ≥5000 KZT.
100000004673335100,peripheral,0.5,30,0.3230836836094494,Вход/выход 1/0 контр.; потоки 80000.00/0.00 KZT. Правила 5 основных ролей не выполнены. Depth=4: продолжение неизвестно.
100000004674178100,peripheral,0.5,27,0.2766449072533808,Вход/выход 1/0 контр.; потоки 20000.00/0.00 KZT. Правила 5 основных ролей не выполнены. Depth=4: продолжение неизвестно.
100000004674389100,peripheral,0.5,10,0.27498751794726706,Вход/выход 1/0 контр.; потоки 15000.00/0.00 KZT. Правила 5 основных ролей не выполнены. Depth=4: продолжение неизвестно.
100000004674412100,peripheral,0.5,10,0.3110138480743613,Вход/выход 1/0 контр.; потоки 46000.00/0.00 KZT. Правила 5 основных ролей не выполнены. Depth=4: продолжение неизвестно.
100000004674799100,peripheral,1.0,0,0.38808943948031094,Вход/выход 1/0 контр.; потоки 140000.00/0.00 KZT. Правила 5 основных ролей не выполнены. Только наблюдаемые переводы ≥5000 KZT.
100000004676985100,transit,0.6640806510794518,0,0.4102252826824258,Вход/выход: 32260.00/27102.00 KZT; отношение ≈0.84. Баланс 0.840112 ≥ 0.591789. Только наблюдаемые переводы ≥5000 KZT.
100000004677680100,consolidator,0.7366959980959848,10,0.5638286183279527,Вход от 2 контр.: 63000.00 KZT; выход 168000.00 KZT. Порог входа: ≥2 контр. Только наблюдаемые переводы ≥5000 KZT.
100000004679953100,consolidator,0.61413899787182,3,0.5706370734963437,Вход от 3 контр.: 343538.00 KZT; выход 34100.00 KZT. Порог входа: ≥2 контр. Только наблюдаемые переводы ≥5000 KZT.
100000004687099100,peripheral,1.0,11,0.3147086958202474,Вход/выход 1/0 контр.; потоки 30000.00/0.00 KZT. Правила 5 основных ролей не выполнены. Только наблюдаемые переводы ≥5000 KZT.
100000004687282100,peripheral,1.0,2,0.3059618205390241,Вход/выход 1/0 контр.; потоки 20000.00/0.00 KZT. Правила 5 основных ролей не выполнены. Только наблюдаемые переводы ≥5000 KZT.
100000004689658100,peripheral,1.0,3,0.3629337377459904,Вход/выход 1/1 контр.; потоки 456100.00/7092.00 KZT. Правила 5 основных ролей не выполнены. Только наблюдаемые переводы ≥5000 KZT.
100000004691350100,peripheral,0.5,49,0.3204194107612195,Вход/выход 1/0 контр.; потоки 13300.00/0.00 KZT. Правила 5 основных ролей не выполнены. Depth=4: продолжение неизвестно.
100000004692798100,consolidator,0.7986360870228021,12,0.5705425681798221,Вход от 2 контр.: 240305.00 KZT; выход 15000.00 KZT. Порог входа: ≥2 контр. Только наблюдаемые переводы ≥5000 KZT.
100000004697956100,transit,0.7122327802840922,8,0.40836224887431727,Вход/выход: 10000.00/10000.00 KZT; отношение ≈1.00. Баланс 1 ≥ 0.591789. Только наблюдаемые переводы ≥5000 KZT.
100000004698193100,consolidator,0.5536604514657857,8,0.488892232769322,Вход от 2 контр.: 222700.00 KZT; выход 38000.00 KZT. Порог входа: ≥2 контр. Только наблюдаемые переводы ≥5000 KZT.
100000004707703100,transit,0.5494801078428057,2,0.5299692511232302,Вход/выход: 239300.00/231650.00 KZT; отношение ≈0.97. Баланс 0.968032 ≥ 0.591789. Только наблюдаемые переводы ≥5000 KZT.
100000004713684100,peripheral,1.0,0,0.29858201175238425,Вход/выход 1/0 контр.; потоки 37500.00/0.00 KZT. Правила 5 основных ролей не выполнены. Только наблюдаемые переводы ≥5000 KZT.
100000004714705100,peripheral,1.0,23,0.4478497329444726,Вход/выход 0/1 контр.; потоки 0.00/36550.00 KZT. Правила 5 основных ролей не выполнены. Seed: вход неполон.
100000004715209100,distributor,0.7680700155665161,31,0.47399107142483865,Выход 5 контр.: 350450.00 KZT; вход 5000.00 KZT. Порог выхода: ≥3 контр. Только наблюдаемые переводы ≥5000 KZT.
100000004717647100,distributor,0.7771166115521291,45,0.5634519760707222,Выход 5 контр.: 2240000.00 KZT; вход 300000.00 KZT. Порог выхода: ≥3 контр. Только наблюдаемые переводы ≥5000 KZT.
100000004722630100,peripheral,0.5,49,0.35354868923972393,Вход/выход 1/0 контр.; потоки 340000.00/0.00 KZT. Правила 5 основных ролей не выполнены. Depth=4: продолжение неизвестно.
100000004722765100,distributor,0.6995718774385555,47,0.5142675651180345,Выход 3 контр.: 2284500.00 KZT; вход 230000.00 KZT. Порог выхода: ≥3 контр. Только наблюдаемые переводы ≥5000 KZT.
100000004723755100,peripheral,1.0,1,0.4680460153424166,Вход/выход 0/1 контр.; потоки 0.00/95000.00 KZT. Правила 5 основных ролей не выполнены. Seed: вход неполон.
100000004726132100,peripheral,1.0,0,0.3520894810426,Вход/выход 1/1 контр.; потоки 349000.00/24000.00 KZT. Правила 5 основных ролей не выполнены. Только наблюдаемые переводы ≥5000 KZT.
100000004732589100,terminal,0.67071170032575,10,0.46352179629548557,Вход 227520.00 KZT от 1 контр.; наблюдаемых исходящих связей 0. Порог входа ≥166819.70 KZT; depth=2<4. Только наблюдаемые переводы ≥5000 KZT.
100000004737477100,consolidator,0.48737528454774415,0,0.4429843233724964,Вход от 2 контр.: 49598.00 KZT; выход 40500.00 KZT. Порог входа: ≥2 контр. Только наблюдаемые переводы ≥5000 KZT.
100000004737764100,terminal,0.7070605607899106,1,0.49818270410000387,Вход 600000.00 KZT от 1 контр.; наблюдаемых исходящих связей 0. Порог входа ≥166819.70 KZT; depth=3<4. Только наблюдаемые переводы ≥5000 KZT.
100000004739664100,transit,0.6372327802840922,7,0.4329276837049493,Вход/выход: 12000.00/10000.00 KZT; отношение ≈0.83. Баланс 0.833333 ≥ 0.591789. Только наблюдаемые переводы ≥5000 KZT.
100000004741837100,peripheral,1.0,2,0.3405648873607631,Вход/выход 1/0 контр.; потоки 25596.00/0.00 KZT. Правила 5 основных ролей не выполнены. Только наблюдаемые переводы ≥5000 KZT.
100000004744306100,transit,0.6769928261983891,23,0.5021182159640523,Вход/выход: 69000.00/92000.00 KZT; отношение ≈1.33. Баланс 0.75 ≥ 0.591789. Только наблюдаемые переводы ≥5000 KZT.
100000004746397100,peripheral,1.0,4,0.3727800220419663,Вход/выход 1/1 контр.; потоки 219520.00/7500.00 KZT. Правила 5 основных ролей не выполнены. Только наблюдаемые переводы ≥5000 KZT.
100000004747154100,peripheral,0.5,31,0.3048677040777128,Вход/выход 1/0 контр.; потоки 67000.00/0.00 KZT. Правила 5 основных ролей не выполнены. Depth=4: продолжение неизвестно.
100000004750321100,consolidator,0.7991003395968364,9,0.4350226388441829,Вход от 2 контр.: 50185.00 KZT; выход 0.00 KZT. Порог входа: ≥2 контр. Только наблюдаемые переводы ≥5000 KZT.
100000004750897100,peripheral,1.0,16,0.28879032762756807,Вход/выход 1/0 контр.; потоки 10000.00/0.00 KZT. Правила 5 основных ролей не выполнены. Только наблюдаемые переводы ≥5000 KZT.
100000004756901100,peripheral,1.0,2,0.3471039949737244,Вход/выход 1/0 контр.; потоки 153248.00/0.00 KZT. Правила 5 основных ролей не выполнены. Только наблюдаемые переводы ≥5000 KZT.
100000004759121100,consolidator,0.9500000000000001,0,0.6342974595244477,Вход от 6 контр.: 710000.00 KZT; выход 312000.00 KZT. Порог входа: ≥2 контр. Только наблюдаемые переводы ≥5000 KZT.
100000004765639100,peripheral,1.0,0,0.3038859558601289,Вход/выход 1/2 контр.; потоки 5000.00/11000.00 KZT. Правила 5 основных ролей не выполнены. Только наблюдаемые переводы ≥5000 KZT.
100000004770073100,transit,0.6974442974843266,0,0.37948915548773704,Вход/выход: 5462.40/5466.97 KZT; отношение ≈1.00. Баланс 0.999164 ≥ 0.591789. Только наблюдаемые переводы ≥5000 KZT.
100000004777215100,peripheral,0.5,24,0.3144594243597467,Вход/выход 1/0 контр.; потоки 60000.00/0.00 KZT. Правила 5 основных ролей не выполнены. Depth=4: продолжение неизвестно.
100000004779204100,transit,0.5986329397925785,0,0.3969595068102971,Вход/выход: 30450.00/20000.00 KZT; отношение ≈0.66. Баланс 0.656814 ≥ 0.591789. Только наблюдаемые переводы ≥5000 KZT.
100000004780083100,peripheral,0.5,59,0.26114692157494657,Вход/выход 1/0 контр.; потоки 9999.00/0.00 KZT. Правила 5 основных ролей не выполнены. Depth=4: продолжение неизвестно.
100000004780327100,peripheral,0.5,22,0.26487845496591417,Вход/выход 1/0 контр.; потоки 12000.00/0.00 KZT. Правила 5 основных ролей не выполнены. Depth=4: продолжение неизвестно.
100000004783447100,peripheral,1.0,7,0.3413044392401718,Вход/выход 1/0 контр.; потоки 26200.00/0.00 KZT. Правила 5 основных ролей не выполнены. Только наблюдаемые переводы ≥5000 KZT.
100000004784224100,peripheral,1.0,26,0.37532168918920716,Вход/выход 1/1 контр.; потоки 23500.00/100000.00 KZT. Правила 5 основных ролей не выполнены. Только наблюдаемые переводы ≥5000 KZT.
100000004788983100,peripheral,0.5,0,0.28898619619261395,Вход/выход 1/0 контр.; потоки 27000.00/0.00 KZT. Правила 5 основных ролей не выполнены. Depth=4: продолжение неизвестно.
100000004790991100,terminal,0.7827823044878135,2,0.5073204168820085,Вход 239413.00 KZT от 1 контр.; наблюдаемых исходящих связей 0. Порог входа ≥166819.70 KZT; depth=1<4. Только наблюдаемые переводы ≥5000 KZT.
100000004791226100,peripheral,0.5,0,0.2980984720936334,Вход/выход 1/0 контр.; потоки 20000.00/0.00 KZT. Правила 5 основных ролей не выполнены. Depth=4: продолжение неизвестно.
100000004792397100,peripheral,1.0,7,0.36401202954820755,Вход/выход 1/0 контр.; потоки 73520.00/0.00 KZT. Правила 5 основных ролей не выполнены. Только наблюдаемые переводы ≥5000 KZT.
100000004797167100,peripheral,0.5,3,0.3082739514672149,Вход/выход 1/0 контр.; потоки 31000.00/0.00 KZT. Правила 5 основных ролей не выполнены. Depth=4: продолжение неизвестно.
100000004798515100,peripheral,0.5,12,0.33081978985291227,Вход/выход 1/0 контр.; потоки 200000.00/0.00 KZT. Правила 5 основных ролей не выполнены. Depth=4: продолжение неизвестно.
100000004800452100,peripheral,0.5,4,0.28043649811885846,Вход/выход 1/0 контр.; потоки 6544.53/0.00 KZT. Правила 5 основных ролей не выполнены. Depth=4: продолжение неизвестно.
100000004800648100,peripheral,0.5,12,0.31944692305382183,Вход/выход 1/0 контр.; потоки 131000.00/0.00 KZT. Правила 5 основных ролей не выполнены. Depth=4: продолжение неизвестно.
100000004806903100,peripheral,1.0,1,0.321824398792759,Вход/выход 1/0 контр.; потоки 18000.00/0.00 KZT. Правила 5 основных ролей не выполнены. Только наблюдаемые переводы ≥5000 KZT.
100000004813068100,distributor,0.691363664971367,26,0.5958514895781651,Выход 3 контр.: 297000.00 KZT; вход 0.00 KZT. Порог выхода: ≥3 контр. Seed: вход неполон.
100000004816564100,peripheral,1.0,16,0.36884364961786315,Вход/выход 1/1 контр.; потоки 285480.00/5000.00 KZT. Правила 5 основных ролей не выполнены. Только наблюдаемые переводы ≥5000 KZT.
100000004820260100,transit,0.5702828247013252,16,0.5172654055160826,Вход/выход: 234200.00/215350.00 KZT; отношение ≈0.92. Баланс 0.919513 ≥ 0.591789. Только наблюдаемые переводы ≥5000 KZT.
100000004825069100,peripheral,1.0,18,0.3112558057949708,Вход/выход 1/0 контр.; потоки 30000.00/0.00 KZT. Правила 5 основных ролей не выполнены. Только наблюдаемые переводы ≥5000 KZT.
100000004840086100,peripheral,0.5,0,0.3319181783260604,Вход/выход 1/0 контр.; потоки 100000.00/0.00 KZT. Правила 5 основных ролей не выполнены. Depth=4: продолжение неизвестно.
100000004841728100,peripheral,1.0,7,0.35637245833640774,Вход/выход 1/0 контр.; потоки 52208.00/0.00 KZT. Правила 5 основных ролей не выполнены. Только наблюдаемые переводы ≥5000 KZT.
100000004847758100,distributor,0.5600997067857679,1,0.6120665918038963,Выход 15 контр.: 488800.00 KZT; вход 115171.00 KZT. Порог выхода: ≥3 контр. Только наблюдаемые переводы ≥5000 KZT.
100000004848236100,peripheral,0.5,0,0.2564589948747453,Вход/выход 1/0 контр.; потоки 7500.00/0.00 KZT. Правила 5 основных ролей не выполнены. Depth=4: продолжение неизвестно.
100000004850609100,peripheral,0.5,0,0.26291463268073406,Вход/выход 1/0 контр.; потоки 10000.00/0.00 KZT. Правила 5 основных ролей не выполнены. Depth=4: продолжение неизвестно.
100000004856746100,peripheral,0.5,35,0.2763991202943369,Вход/выход 1/0 контр.; потоки 20000.00/0.00 KZT. Правила 5 основных ролей не выполнены. Depth=4: продолжение неизвестно.
100000004877085100,distributor,0.6454594247581682,14,0.4277793431099274,Выход 3 контр.: 95600.00 KZT; вход 25000.00 KZT. Порог выхода: ≥3 контр. Только наблюдаемые переводы ≥5000 KZT.
100000004889043100,consolidator,0.4942484878269889,0,0.4237689587365358,Вход от 2 контр.: 272000.00 KZT; выход 0.00 KZT. Порог входа: ≥2 контр. Только наблюдаемые переводы ≥5000 KZT.
100000004890713100,peripheral,0.5,9,0.2913723208256466,Вход/выход 1/0 контр.; потоки 40485.00/0.00 KZT. Правила 5 основных ролей не выполнены. Depth=4: продолжение неизвестно.
100000004891562100,peripheral,0.5,22,0.3148105986165609,Вход/выход 1/0 контр.; потоки 103400.00/0.00 KZT. Правила 5 основных ролей не выполнены. Depth=4: продолжение неизвестно.
100000004892144100,consolidator,0.8503258334775646,26,0.5650488750216347,Вход от 2 контр.: 4500000.00 KZT; выход 180300.00 KZT. Порог входа: ≥2 контр. Только наблюдаемые переводы ≥5000 KZT.
100000004904960100,consolidator,0.7906667787727333,0,0.4745375335944559,Вход от 2 контр.: 32000.00 KZT; выход 0.00 KZT. Порог входа: ≥2 контр. Только наблюдаемые переводы ≥5000 KZT.
100000004905207100,terminal,0.6899389721872595,15,0.4808673709703553,Вход 380000.00 KZT от 1 контр.; наблюдаемых исходящих связей 0. Порог входа ≥166819.70 KZT; depth=2<4. Только наблюдаемые переводы ≥5000 KZT.
100000004906181100,distributor,0.8665221993868023,37,0.5244385269545666,Выход 7 контр.: 2473417.91 KZT; вход 100000.00 KZT. Порог выхода: ≥3 контр. Только наблюдаемые переводы ≥5000 KZT.
100000004908173100,peripheral,0.5,5,0.27930371347518923,Вход/выход 1/0 контр.; потоки 21000.00/0.00 KZT. Правила 5 основных ролей не выполнены. Depth=4: продолжение неизвестно.
100000004911971100,peripheral,0.5,37,0.28724610916255267,Вход/выход 1/0 контр.; потоки 35000.00/0.00 KZT. Правила 5 основных ролей не выполнены. Depth=4: продолжение неизвестно.
100000004917367100,consolidator,0.8154394102628544,4,0.45424323447458753,Вход от 2 контр.: 120000.00 KZT; выход 0.00 KZT. Порог входа: ≥2 контр. Только наблюдаемые переводы ≥5000 KZT.
100000004921657100,peripheral,1.0,1,0.3008174967320509,Вход/выход 1/1 контр.; потоки 8300.00/22190.00 KZT. Правила 5 основных ролей не выполнены. Только наблюдаемые переводы ≥5000 KZT.
100000004931931100,peripheral,1.0,0,0.3141724020659505,Вход/выход 1/1 контр.; потоки 23938.00/45000.00 KZT. Правила 5 основных ролей не выполнены. Только наблюдаемые переводы ≥5000 KZT.
100000004948177100,consolidator,0.5032421776933479,2,0.48807543004202736,Вход от 3 контр.: 437163.00 KZT; выход 0.00 KZT. Порог входа: ≥2 контр. Только наблюдаемые переводы ≥5000 KZT.
100000004950490100,peripheral,1.0,11,0.2911643215086791,Вход/выход 1/0 контр.; потоки 10000.00/0.00 KZT. Правила 5 основных ролей не выполнены. Только наблюдаемые переводы ≥5000 KZT.
100000004959752100,peripheral,1.0,1,0.33212889431613235,Вход/выход 1/0 контр.; потоки 22200.00/0.00 KZT. Правила 5 основных ролей не выполнены. Только наблюдаемые переводы ≥5000 KZT.
100000004962193100,consolidator,0.5,0,0.497150255501707,Вход от 8 контр.: 900468.00 KZT; выход 0.00 KZT. Порог входа: ≥2 контр. Только наблюдаемые переводы ≥5000 KZT.
100000004970752100,peripheral,1.0,0,0.3115099491232879,Вход/выход 1/0 контр.; потоки 10000.00/0.00 KZT. Правила 5 основных ролей не выполнены. Только наблюдаемые переводы ≥5000 KZT.
100000004971871100,peripheral,1.0,79,0.4853689452811183,Вход/выход 1/1 контр.; потоки 25400.00/5650.00 KZT. Правила 5 основных ролей не выполнены. Seed: вход неполон.
100000004975919100,transit,0.5981997069298223,3,0.393138553280896,Вход/выход: 22351.00/15000.00 KZT; отношение ≈0.67. Баланс 0.671111 ≥ 0.591789. Только наблюдаемые переводы ≥5000 KZT.
100000004976946100,peripheral,0.5,43,0.33121249557433285,Вход/выход 1/0 контр.; потоки 246000.00/0.00 KZT. Правила 5 основных ролей не выполнены. Depth=4: продолжение неизвестно.
100000004979264100,peripheral,0.5,5,0.30095999060815676,Вход/выход 1/0 контр.; потоки 39800.00/0.00 KZT. Правила 5 основных ролей не выполнены. Depth=4: продолжение неизвестно.
100000004979283100,peripheral,1.0,9,0.3011698717839675,Вход/выход 1/0 контр.; потоки 40132.00/0.00 KZT. Правила 5 основных ролей не выполнены. Только наблюдаемые переводы ≥5000 KZT.
100000004979498100,peripheral,1.0,52,0.444053820219651,Вход/выход 1/1 контр.; потоки 700000.00/200000.00 KZT. Правила 5 основных ролей не выполнены. Только наблюдаемые переводы ≥5000 KZT.
100000004981068100,peripheral,0.5,3,0.2688271969162195,Вход/выход 1/0 контр.; потоки 10000.00/0.00 KZT. Правила 5 основных ролей не выполнены. Depth=4: продолжение неизвестно.
100000004984689100,peripheral,1.0,3,0.30668730032658376,Вход/выход 1/0 контр.; потоки 53030.00/0.00 KZT. Правила 5 основных ролей не выполнены. Только наблюдаемые переводы ≥5000 KZT.
100000004988240100,peripheral,0.5,0,0.29706208084355745,Вход/выход 1/0 контр.; потоки 20000.00/0.00 KZT. Правила 5 основных ролей не выполнены. Depth=4: продолжение неизвестно.
100000004991593100,peripheral,0.5,3,0.2984776206966082,Вход/выход 1/0 контр.; потоки 45000.00/0.00 KZT. Правила 5 основных ролей не выполнены. Depth=4: продолжение неизвестно.
100000004991812100,peripheral,1.0,25,0.27592007513289407,Вход/выход 1/0 контр.; потоки 10000.00/0.00 KZT. Правила 5 основных ролей не выполнены. Только наблюдаемые переводы ≥5000 KZT.
100000004993576100,terminal,0.6591197117538655,16,0.4502777653670227,Вход 167000.00 KZT от 1 контр.; наблюдаемых исходящих связей 0. Порог входа ≥166819.70 KZT; depth=2<4. Только наблюдаемые переводы ≥5000 KZT.
100000004997515100,consolidator,0.6066075406465362,5,0.4597148576458363,Вход от 4 контр.: 395000.00 KZT; выход 54500.00 KZT. Порог входа: ≥2 контр. Только наблюдаемые переводы ≥5000 KZT.
100000005008589100,peripheral,1.0,0,0.30276451277216515,Вход/выход 1/0 контр.; потоки 42806.68/0.00 KZT. Правила 5 основных ролей не выполнены. Только наблюдаемые переводы ≥5000 KZT.
100000005010159100,peripheral,0.5,3,0.28270806234217283,Вход/выход 1/0 контр.; потоки 7092.00/0.00 KZT. Правила 5 основных ролей не выполнены. Depth=4: продолжение неизвестно.
100000005017150100,peripheral,0.5,92,0.2257012782750131,Вход/выход 0/0 контр.; потоки 0.00/0.00 KZT. Правила 5 основных ролей не выполнены. Seed: вход неполон.
100000005022552100,peripheral,1.0,2,0.34465086644498705,Вход/выход 1/1 контр.; потоки 241000.00/5000.00 KZT. Правила 5 основных ролей не выполнены. Только наблюдаемые переводы ≥5000 KZT.
100000005022964100,peripheral,1.0,1,0.3055241530552567,Вход/выход 1/0 контр.; потоки 20000.00/0.00 KZT. Правила 5 основных ролей не выполнены. Только наблюдаемые переводы ≥5000 KZT.
100000005025629100,peripheral,0.5,4,0.24930012157030362,Вход/выход 1/0 контр.; потоки 5227.00/0.00 KZT. Правила 5 основных ролей не выполнены. Depth=4: продолжение неизвестно.
100000005030592100,peripheral,1.0,16,0.28739891495441083,Вход/выход 1/0 контр.; потоки 10000.00/0.00 KZT. Правила 5 основных ролей не выполнены. Только наблюдаемые переводы ≥5000 KZT.
100000005031696100,peripheral,1.0,50,0.37732863499672,Вход/выход 1/2 контр.; потоки 5000.00/115000.00 KZT. Правила 5 основных ролей не выполнены. Только наблюдаемые переводы ≥5000 KZT.
100000005032294100,peripheral,1.0,15,0.296690184253802,Вход/выход 1/0 контр.; потоки 10000.00/0.00 KZT. Правила 5 основных ролей не выполнены. Только наблюдаемые переводы ≥5000 KZT.
100000005034574100,terminal,0.842209395476382,67,0.5281079486824388,Вход 258816.00 KZT от 1 контр.; наблюдаемых исходящих связей 0. Порог входа ≥166819.70 KZT; depth=1<4. Только наблюдаемые переводы ≥5000 KZT.
100000005037490100,peripheral,1.0,14,0.3079731308217196,Вход/выход 1/2 контр.; потоки 15000.00/30000.00 KZT. Правила 5 основных ролей не выполнены. Только наблюдаемые переводы ≥5000 KZT.
100000005041147100,peripheral,0.5,0,0.2827504789030891,Вход/выход 1/0 контр.; потоки 10000.00/0.00 KZT. Правила 5 основных ролей не выполнены. Depth=4: продолжение неизвестно.
100000005041905100,peripheral,1.0,6,0.3696180195216847,Вход/выход 1/1 контр.; потоки 5000.00/1080351.00 KZT. Правила 5 основных ролей не выполнены. Только наблюдаемые переводы ≥5000 KZT.
100000005042822100,peripheral,0.5,32,0.37281731816181435,Вход/выход 1/0 контр.; потоки 1000000.00/0.00 KZT. Правила 5 основных ролей не выполнены. Depth=4: продолжение неизвестно.
100000005048668100,distributor,0.5431057995233646,3,0.5224829137704791,Выход 8 контр.: 159400.00 KZT; вход 16668.00 KZT. Порог выхода: ≥3 контр. Только наблюдаемые переводы ≥5000 KZT.
100000005049404100,peripheral,0.5,4,0.3111358511698842,Вход/выход 1/0 контр.; потоки 98000.00/0.00 KZT. Правила 5 основных ролей не выполнены. Depth=4: продолжение неизвестно.
100000005052998100,peripheral,1.0,0,0.29866467149990417,Вход/выход 1/1 контр.; потоки 9500.00/28400.00 KZT. Правила 5 основных ролей не выполнены. Только наблюдаемые переводы ≥5000 KZT.
100000005053653100,consolidator,0.736717702724723,14,0.4539391771586355,Вход от 2 контр.: 63073.00 KZT; выход 25000.00 KZT. Порог входа: ≥2 контр. Только наблюдаемые переводы ≥5000 KZT.
100000005055454100,peripheral,1.0,42,0.2811071670478378,Вход/выход 1/0 контр.; потоки 6500.00/0.00 KZT. Правила 5 основных ролей не выполнены. Только наблюдаемые переводы ≥5000 KZT.
100000005056870100,peripheral,1.0,46,0.3366849432783996,Вход/выход 1/0 контр.; потоки 20000.00/0.00 KZT. Правила 5 основных ролей не выполнены. Только наблюдаемые переводы ≥5000 KZT.
100000005059998100,peripheral,1.0,1,0.30047059570274215,Вход/выход 1/0 контр.; потоки 18000.00/0.00 KZT. Правила 5 основных ролей не выполнены. Только наблюдаемые переводы ≥5000 KZT.
100000005061890100,peripheral,1.0,1,0.339284929208085,Вход/выход 1/0 контр.; потоки 90000.00/0.00 KZT. Правила 5 основных ролей не выполнены. Только наблюдаемые переводы ≥5000 KZT.
100000005074393100,consolidator,0.49860281364960685,14,0.582258390362051,Вход от 4 контр.: 563026.00 KZT; выход 685500.00 KZT. Порог входа: ≥2 контр. Только наблюдаемые переводы ≥5000 KZT.
100000005075949100,peripheral,0.5,47,0.4090022598812368,Вход/выход 1/0 контр.; потоки 2226000.00/0.00 KZT. Правила 5 основных ролей не выполнены. Depth=4: продолжение неизвестно.
100000005077484100,peripheral,1.0,42,0.36898411480568205,Вход/выход 1/2 контр.; потоки 150000.00/13550.00 KZT. Правила 5 основных ролей не выполнены. Только наблюдаемые переводы ≥5000 KZT.
100000005079473100,peripheral,0.5,3,0.2930239524753719,Вход/выход 1/0 контр.; потоки 39312.00/0.00 KZT. Правила 5 основных ролей не выполнены. Depth=4: продолжение неизвестно.
100000005079754100,peripheral,1.0,1,0.39356552633040554,Вход/выход 1/2 контр.; потоки 70000.00/122000.00 KZT. Правила 5 основных ролей не выполнены. Только наблюдаемые переводы ≥5000 KZT.
100000005082652100,peripheral,1.0,11,0.3046672824210186,Вход/выход 1/0 контр.; потоки 30000.00/0.00 KZT. Правила 5 основных ролей не выполнены. Только наблюдаемые переводы ≥5000 KZT.
100000005087431100,peripheral,0.5,93,0.2257012782750131,Вход/выход 0/0 контр.; потоки 0.00/0.00 KZT. Правила 5 основных ролей не выполнены. Seed: вход неполон.
100000005087923100,peripheral,0.5,8,0.2908141457593325,Вход/выход 1/0 контр.; потоки 20000.00/0.00 KZT. Правила 5 основных ролей не выполнены. Depth=4: продолжение неизвестно.
100000005089460100,peripheral,1.0,6,0.27499576046169405,Вход/выход 1/0 контр.; потоки 12300.00/0.00 KZT. Правила 5 основных ролей не выполнены. Только наблюдаемые переводы ≥5000 KZT.
100000005092518100,peripheral,1.0,7,0.3412581439821577,Вход/выход 1/0 контр.; потоки 26144.00/0.00 KZT. Правила 5 основных ролей не выполнены. Только наблюдаемые переводы ≥5000 KZT.
100000005093521100,peripheral,1.0,1,0.32957225248426747,Вход/выход 1/0 контр.; потоки 15200.00/0.00 KZT. Правила 5 основных ролей не выполнены. Только наблюдаемые переводы ≥5000 KZT.
100000005100475100,peripheral,1.0,8,0.3044466700986171,Вход/выход 1/0 контр.; потоки 40000.00/0.00 KZT. Правила 5 основных ролей не выполнены. Только наблюдаемые переводы ≥5000 KZT.
100000005105153100,peripheral,1.0,0,0.32082381395398957,Вход/выход 1/0 контр.; потоки 30000.00/0.00 KZT. Правила 5 основных ролей не выполнены. Только наблюдаемые переводы ≥5000 KZT.
100000005124479100,consolidator,0.7180253073684936,0,0.4971083180945719,Вход от 2 контр.: 137753.00 KZT; выход 22000.00 KZT. Порог входа: ≥2 контр. Только наблюдаемые переводы ≥5000 KZT.
100000005127767100,peripheral,1.0,40,0.2752067243618129,Вход/выход 1/0 контр.; потоки 7000.00/0.00 KZT. Правила 5 основных ролей не выполнены. Только наблюдаемые переводы ≥5000 KZT.
100000005133757100,consolidator,0.8039484076390355,3,0.49003974477212975,Вход от 2 контр.: 65000.00 KZT; выход 0.00 KZT. Порог входа: ≥2 контр. Только наблюдаемые переводы ≥5000 KZT.
100000005140601100,consolidator,0.839867262644626,3,0.550580242320241,Вход от 3 контр.: 52685.00 KZT; выход 195300.00 KZT. Порог входа: ≥2 контр. Только наблюдаемые переводы ≥5000 KZT.
100000005142492100,peripheral,1.0,8,0.37246168502154087,Вход/выход 1/1 контр.; потоки 10000.00/57000.00 KZT. Правила 5 основных ролей не выполнены. Только наблюдаемые переводы ≥5000 KZT.
100000005142589100,peripheral,1.0,0,0.32337042812381533,Вход/выход 1/0 контр.; потоки 50000.00/0.00 KZT. Правила 5 основных ролей не выполнены. Только наблюдаемые переводы ≥5000 KZT.
100000005146665100,peripheral,0.5,57,0.24788722371815572,Вход/выход 1/0 контр.; потоки 5500.00/0.00 KZT. Правила 5 основных ролей не выполнены. Depth=4: продолжение неизвестно.
100000005168487100,peripheral,1.0,10,0.4011867258971748,Вход/выход 1/1 контр.; потоки 15000.00/103510.00 KZT. Правила 5 основных ролей не выполнены. Только наблюдаемые переводы ≥5000 KZT.
100000005171642100,transit,0.5036181168494174,8,0.5129123359751201,Вход/выход: 696800.00/683600.00 KZT; отношение ≈0.98. Баланс 0.981056 ≥ 0.591789. Только наблюдаемые переводы ≥5000 KZT.
100000005172860100,peripheral,1.0,0,0.27987110044496544,Вход/выход 1/0 контр.; потоки 15209.20/0.00 KZT. Правила 5 основных ролей не выполнены. Только наблюдаемые переводы ≥5000 KZT.
100000005175148100,consolidator,0.7777859002494976,16,0.4903070677520748,Вход от 2 контр.: 79000.00 KZT; выход 15000.00 KZT. Порог входа: ≥2 контр. Только наблюдаемые переводы ≥5000 KZT.
100000005182219100,consolidator,0.8008174422897214,4,0.44095259315650104,Вход от 2 контр.: 55000.00 KZT; выход 0.00 KZT. Порог входа: ≥2 контр. Только наблюдаемые переводы ≥5000 KZT.
100000005183943100,terminal,0.875,54,0.5701045827103689,Вход 680900.00 KZT от 1 контр.; наблюдаемых исходящих связей 0. Порог входа ≥166819.70 KZT; depth=1<4. Только наблюдаемые переводы ≥5000 KZT.
100000005186109100,peripheral,1.0,16,0.28456181088012966,Вход/выход 1/0 контр.; потоки 5000.00/0.00 KZT. Правила 5 основных ролей не выполнены. Только наблюдаемые переводы ≥5000 KZT.
100000005186131100,transit,0.7122327802840922,0,0.39433317012133756,Вход/выход: 10000.00/10000.00 KZT; отношение ≈1.00. Баланс 1 ≥ 0.591789. Только наблюдаемые переводы ≥5000 KZT.
100000005187208100,peripheral,1.0,4,0.2801725795005545,Вход/выход 1/0 контр.; потоки 14160.00/0.00 KZT. Правила 5 основных ролей не выполнены. Только наблюдаемые переводы ≥5000 KZT.
100000005189258100,peripheral,0.5,4,0.29720426736463357,Вход/выход 1/0 контр.; потоки 50000.00/0.00 KZT. Правила 5 основных ролей не выполнены. Depth=4: продолжение неизвестно.
100000005198498100,peripheral,1.0,6,0.29321485348239407,Вход/выход 1/0 контр.; потоки 28800.00/0.00 KZT. Правила 5 основных ролей не выполнены. Только наблюдаемые переводы ≥5000 KZT.
100000005198906100,peripheral,1.0,4,0.34450318846458183,Вход/выход 1/1 контр.; потоки 227970.00/60000.00 KZT. Правила 5 основных ролей не выполнены. Только наблюдаемые переводы ≥5000 KZT.
100000005203590100,peripheral,1.0,8,0.33510236240481595,Вход/выход 1/0 контр.; потоки 90000.00/0.00 KZT. Правила 5 основных ролей не выполнены. Только наблюдаемые переводы ≥5000 KZT.
100000005205745100,peripheral,1.0,8,0.2787121942005521,Вход/выход 1/0 контр.; потоки 6000.00/0.00 KZT. Правила 5 основных ролей не выполнены. Только наблюдаемые переводы ≥5000 KZT.
100000005209352100,peripheral,0.5,0,0.2578962091904647,Вход/выход 1/0 контр.; потоки 5000.00/0.00 KZT. Правила 5 основных ролей не выполнены. Depth=4: продолжение неизвестно.
100000005222360100,peripheral,1.0,15,0.45132879288231975,Вход/выход 1/1 контр.; потоки 5000.00/27000.00 KZT. Правила 5 основных ролей не выполнены. Только наблюдаемые переводы ≥5000 KZT.
100000005226217100,peripheral,0.5,5,0.2810342291629231,Вход/выход 1/0 контр.; потоки 17500.00/0.00 KZT. Правила 5 основных ролей не выполнены. Depth=4: продолжение неизвестно.
100000005228059100,peripheral,1.0,7,0.3411386526059994,Вход/выход 1/0 контр.; потоки 26000.00/0.00 KZT. Правила 5 основных ролей не выполнены. Только наблюдаемые переводы ≥5000 KZT.
100000005233755100,peripheral,1.0,17,0.29656296607598137,Вход/выход 1/1 контр.; потоки 25000.00/5000.00 KZT. Правила 5 основных ролей не выполнены. Только наблюдаемые переводы ≥5000 KZT.
100000005235389100,peripheral,0.5,94,0.2257012782750131,Вход/выход 0/0 контр.; потоки 0.00/0.00 KZT. Правила 5 основных ролей не выполнены. Seed: вход неполон.
100000005237935150,peripheral,1.0,13,0.31441611818509674,Вход/выход 1/0 контр.; потоки 34508.00/0.00 KZT. Правила 5 основных ролей не выполнены. Только наблюдаемые переводы ≥5000 KZT.
100000005241556100,peripheral,1.0,20,0.3428087710188057,Вход/выход 1/0 контр.; потоки 100000.00/0.00 KZT. Правила 5 основных ролей не выполнены. Только наблюдаемые переводы ≥5000 KZT.
100000005242320100,distributor,0.6614352681386766,13,0.523307046356234,Выход 21 контр.: 8936295.00 KZT; вход 365700.00 KZT. Порог выхода: ≥3 контр. Только наблюдаемые переводы ≥5000 KZT.
100000005264874100,peripheral,1.0,38,0.3340425810995287,Вход/выход 1/2 контр.; потоки 30000.00/78000.00 KZT. Правила 5 основных ролей не выполнены. Только наблюдаемые переводы ≥5000 KZT.
100000005264990100,peripheral,1.0,23,0.4944085401611217,Вход/выход 1/2 контр.; потоки 17070.00/122000.00 KZT. Правила 5 основных ролей не выполнены. Seed: вход неполон.
100000005265073100,peripheral,1.0,23,0.28112472737514815,Вход/выход 1/1 контр.; потоки 5000.00/9000.00 KZT. Правила 5 основных ролей не выполнены. Только наблюдаемые переводы ≥5000 KZT.
100000005268319100,distributor,0.7224987667035274,0,0.4456219103663425,Выход 5 контр.: 91000.00 KZT; вход 19712.80 KZT. Порог выхода: ≥3 контр. Только наблюдаемые переводы ≥5000 KZT.
100000005272139100,peripheral,0.5,2,0.3619176725170258,Вход/выход 1/0 контр.; потоки 165000.00/0.00 KZT. Правила 5 основных ролей не выполнены. Depth=4: продолжение неизвестно.
100000005287097100,distributor,0.5615515978828793,2,0.7006465008731887,Выход 9 контр.: 697300.00 KZT; вход 127173.00 KZT. Порог выхода: ≥3 контр. Только наблюдаемые переводы ≥5000 KZT.
100000005293969100,peripheral,0.5,0,0.26969139548362714,Вход/выход 1/0 контр.; потоки 5466.97/0.00 KZT. Правила 5 основных ролей не выполнены. Depth=4: продолжение неизвестно.
100000005308954100,peripheral,1.0,2,0.3279027808307256,Вход/выход 1/1 контр.; потоки 69020.00/30000.00 KZT. Правила 5 основных ролей не выполнены. Только наблюдаемые переводы ≥5000 KZT.
100000005314565100,terminal,0.7525286890962513,0,0.45656934573305014,Вход 218500.00 KZT от 1 контр.; наблюдаемых исходящих связей 0. Порог входа ≥166819.70 KZT; depth=3<4. Только наблюдаемые переводы ≥5000 KZT.
100000005316708100,peripheral,1.0,8,0.3965567112217887,Вход/выход 1/2 контр.; потоки 90000.00/257500.00 KZT. Правила 5 основных ролей не выполнены. Только наблюдаемые переводы ≥5000 KZT.
100000005317181100,peripheral,1.0,0,0.3341515336785916,Вход/выход 1/1 контр.; потоки 141250.00/14500.00 KZT. Правила 5 основных ролей не выполнены. Только наблюдаемые переводы ≥5000 KZT.
100000005326681100,peripheral,1.0,16,0.312081049159731,Вход/выход 1/0 контр.; потоки 31228.00/0.00 KZT. Правила 5 основных ролей не выполнены. Только наблюдаемые переводы ≥5000 KZT.
100000005328215100,peripheral,1.0,10,0.30926872324726423,Вход/выход 1/0 контр.; потоки 27000.00/0.00 KZT. Правила 5 основных ролей не выполнены. Только наблюдаемые переводы ≥5000 KZT.
100000005339662100,consolidator,0.5364107714540463,16,0.5858764851361337,Вход от 4 контр.: 202939.00 KZT; выход 295160.00 KZT. Порог входа: ≥2 контр. Только наблюдаемые переводы ≥5000 KZT.
100000005342513100,peripheral,1.0,18,0.4015352076004718,Вход/выход 1/1 контр.; потоки 235000.00/30000.00 KZT. Правила 5 основных ролей не выполнены. Только наблюдаемые переводы ≥5000 KZT.
100000005357034100,peripheral,1.0,0,0.2699694002368508,Вход/выход 1/0 контр.; потоки 9754.00/0.00 KZT. Правила 5 основных ролей не выполнены. Только наблюдаемые переводы ≥5000 KZT.
100000005357705100,distributor,0.6871632904365019,3,0.4638612641422868,Выход 4 контр.: 387080.00 KZT; вход 52595.00 KZT. Порог выхода: ≥3 контр. Только наблюдаемые переводы ≥5000 KZT.
100000005360814100,peripheral,0.5,3,0.33015095189107024,Вход/выход 1/0 контр.; потоки 144000.00/0.00 KZT. Правила 5 основных ролей не выполнены. Depth=4: продолжение неизвестно.
100000005362848100,peripheral,1.0,9,0.2939282253021208,Вход/выход 1/0 контр.; потоки 29000.00/0.00 KZT. Правила 5 основных ролей не выполнены. Только наблюдаемые переводы ≥5000 KZT.
100000005363908100,transit,0.7281728616601134,61,0.46320641826123204,Вход/выход: 19500.00/19500.00 KZT; отношение ≈1.00. Баланс 1 ≥ 0.591789. Только наблюдаемые переводы ≥5000 KZT.
100000005367180100,peripheral,0.5,3,0.299554858052027,Вход/выход 1/0 контр.; потоки 7700.00/0.00 KZT. Правила 5 основных ролей не выполнены. Depth=4: продолжение неизвестно.
100000005367284100,peripheral,1.0,0,0.31403611602912707,Вход/выход 1/2 контр.; потоки 13700.00/48300.00 KZT. Правила 5 основных ролей не выполнены. Только наблюдаемые переводы ≥5000 KZT.
100000005367445100,transit,0.6956895807213179,5,0.43659879848861494,Вход/выход: 5000.00/5000.00 KZT; отношение ≈1.00. Баланс 1 ≥ 0.591789. Только наблюдаемые переводы ≥5000 KZT.
100000005370558100,peripheral,0.5,0,0.24702686895539333,Вход/выход 1/0 контр.; потоки 5000.00/0.00 KZT. Правила 5 основных ролей не выполнены. Depth=4: продолжение неизвестно.
100000005370580100,peripheral,1.0,14,0.4444467408956384,Вход/выход 1/0 контр.; потоки 24075.00/0.00 KZT. Правила 5 основных ролей не выполнены. Seed: вход неполон.
100000005375968100,peripheral,1.0,0,0.34456559512010976,Вход/выход 1/2 контр.; потоки 170082.00/86000.00 KZT. Правила 5 основных ролей не выполнены. Только наблюдаемые переводы ≥5000 KZT.
100000005382566100,consolidator,0.966436433399194,23,0.720410336335009,Вход от 7 контр.: 393066.00 KZT; выход 50000.00 KZT. Порог входа: ≥2 контр. Seed: вход неполон.
100000005386383100,consolidator,0.7269726872431839,23,0.6132261763324417,Вход от 2 контр.: 37500.00 KZT; выход 29000.00 KZT. Порог входа: ≥2 контр. Seed: вход неполон.
100000005392290100,peripheral,1.0,82,0.46479615055533113,Вход/выход 0/1 контр.; потоки 0.00/81465.00 KZT. Правила 5 основных ролей не выполнены. Seed: вход неполон.
100000005394708100,peripheral,1.0,23,0.37249402148684857,Вход/выход 1/1 контр.; потоки 26000.00/65000.00 KZT. Правила 5 основных ролей не выполнены. Только наблюдаемые переводы ≥5000 KZT.
100000005395727100,peripheral,1.0,16,0.43936155920758946,Вход/выход 1/0 контр.; потоки 17000.00/0.00 KZT. Правила 5 основных ролей не выполнены. Seed: вход неполон.
100000005402643100,transit,0.6315803345025783,19,0.4480735170104577,Вход/выход: 127800.00/90000.00 KZT; отношение ≈0.70. Баланс 0.704225 ≥ 0.591789. Только наблюдаемые переводы ≥5000 KZT.
100000005409156100,consolidator,0.49896100055357867,4,0.42661346057879723,Вход от 2 контр.: 260080.00 KZT; выход 0.00 KZT. Порог входа: ≥2 контр. Только наблюдаемые переводы ≥5000 KZT.
100000005409680100,consolidator,0.800837877180592,21,0.6160552446192401,Вход от 2 контр.: 55060.00 KZT; выход 0.00 KZT. Порог входа: ≥2 контр. Seed: вход неполон.
100000005413948100,consolidator,0.7216408394842576,5,0.48488444005895165,Вход от 2 контр.: 28215.00 KZT; выход 5000.00 KZT. Порог входа: ≥2 контр. Только наблюдаемые переводы ≥5000 KZT.
100000005417257100,peripheral,1.0,23,0.470362573198823,Вход/выход 0/2 контр.; потоки 0.00/106000.00 KZT. Правила 5 основных ролей не выполнены. Seed: вход неполон.
100000005432267100,consolidator,0.4976570086147553,1,0.4835449944570607,Вход от 2 контр.: 350001.00 KZT; выход 0.00 KZT. Порог входа: ≥2 контр. Только наблюдаемые переводы ≥5000 KZT.
100000005454368100,consolidator,0.7984988540855684,14,0.5915889233963312,Вход от 2 контр.: 48600.00 KZT; выход 0.00 KZT. Порог входа: ≥2 контр. Seed: вход неполон.
100000005456919100,consolidator,0.845505225752171,62,0.5993214572894068,Вход от 2 контр.: 479950.00 KZT; выход 5000.00 KZT. Порог входа: ≥2 контр. Только наблюдаемые переводы ≥5000 KZT.
100000005473151100,consolidator,0.5795434147655906,9,0.5634086107061267,Вход от 3 контр.: 1220000.00 KZT; выход 225000.00 KZT. Порог входа: ≥2 контр. Только наблюдаемые переводы ≥5000 KZT.
100000005474472100,peripheral,1.0,26,0.359106269319706,Вход/выход 1/0 контр.; потоки 100000.00/0.00 KZT. Правила 5 основных ролей не выполнены. Только наблюдаемые переводы ≥5000 KZT.
100000005475379100,transit,0.47075244719959586,10,0.4225027832159904,Вход/выход: 108370.00/81000.00 KZT; отношение ≈0.75. Баланс 0.747439 ≥ 0.591789. Только наблюдаемые переводы ≥5000 KZT.
100000005480435100,peripheral,0.5,95,0.2257012782750131,Вход/выход 0/0 контр.; потоки 0.00/0.00 KZT. Правила 5 основных ролей не выполнены. Seed: вход неполон.
100000005481280100,transit,0.4358215381018882,16,0.40804492391407476,Вход/выход: 32700.00/50000.00 KZT; отношение ≈1.53. Баланс 0.654 ≥ 0.591789. Только наблюдаемые переводы ≥5000 KZT.
100000005485830100,distributor,0.7703724537144929,46,0.6061434865835125,Выход 5 контр.: 275885.00 KZT; вход 0.00 KZT. Порог выхода: ≥3 контр. Seed: вход неполон.
100000005493505100,consolidator,0.9068282022595355,1,0.630326870161531,Вход от 3 контр.: 62020.00 KZT; выход 0.00 KZT. Порог входа: ≥2 контр. Seed: вход неполон.
100000005495211100,peripheral,0.5,0,0.2929524044110871,Вход/выход 1/0 контр.; потоки 14500.00/0.00 KZT. Правила 5 основных ролей не выполнены. Depth=4: продолжение неизвестно.
100000005495722100,peripheral,0.5,96,0.2257012782750131,Вход/выход 0/0 контр.; потоки 0.00/0.00 KZT. Правила 5 основных ролей не выполнены. Seed: вход неполон.
100000005496254100,peripheral,1.0,0,0.32571388922281463,Вход/выход 1/0 контр.; потоки 12700.00/0.00 KZT. Правила 5 основных ролей не выполнены. Только наблюдаемые переводы ≥5000 KZT.
100000005497148100,peripheral,0.5,4,0.2973282570055647,Вход/выход 1/0 контр.; потоки 24000.00/0.00 KZT. Правила 5 основных ролей не выполнены. Depth=4: продолжение неизвестно.
100000005498992100,distributor,0.9840399644035478,19,0.6794444161807643,Выход 16 контр.: 2262868.00 KZT; вход 0.00 KZT. Порог выхода: ≥3 контр. Seed: вход неполон.
100000005505655100,consolidator,0.5250110795553764,27,0.47873858912155826,Вход от 2 контр.: 33070.00 KZT; выход 20000.00 KZT. Порог входа: ≥2 контр. Только наблюдаемые переводы ≥5000 KZT.
100000005507142100,consolidator,0.5764919256048874,38,0.46292027788749773,Вход от 3 контр.: 51000.00 KZT; выход 100000.00 KZT. Порог входа: ≥2 контр. Только наблюдаемые переводы ≥5000 KZT.
100000005514161100,consolidator,0.9518343364483624,8,0.6148846769995845,Вход от 4 контр.: 401500.00 KZT; выход 50000.00 KZT. Порог входа: ≥2 контр. Только наблюдаемые переводы ≥5000 KZT.
100000005519347100,consolidator,0.7394828534150462,2,0.6160326493299747,Вход от 2 контр.: 73100.00 KZT; выход 99000.00 KZT. Порог входа: ≥2 контр. Seed: вход неполон.
100000005519998100,transit,0.491728947441558,35,0.4771629704523729,Вход/выход: 182000.00/188000.00 KZT; отношение ≈1.03. Баланс 0.968085 ≥ 0.591789. Только наблюдаемые переводы ≥5000 KZT.
100000005523088100,terminal,0.7570802083934297,23,0.6856354044299757,Вход 700000.00 KZT от 1 контр.; наблюдаемых исходящих связей 0. Порог входа ≥166819.70 KZT; depth=0<4. Seed: вход неполон.
100000005527892100,consolidator,0.4790405717515519,20,0.5788062335881963,Вход от 3 контр.: 220001.00 KZT; выход 552419.00 KZT. Порог входа: ≥2 контр. Только наблюдаемые переводы ≥5000 KZT.
100000005530114100,consolidator,0.7512518033325241,17,0.46674860723935446,Вход от 2 контр.: 136970.00 KZT; выход 25000.00 KZT. Порог входа: ≥2 контр. Только наблюдаемые переводы ≥5000 KZT.
100000005532138100,peripheral,1.0,11,0.2905969080440723,Вход/выход 1/0 контр.; потоки 25046.00/0.00 KZT. Правила 5 основных ролей не выполнены. Только наблюдаемые переводы ≥5000 KZT.
100000005539201100,peripheral,1.0,2,0.36718566564887406,Вход/выход 1/1 контр.; потоки 45504.00/25000.00 KZT. Правила 5 основных ролей не выполнены. Только наблюдаемые переводы ≥5000 KZT.
100000005539910100,peripheral,1.0,1,0.3641918512471826,Вход/выход 1/2 контр.; потоки 102000.00/22000.00 KZT. Правила 5 основных ролей не выполнены. Только наблюдаемые переводы ≥5000 KZT.
100000005543136100,peripheral,1.0,1,0.4204466396554304,Вход/выход 0/1 контр.; потоки 0.00/10000.00 KZT. Правила 5 основных ролей не выполнены. Seed: вход неполон.
100000005546031100,consolidator,0.8985874884510775,61,0.5415875340385716,Вход от 3 контр.: 66800.00 KZT; выход 8000.00 KZT. Порог входа: ≥2 контр. Только наблюдаемые переводы ≥5000 KZT.
100000005547096100,peripheral,1.0,83,0.41641598276830416,Вход/выход 1/2 контр.; потоки 8000.00/226300.00 KZT. Правила 5 основных ролей не выполнены. Только наблюдаемые переводы ≥5000 KZT.
100000005550592100,peripheral,0.5,97,0.2257012782750131,Вход/выход 0/0 контр.; потоки 0.00/0.00 KZT. Правила 5 основных ролей не выполнены. Seed: вход неполон.
100000005553088100,peripheral,0.5,3,0.27306152508369863,Вход/выход 1/0 контр.; потоки 17500.00/0.00 KZT. Правила 5 основных ролей не выполнены. Depth=4: продолжение неизвестно.
100000005560900100,peripheral,0.5,98,0.2257012782750131,Вход/выход 0/0 контр.; потоки 0.00/0.00 KZT. Правила 5 основных ролей не выполнены. Seed: вход неполон.
100000005561741100,peripheral,1.0,9,0.31046442218830356,Вход/выход 1/0 контр.; потоки 25000.00/0.00 KZT. Правила 5 основных ролей не выполнены. Только наблюдаемые переводы ≥5000 KZT.
100000005567828100,peripheral,0.5,9,0.31098149479537307,Вход/выход 1/0 контр.; потоки 94000.00/0.00 KZT. Правила 5 основных ролей не выполнены. Depth=4: продолжение неизвестно.
100000005568407100,peripheral,0.5,99,0.2257012782750131,Вход/выход 0/0 контр.; потоки 0.00/0.00 KZT. Правила 5 основных ролей не выполнены. Seed: вход неполон.
100000005572303100,peripheral,1.0,2,0.34189512780420017,Вход/выход 1/1 контр.; потоки 75000.00/20000.00 KZT. Правила 5 основных ролей не выполнены. Только наблюдаемые переводы ≥5000 KZT.
100000005578559100,distributor,0.6567926070657065,9,0.5421290360410919,Выход 21 контр.: 893163.67 KZT; вход 131000.00 KZT. Порог выхода: ≥3 контр. Только наблюдаемые переводы ≥5000 KZT.
100000005584222100,consolidator,0.7854378952754787,0,0.5678443772381839,Вход от 2 контр.: 192717.00 KZT; выход 108587.00 KZT. Порог входа: ≥2 контр. Только наблюдаемые переводы ≥5000 KZT.
100000005588444100,peripheral,1.0,11,0.3248867426567422,Вход/выход 1/0 контр.; потоки 12300.00/0.00 KZT. Правила 5 основных ролей не выполнены. Только наблюдаемые переводы ≥5000 KZT.
100000005589319100,peripheral,0.5,1,0.2828404577884053,Вход/выход 1/0 контр.; потоки 26000.00/0.00 KZT. Правила 5 основных ролей не выполнены. Depth=4: продолжение неизвестно.
100000005602999100,peripheral,1.0,34,0.30921866308819623,Вход/выход 1/2 контр.; потоки 5000.00/16000.00 KZT. Правила 5 основных ролей не выполнены. Только наблюдаемые переводы ≥5000 KZT.
100000005608515100,peripheral,1.0,11,0.32704264927267557,Вход/выход 1/0 контр.; потоки 64000.00/0.00 KZT. Правила 5 основных ролей не выполнены. Только наблюдаемые переводы ≥5000 KZT.
100000005610717100,consolidator,0.9457239832329337,0,0.514495329395344,Вход от 4 контр.: 484500.00 KZT; выход 265200.00 KZT. Порог входа: ≥2 контр. Только наблюдаемые переводы ≥5000 KZT.
100000005612411100,consolidator,0.4820703384381552,1,0.5041023246662637,Вход от 3 контр.: 115500.00 KZT; выход 506997.00 KZT. Порог входа: ≥2 контр. Только наблюдаемые переводы ≥5000 KZT.
100000005614315100,terminal,0.6966909994867936,2,0.4983513967375352,Вход 455000.00 KZT от 1 контр.; наблюдаемых исходящих связей 0. Порог входа ≥166819.70 KZT; depth=2<4. Только наблюдаемые переводы ≥5000 KZT.
100000005616568100,peripheral,0.5,4,0.35754671836448176,Вход/выход 1/0 контр.; потоки 530000.00/0.00 KZT. Правила 5 основных ролей не выполнены. Depth=4: продолжение неизвестно.
100000005619339100,transit,0.6611191991899259,2,0.3985482814371628,Вход/выход: 5000.00/5442.60 KZT; отношение ≈1.09. Баланс 0.918679 ≥ 0.591789. Только наблюдаемые переводы ≥5000 KZT.
100000005620225100,consolidator,0.7989731787727643,0,0.47521311187629794,Вход от 2 контр.: 49845.66 KZT; выход 0.00 KZT. Порог входа: ≥2 контр. Только наблюдаемые переводы ≥5000 KZT.
100000005621418100,peripheral,0.5,28,0.2856703840829028,Вход/выход 1/0 контр.; потоки 30000.00/0.00 KZT. Правила 5 основных ролей не выполнены. Depth=4: продолжение неизвестно.
100000005628518100,peripheral,1.0,21,0.33584007485092593,Вход/выход 1/0 контр.; потоки 77000.00/0.00 KZT. Правила 5 основных ролей не выполнены. Только наблюдаемые переводы ≥5000 KZT.
100000005634552100,distributor,0.6567545685102553,0,0.5279102234939184,Выход 3 контр.: 1196000.00 KZT; вход 25850.00 KZT. Порог выхода: ≥3 контр. Только наблюдаемые переводы ≥5000 KZT.
100000005636951100,peripheral,0.5,8,0.32117945278297805,Вход/выход 1/0 контр.; потоки 40000.00/0.00 KZT. Правила 5 основных ролей не выполнены. Depth=4: продолжение неизвестно.
100000005660203100,peripheral,1.0,2,0.4359616908329018,Вход/выход 1/2 контр.; потоки 572899.00/41000.00 KZT. Правила 5 основных ролей не выполнены. Только наблюдаемые переводы ≥5000 KZT.
100000005661528100,peripheral,1.0,3,0.29031515454088475,Вход/выход 1/0 контр.; потоки 25000.00/0.00 KZT. Правила 5 основных ролей не выполнены. Только наблюдаемые переводы ≥5000 KZT.
100000005661829100,transit,0.741150988598716,21,0.43115606723247496,Вход/выход: 37790.00/40362.00 KZT; отношение ≈1.07. Баланс 0.936277 ≥ 0.591789. Только наблюдаемые переводы ≥5000 KZT.
100000005664632100,terminal,0.8322862418444322,68,0.48230063845647736,Вход 198620.00 KZT от 1 контр.; наблюдаемых исходящих связей 0. Порог входа ≥166819.70 KZT; depth=2<4. Только наблюдаемые переводы ≥5000 KZT.
100000005664922100,consolidator,0.4602035567170794,26,0.49206265593523724,Вход от 2 контр.: 22000.00 KZT; выход 537000.00 KZT. Порог входа: ≥2 контр. Только наблюдаемые переводы ≥5000 KZT.
100000005665181100,distributor,0.4959691140804627,4,0.4999639271146268,Выход 11 контр.: 181915.00 KZT; вход 45498.00 KZT. Порог выхода: ≥3 контр. Только наблюдаемые переводы ≥5000 KZT.
100000005667841100,consolidator,0.5003587114478802,5,0.4097102158139671,Вход от 2 контр.: 186000.00 KZT; выход 0.00 KZT. Порог входа: ≥2 контр. Только наблюдаемые переводы ≥5000 KZT.
100000005668605100,consolidator,0.9147213862084809,23,0.6547728279204071,Вход от 3 контр.: 94500.00 KZT; выход 0.00 KZT. Порог входа: ≥2 контр. Seed: вход неполон.
100000005669845100,peripheral,1.0,42,0.3379684891959155,Вход/выход 1/0 контр.; потоки 20000.00/0.00 KZT. Правила 5 основных ролей не выполнены. Только наблюдаемые переводы ≥5000 KZT.
100000005674387100,peripheral,1.0,6,0.2911779232162681,Вход/выход 1/0 контр.; потоки 26200.00/0.00 KZT. Правила 5 основных ролей не выполнены. Только наблюдаемые переводы ≥5000 KZT.
100000005685783100,peripheral,0.5,84,0.30292212718595257,Вход/выход 1/0 контр.; потоки 26150.00/0.00 KZT. Правила 5 основных ролей не выполнены. Depth=4: продолжение неизвестно.
100000005704413100,distributor,0.6092399113674377,9,0.7115235701906585,Выход 32 контр.: 1363593.00 KZT; вход 97834.67 KZT. Порог выхода: ≥3 контр. Только наблюдаемые переводы ≥5000 KZT.
100000005709551100,peripheral,1.0,14,0.2902603774889557,Вход/выход 1/0 контр.; потоки 24560.00/0.00 KZT. Правила 5 основных ролей не выполнены. Только наблюдаемые переводы ≥5000 KZT.
100000005711521100,peripheral,0.5,14,0.34977591418293863,Вход/выход 1/0 контр.; потоки 238000.00/0.00 KZT. Правила 5 основных ролей не выполнены. Depth=4: продолжение неизвестно.
100000005723580100,peripheral,0.5,5,0.29221791773196315,Вход/выход 1/0 контр.; потоки 35000.00/0.00 KZT. Правила 5 основных ролей не выполнены. Depth=4: продолжение неизвестно.
100000005730108100,peripheral,1.0,0,0.28896403582801944,Вход/выход 1/0 контр.; потоки 8000.00/0.00 KZT. Правила 5 основных ролей не выполнены. Только наблюдаемые переводы ≥5000 KZT.
100000005744674100,peripheral,1.0,23,0.45450276139488577,Вход/выход 0/1 контр.; потоки 0.00/50066.00 KZT. Правила 5 основных ролей не выполнены. Seed: вход неполон.
100000005745873100,peripheral,0.5,43,0.32885194422089475,Вход/выход 1/0 контр.; потоки 223000.00/0.00 KZT. Правила 5 основных ролей не выполнены. Depth=4: продолжение неизвестно.
100000005754335100,peripheral,1.0,44,0.31248138928785274,Вход/выход 1/0 контр.; потоки 44037.00/0.00 KZT. Правила 5 основных ролей не выполнены. Только наблюдаемые переводы ≥5000 KZT.
100000005756189100,transit,0.6397675662015345,4,0.42041058088371597,Вход/выход: 65000.00/49050.00 KZT; отношение ≈0.75. Баланс 0.754615 ≥ 0.591789. Только наблюдаемые переводы ≥5000 KZT.
100000005756535100,peripheral,1.0,18,0.30810800364202795,Вход/выход 1/0 контр.; потоки 20000.00/0.00 KZT. Правила 5 основных ролей не выполнены. Только наблюдаемые переводы ≥5000 KZT.
100000005767403100,peripheral,0.5,35,0.4216301263324289,Вход/выход 1/0 контр.; потоки 1100000.00/0.00 KZT. Правила 5 основных ролей не выполнены. Depth=4: продолжение неизвестно.
100000005778283100,consolidator,0.5146447393854191,11,0.5038703159476181,Вход от 3 контр.: 615760.00 KZT; выход 0.00 KZT. Порог входа: ≥2 контр. Только наблюдаемые переводы ≥5000 KZT.
100000005782781100,consolidator,0.5060230636598669,11,0.5430636483069149,Вход от 6 контр.: 171888.00 KZT; выход 1263597.00 KZT. Порог входа: ≥2 контр. Только наблюдаемые переводы ≥5000 KZT.
100000005782886100,peripheral,0.5,5,0.2745652581373654,Вход/выход 1/0 контр.; потоки 14000.00/0.00 KZT. Правила 5 основных ролей не выполнены. Depth=4: продолжение неизвестно.
100000005783452100,consolidator,0.5,13,0.4171613846401009,Вход от 2 контр.: 286500.00 KZT; выход 0.00 KZT. Порог входа: ≥2 контр. Depth=4: продолжение неизвестно.
100000005799271100,peripheral,1.0,10,0.34147517816167744,Вход/выход 1/0 контр.; потоки 45000.00/0.00 KZT. Правила 5 основных ролей не выполнены. Только наблюдаемые переводы ≥5000 KZT.
100000005807278100,peripheral,1.0,46,0.31738660517701023,Вход/выход 1/0 контр.; потоки 8385.00/0.00 KZT. Правила 5 основных ролей не выполнены. Только наблюдаемые переводы ≥5000 KZT.
100000005809252100,peripheral,1.0,4,0.33177912919818503,Вход/выход 1/0 контр.; потоки 25000.00/0.00 KZT. Правила 5 основных ролей не выполнены. Только наблюдаемые переводы ≥5000 KZT.
100000005815602100,peripheral,1.0,2,0.3584405545529057,Вход/выход 1/1 контр.; потоки 20000.00/165000.00 KZT. Правила 5 основных ролей не выполнены. Только наблюдаемые переводы ≥5000 KZT.
100000005820746100,peripheral,1.0,26,0.4375,Вход/выход 1/1 контр.; потоки 1989000.00/60000.00 KZT. Правила 5 основных ролей не выполнены. Только наблюдаемые переводы ≥5000 KZT.
100000005830339100,consolidator,0.6410512367128519,1,0.5028623190512617,Вход от 5 контр.: 476341.00 KZT; выход 339251.00 KZT. Порог входа: ≥2 контр. Только наблюдаемые переводы ≥5000 KZT.
100000005834479100,peripheral,1.0,3,0.3217622698020185,Вход/выход 1/2 контр.; потоки 7500.00/14470.00 KZT. Правила 5 основных ролей не выполнены. Только наблюдаемые переводы ≥5000 KZT.
100000005844459100,consolidator,0.4992436140748863,0,0.4675382522861602,Вход от 2 контр.: 243400.00 KZT; выход 0.00 KZT. Порог входа: ≥2 контр. Только наблюдаемые переводы ≥5000 KZT.
100000005847078100,peripheral,1.0,6,0.2810048302178292,Вход/выход 1/0 контр.; потоки 16300.00/0.00 KZT. Правила 5 основных ролей не выполнены. Только наблюдаемые переводы ≥5000 KZT.
100000005849100100,peripheral,1.0,1,0.3309792255539229,Вход/выход 1/0 контр.; потоки 33300.00/0.00 KZT. Правила 5 основных ролей не выполнены. Только наблюдаемые переводы ≥5000 KZT.
100000005849862100,peripheral,0.5,11,0.2896132824532649,Вход/выход 1/0 контр.; потоки 13000.00/0.00 KZT. Правила 5 основных ролей не выполнены. Depth=4: продолжение неизвестно.
100000005852946100,peripheral,1.0,1,0.33915804110589026,Вход/выход 1/0 контр.; потоки 23746.00/0.00 KZT. Правила 5 основных ролей не выполнены. Только наблюдаемые переводы ≥5000 KZT.
100000005857058100,consolidator,0.911651355251277,0,0.46604677551104645,Вход от 3 контр.: 80222.00 KZT; выход 0.00 KZT. Порог входа: ≥2 контр. Только наблюдаемые переводы ≥5000 KZT.
100000005873152100,transit,0.7122327802840922,10,0.40820531004511645,Вход/выход: 10000.00/10000.00 KZT; отношение ≈1.00. Баланс 1 ≥ 0.591789. Только наблюдаемые переводы ≥5000 KZT.
100000005877725100,peripheral,1.0,7,0.36290833549097434,Вход/выход 1/0 контр.; потоки 70000.00/0.00 KZT. Правила 5 основных ролей не выполнены. Только наблюдаемые переводы ≥5000 KZT.
100000005878334100,peripheral,0.5,3,0.31362885660131284,Вход/выход 1/0 контр.; потоки 76400.00/0.00 KZT. Правила 5 основных ролей не выполнены. Depth=4: продолжение неизвестно.
100000005882013100,consolidator,0.7717321544005336,14,0.4810302131745181,Вход от 2 контр.: 135000.00 KZT; выход 10000.00 KZT. Порог входа: ≥2 контр. Только наблюдаемые переводы ≥5000 KZT.
100000005888829100,peripheral,0.5,5,0.3257952975270193,Вход/выход 1/0 контр.; потоки 197000.00/0.00 KZT. Правила 5 основных ролей не выполнены. Depth=4: продолжение неизвестно.
100000005893892100,peripheral,1.0,4,0.32000919253856275,Вход/выход 1/0 контр.; потоки 102780.00/0.00 KZT. Правила 5 основных ролей не выполнены. Только наблюдаемые переводы ≥5000 KZT.
100000005895525100,peripheral,1.0,46,0.3824859272227561,Вход/выход 1/0 контр.; потоки 120000.00/0.00 KZT. Правила 5 основных ролей не выполнены. Только наблюдаемые переводы ≥5000 KZT.
100000005897462100,peripheral,1.0,10,0.37013220776143896,Вход/выход 1/0 контр.; потоки 98400.00/0.00 KZT. Правила 5 основных ролей не выполнены. Только наблюдаемые переводы ≥5000 KZT.
100000005901606100,peripheral,1.0,7,0.3480005677987509,Вход/выход 1/0 контр.; потоки 35660.00/0.00 KZT. Правила 5 основных ролей не выполнены. Только наблюдаемые переводы ≥5000 KZT.
100000005904580100,consolidator,0.8058653449721311,12,0.4710096312425385,Вход от 2 контр.: 72000.00 KZT; выход 0.00 KZT. Порог входа: ≥2 контр. Только наблюдаемые переводы ≥5000 KZT.
100000005910114100,distributor,0.5956947485720797,0,0.7007497212803232,Выход 19 контр.: 1469993.00 KZT; вход 326144.00 KZT. Порог выхода: ≥3 контр. Только наблюдаемые переводы ≥5000 KZT.
100000005910895100,peripheral,0.5,34,0.2742420213371133,Вход/выход 1/0 контр.; потоки 5100.00/0.00 KZT. Правила 5 основных ролей не выполнены. Depth=4: продолжение неизвестно.
100000005911352100,consolidator,0.45730885526318904,40,0.4210722941789762,Вход от 2 контр.: 15000.00 KZT; выход 24000.00 KZT. Порог входа: ≥2 контр. Только наблюдаемые переводы ≥5000 KZT.
100000005931985100,peripheral,1.0,13,0.3324507938695487,Вход/выход 1/0 контр.; потоки 76000.00/0.00 KZT. Правила 5 основных ролей не выполнены. Только наблюдаемые переводы ≥5000 KZT.
100000005932987100,peripheral,1.0,35,0.31781083170759233,Вход/выход 1/0 контр.; потоки 25000.00/0.00 KZT. Правила 5 основных ролей не выполнены. Только наблюдаемые переводы ≥5000 KZT.
100000005933757100,distributor,0.5574561403508772,15,0.7638267543859649,Выход 34 контр.: 3002628.00 KZT; вход 1246000.00 KZT. Порог выхода: ≥3 контр. Только наблюдаемые переводы ≥5000 KZT.
100000005939154100,peripheral,1.0,2,0.3045137221667441,Вход/выход 1/0 контр.; потоки 22000.00/0.00 KZT. Правила 5 основных ролей не выполнены. Только наблюдаемые переводы ≥5000 KZT.
100000005940652100,peripheral,1.0,31,0.3169736085160999,Вход/выход 1/0 контр.; потоки 8395.00/0.00 KZT. Правила 5 основных ролей не выполнены. Только наблюдаемые переводы ≥5000 KZT.
100000005941908100,peripheral,1.0,15,0.30693566941070116,Вход/выход 1/0 контр.; потоки 10000.00/0.00 KZT. Правила 5 основных ролей не выполнены. Только наблюдаемые переводы ≥5000 KZT.
100000005942793100,consolidator,0.9206732218538005,0,0.46954242941944385,Вход от 4 контр.: 55000.00 KZT; выход 0.00 KZT. Порог входа: ≥2 контр. Только наблюдаемые переводы ≥5000 KZT.
100000005958064100,peripheral,1.0,15,0.38889817402537863,Вход/выход 1/2 контр.; потоки 5746.00/163986.84 KZT. Правила 5 основных ролей не выполнены. Только наблюдаемые переводы ≥5000 KZT.
100000005961971100,peripheral,1.0,7,0.3542172324953905,Вход/выход 1/0 контр.; потоки 47353.00/0.00 KZT. Правила 5 основных ролей не выполнены. Только наблюдаемые переводы ≥5000 KZT.
100000005974542100,peripheral,1.0,25,0.33588712198606746,Вход/выход 1/0 контр.; потоки 94500.00/0.00 KZT. Правила 5 основных ролей не выполнены. Только наблюдаемые переводы ≥5000 KZT.
100000005979037100,peripheral,0.5,3,0.3019651135547543,Вход/выход 1/0 контр.; потоки 60300.00/0.00 KZT. Правила 5 основных ролей не выполнены. Depth=4: продолжение неизвестно.
100000005995391100,peripheral,1.0,6,0.28215374576204577,Вход/выход 1/0 контр.; потоки 17200.00/0.00 KZT. Правила 5 основных ролей не выполнены. Только наблюдаемые переводы ≥5000 KZT.
100000005996909100,peripheral,1.0,16,0.26055787462554786,Вход/выход 1/0 контр.; потоки 5500.00/0.00 KZT. Правила 5 основных ролей не выполнены. Только наблюдаемые переводы ≥5000 KZT.
100000006008169100,peripheral,1.0,12,0.3626332581089158,Вход/выход 1/0 контр.; потоки 70000.00/0.00 KZT. Правила 5 основных ролей не выполнены. Только наблюдаемые переводы ≥5000 KZT.
100000006020215100,transit,0.7149996274827133,14,0.4317766910734445,Вход/выход: 30000.00/33800.00 KZT; отношение ≈1.13. Баланс 0.887574 ≥ 0.591789. Только наблюдаемые переводы ≥5000 KZT.
100000006030946100,peripheral,1.0,7,0.36394113803340644,Вход/выход 1/0 контр.; потоки 73289.00/0.00 KZT. Правила 5 основных ролей не выполнены. Только наблюдаемые переводы ≥5000 KZT.
100000006048193100,peripheral,1.0,0,0.3015380666304515,Вход/выход 1/0 контр.; потоки 41559.00/0.00 KZT. Правила 5 основных ролей не выполнены. Только наблюдаемые переводы ≥5000 KZT.
100000006069103100,consolidator,0.5078028221482196,2,0.5481178275774409,Вход от 3 контр.: 228818.00 KZT; выход 270000.00 KZT. Порог входа: ≥2 контр. Только наблюдаемые переводы ≥5000 KZT.
100000006100920100,peripheral,1.0,0,0.3228071311131633,Вход/выход 1/0 контр.; потоки 100000.00/0.00 KZT. Правила 5 основных ролей не выполнены. Только наблюдаемые переводы ≥5000 KZT.
100000006111439100,consolidator,0.4921228606153743,4,0.41052135130761913,Вход от 3 контр.: 20570.00 KZT; выход 24000.00 KZT. Порог входа: ≥2 контр. Только наблюдаемые переводы ≥5000 KZT.
100000006111442100,peripheral,1.0,5,0.3105957526843689,Вход/выход 1/0 контр.; потоки 64000.00/0.00 KZT. Правила 5 основных ролей не выполнены. Только наблюдаемые переводы ≥5000 KZT.
100000006122699100,consolidator,0.7974132861061467,12,0.45781519529644105,Вход от 2 контр.: 45865.00 KZT; выход 0.00 KZT. Порог входа: ≥2 контр. Только наблюдаемые переводы ≥5000 KZT.
100000006126743100,peripheral,1.0,4,0.3066500004008985,Вход/выход 1/0 контр.; потоки 55000.00/0.00 KZT. Правила 5 основных ролей не выполнены. Только наблюдаемые переводы ≥5000 KZT.
100000006161893100,peripheral,1.0,2,0.31636074615859006,Вход/выход 1/0 контр.; потоки 14000.00/0.00 KZT. Правила 5 основных ролей не выполнены. Только наблюдаемые переводы ≥5000 KZT.
100000006165886100,consolidator,0.7568330068371002,0,0.4539832709233624,Вход от 2 контр.: 184481.00 KZT; выход 75000.00 KZT. Порог входа: ≥2 контр. Только наблюдаемые переводы ≥5000 KZT.
100000006169033100,distributor,0.6920943248615099,44,0.491884213586947,Выход 3 контр.: 1140271.00 KZT; вход 49000.00 KZT. Порог выхода: ≥3 контр. Только наблюдаемые переводы ≥5000 KZT.
100000006171671100,peripheral,0.5,0,0.2823299888364472,Вход/выход 1/0 контр.; потоки 10000.00/0.00 KZT. Правила 5 основных ролей не выполнены. Depth=4: продолжение неизвестно.
100000006177176100,peripheral,1.0,2,0.31809513742859086,Вход/выход 1/0 контр.; потоки 8911.00/0.00 KZT. Правила 5 основных ролей не выполнены. Только наблюдаемые переводы ≥5000 KZT.
100000006209210100,terminal,0.6709729122921232,11,0.44406203217981044,Вход 229111.00 KZT от 1 контр.; наблюдаемых исходящих связей 0. Порог входа ≥166819.70 KZT; depth=3<4. Только наблюдаемые переводы ≥5000 KZT.
100000006225798100,consolidator,0.8860964047443681,17,0.5163488908148606,Вход от 3 контр.: 722000.00 KZT; выход 26300.00 KZT. Порог входа: ≥2 контр. Только наблюдаемые переводы ≥5000 KZT.
100000006232642100,peripheral,0.5,44,0.3539909410765136,Вход/выход 1/0 контр.; потоки 456000.00/0.00 KZT. Правила 5 основных ролей не выполнены. Depth=4: продолжение неизвестно.
100000006232815100,distributor,0.7148447884825657,42,0.643142172342098,Выход 5 контр.: 296500.00 KZT; вход 160000.00 KZT. Порог выхода: ≥3 контр. Seed: вход неполон.
100000006240939100,distributor,0.7312930258495172,8,0.498533278936303,Выход 5 контр.: 778015.00 KZT; вход 160000.00 KZT. Порог выхода: ≥3 контр. Только наблюдаемые переводы ≥5000 KZT.
100000006248077100,peripheral,1.0,2,0.3218856822380508,Вход/выход 1/0 контр.; потоки 50000.00/0.00 KZT. Правила 5 основных ролей не выполнены. Только наблюдаемые переводы ≥5000 KZT.
100000006249740100,distributor,0.6715675675027859,53,0.5683328577850681,Выход 3 контр.: 93007.00 KZT; вход 0.00 KZT. Порог выхода: ≥3 контр. Seed: вход неполон.
100000006257675100,peripheral,0.5,24,0.3103013781014663,Вход/выход 1/0 контр.; потоки 70000.00/0.00 KZT. Правила 5 основных ролей не выполнены. Depth=4: продолжение неизвестно.
100000006274203100,consolidator,0.5704032536226096,21,0.5000682968327369,Вход от 2 контр.: 3417512.00 KZT; выход 72000.00 KZT. Порог входа: ≥2 контр. Только наблюдаемые переводы ≥5000 KZT.
100000006288612100,peripheral,0.5,12,0.28531749601724554,Вход/выход 1/0 контр.; потоки 30805.00/0.00 KZT. Правила 5 основных ролей не выполнены. Depth=4: продолжение неизвестно.
100000006308406100,peripheral,0.5,24,0.34468268152226034,Вход/выход 1/0 контр.; потоки 183000.00/0.00 KZT. Правила 5 основных ролей не выполнены. Depth=4: продолжение неизвестно.
100000006326645100,peripheral,1.0,7,0.34051763335690277,Вход/выход 1/0 контр.; потоки 25264.00/0.00 KZT. Правила 5 основных ролей не выполнены. Только наблюдаемые переводы ≥5000 KZT.
100000006351075100,peripheral,0.5,43,0.29025262563957044,Вход/выход 1/0 контр.; потоки 40000.00/0.00 KZT. Правила 5 основных ролей не выполнены. Depth=4: продолжение неизвестно.
100000006369769100,peripheral,1.0,7,0.35051067799157837,Вход/выход 1/0 контр.; потоки 40000.00/0.00 KZT. Правила 5 основных ролей не выполнены. Только наблюдаемые переводы ≥5000 KZT.
100000006381453100,peripheral,0.5,5,0.3183654857345761,Вход/выход 1/0 контр.; потоки 45000.00/0.00 KZT. Правила 5 основных ролей не выполнены. Depth=4: продолжение неизвестно.
100000006385877100,transit,0.6670609562150837,19,0.49549996127732443,Вход/выход: 53706.62/36602.93 KZT; отношение ≈0.68. Баланс 0.681535 ≥ 0.591789. Только наблюдаемые переводы ≥5000 KZT.
100000006412162100,peripheral,0.5,22,0.26974053577890034,Вход/выход 1/0 контр.; потоки 15000.00/0.00 KZT. Правила 5 основных ролей не выполнены. Depth=4: продолжение неизвестно.
100000006416061100,peripheral,0.5,0,0.2970888702686335,Вход/выход 1/0 контр.; потоки 30000.00/0.00 KZT. Правила 5 основных ролей не выполнены. Depth=4: продолжение неизвестно.
100000006424479100,peripheral,1.0,14,0.44360278109721796,Вход/выход 1/2 контр.; потоки 500000.00/220000.00 KZT. Правила 5 основных ролей не выполнены. Только наблюдаемые переводы ≥5000 KZT.
100000006443391100,consolidator,0.5771340068544912,19,0.5256190378443089,Вход от 3 контр.: 86775.93 KZT; выход 60041.71 KZT. Порог входа: ≥2 контр. Только наблюдаемые переводы ≥5000 KZT.
100000006444163100,peripheral,1.0,0,0.2628498571434049,Вход/выход 1/0 контр.; потоки 6026.00/0.00 KZT. Правила 5 основных ролей не выполнены. Только наблюдаемые переводы ≥5000 KZT.
100000006445501100,peripheral,1.0,10,0.36837818714726756,Вход/выход 1/0 контр.; потоки 91000.00/0.00 KZT. Правила 5 основных ролей не выполнены. Только наблюдаемые переводы ≥5000 KZT.
100000006446271100,consolidator,0.8078400425642731,1,0.4881328456929549,Вход от 2 контр.: 80000.00 KZT; выход 0.00 KZT. Порог входа: ≥2 контр. Только наблюдаемые переводы ≥5000 KZT.
100000006471232100,peripheral,1.0,6,0.30127342460449935,Вход/выход 1/0 контр.; потоки 41800.00/0.00 KZT. Правила 5 основных ролей не выполнены. Только наблюдаемые переводы ≥5000 KZT.
100000006476758100,peripheral,1.0,10,0.2774569199862073,Вход/выход 1/0 контр.; потоки 5200.00/0.00 KZT. Правила 5 основных ролей не выполнены. Только наблюдаемые переводы ≥5000 KZT.
100000006490557100,peripheral,1.0,11,0.27251278091263276,Вход/выход 1/0 контр.; потоки 5000.00/0.00 KZT. Правила 5 основных ролей не выполнены. Только наблюдаемые переводы ≥5000 KZT.
100000006490615100,peripheral,0.5,14,0.30039784018710713,Вход/выход 1/0 контр.; потоки 41600.00/0.00 KZT. Правила 5 основных ролей не выполнены. Depth=4: продолжение неизвестно.
100000006491272100,peripheral,1.0,6,0.2911779232162681,Вход/выход 1/0 контр.; потоки 26200.00/0.00 KZT. Правила 5 основных ролей не выполнены. Только наблюдаемые переводы ≥5000 KZT.
100000006491963100,peripheral,0.5,22,0.2711531456396568,Вход/выход 1/0 контр.; потоки 16000.00/0.00 KZT. Правила 5 основных ролей не выполнены. Depth=4: продолжение неизвестно.
100000006492770100,peripheral,1.0,0,0.34527686857439,Вход/выход 1/1 контр.; потоки 269000.00/20000.00 KZT. Правила 5 основных ролей не выполнены. Только наблюдаемые переводы ≥5000 KZT.
100000006512787100,peripheral,0.5,0,0.29707275302675407,Вход/выход 1/0 контр.; потоки 20000.00/0.00 KZT. Правила 5 основных ролей не выполнены. Depth=4: продолжение неизвестно.
100000006518161100,transit,0.5012214898745104,2,0.555340570778313,Вход/выход: 594200.00/595899.00 KZT; отношение ≈1.00. Баланс 0.997149 ≥ 0.591789. Только наблюдаемые переводы ≥5000 KZT.
100000006522972100,peripheral,1.0,4,0.2709894145376759,Вход/выход 1/0 контр.; потоки 9515.00/0.00 KZT. Правила 5 основных ролей не выполнены. Только наблюдаемые переводы ≥5000 KZT.
100000006523053100,peripheral,1.0,1,0.29520151771327174,Вход/выход 1/0 контр.; потоки 5000.00/0.00 KZT. Правила 5 основных ролей не выполнены. Только наблюдаемые переводы ≥5000 KZT.
100000006527156100,peripheral,0.5,47,0.2947745154233422,Вход/выход 1/0 контр.; потоки 48500.00/0.00 KZT. Правила 5 основных ролей не выполнены. Depth=4: продолжение неизвестно.
100000006530134100,consolidator,0.818942648337015,4,0.45917559568393357,Вход от 2 контр.: 144663.00 KZT; выход 0.00 KZT. Порог входа: ≥2 контр. Только наблюдаемые переводы ≥5000 KZT.
100000006532229100,peripheral,1.0,5,0.32151620452054896,Вход/выход 1/0 контр.; потоки 105000.00/0.00 KZT. Правила 5 основных ролей не выполнены. Только наблюдаемые переводы ≥5000 KZT.
100000006534886100,peripheral,1.0,2,0.4160361092092947,Вход/выход 1/1 контр.; потоки 71700.00/167500.00 KZT. Правила 5 основных ролей не выполнены. Только наблюдаемые переводы ≥5000 KZT.
100000006557763100,peripheral,1.0,1,0.2926487688852004,Вход/выход 1/0 контр.; потоки 10000.00/0.00 KZT. Правила 5 основных ролей не выполнены. Только наблюдаемые переводы ≥5000 KZT.
100000006562026100,consolidator,0.8677500634700386,53,0.5291374275798484,Вход от 2 контр.: 75000.00 KZT; выход 0.00 KZT. Порог входа: ≥2 контр. Только наблюдаемые переводы ≥5000 KZT.
100000006564102100,terminal,0.6716416404599035,1,0.4672452081028347,Вход 233235.00 KZT от 1 контр.; наблюдаемых исходящих связей 0. Порог входа ≥166819.70 KZT; depth=2<4. Только наблюдаемые переводы ≥5000 KZT.
100000006567935100,terminal,0.6658791173786048,30,0.4525747667844303,Вход 200000.00 KZT от 1 контр.; наблюдаемых исходящих связей 0. Порог входа ≥166819.70 KZT; depth=2<4. Только наблюдаемые переводы ≥5000 KZT.
100000006573438100,peripheral,1.0,44,0.25700686079062773,Вход/выход 1/0 контр.; потоки 5000.00/0.00 KZT. Правила 5 основных ролей не выполнены. Только наблюдаемые переводы ≥5000 KZT.
100000006579678100,distributor,0.5264349455422919,2,0.551361202111578,Выход 6 контр.: 1668800.00 KZT; вход 192930.00 KZT. Порог выхода: ≥3 контр. Только наблюдаемые переводы ≥5000 KZT.
100000006595426100,peripheral,1.0,1,0.3366927733024867,Вход/выход 1/0 контр.; потоки 84800.00/0.00 KZT. Правила 5 основных ролей не выполнены. Только наблюдаемые переводы ≥5000 KZT.
100000006612238100,peripheral,1.0,18,0.3536838083843916,Вход/выход 1/1 контр.; потоки 160000.00/25000.00 KZT. Правила 5 основных ролей не выполнены. Только наблюдаемые переводы ≥5000 KZT.
100000006638021100,consolidator,0.5,48,0.4360935334954203,Вход от 2 контр.: 388500.00 KZT; выход 0.00 KZT. Порог входа: ≥2 контр. Depth=4: продолжение неизвестно.
100000006641671100,transit,0.4634795157361331,3,0.38703611681741384,Вход/выход: 22000.00/25000.00 KZT; отношение ≈1.14. Баланс 0.88 ≥ 0.591789. Только наблюдаемые переводы ≥5000 KZT.
100000006656003100,peripheral,1.0,7,0.3433343994388962,Вход/выход 1/1 контр.; потоки 20000.00/9000.00 KZT. Правила 5 основных ролей не выполнены. Только наблюдаемые переводы ≥5000 KZT.
100000006658598100,peripheral,1.0,2,0.31830610518066443,Вход/выход 1/0 контр.; потоки 9000.00/0.00 KZT. Правила 5 основных ролей не выполнены. Только наблюдаемые переводы ≥5000 KZT.
100000006664478100,transit,0.7422897024643753,8,0.46318788191733395,Вход/выход: 55000.00/60000.00 KZT; отношение ≈1.09. Баланс 0.916667 ≥ 0.591789. Только наблюдаемые переводы ≥5000 KZT.
100000006679055100,peripheral,1.0,1,0.30785768451921186,Вход/выход 1/0 контр.; потоки 25000.00/0.00 KZT. Правила 5 основных ролей не выполнены. Только наблюдаемые переводы ≥5000 KZT.
100000006684930100,peripheral,1.0,14,0.28829423160371376,Вход/выход 1/0 контр.; потоки 10000.00/0.00 KZT. Правила 5 основных ролей не выполнены. Только наблюдаемые переводы ≥5000 KZT.
100000006687202100,peripheral,1.0,0,0.35531711393605103,Вход/выход 1/0 контр.; потоки 50000.00/0.00 KZT. Правила 5 основных ролей не выполнены. Только наблюдаемые переводы ≥5000 KZT.
100000006689603100,peripheral,0.5,3,0.3408522883248971,Вход/выход 1/0 контр.; потоки 400000.00/0.00 KZT. Правила 5 основных ролей не выполнены. Depth=4: продолжение неизвестно.
100000006693788100,peripheral,0.5,0,0.28415792192773287,Вход/выход 1/0 контр.; потоки 10764.00/0.00 KZT. Правила 5 основных ролей не выполнены. Depth=4: продолжение неизвестно.
100000006701983100,peripheral,1.0,6,0.29182507020529064,Вход/выход 1/0 контр.; потоки 27000.00/0.00 KZT. Правила 5 основных ролей не выполнены. Только наблюдаемые переводы ≥5000 KZT.
100000006704530100,transit,0.5434740585166012,28,0.4637661265046399,Вход/выход: 450500.00/428000.00 KZT; отношение ≈0.95. Баланс 0.950055 ≥ 0.591789. Только наблюдаемые переводы ≥5000 KZT.
100000006706519100,peripheral,0.5,0,0.29697844386767075,Вход/выход 1/0 контр.; потоки 36000.00/0.00 KZT. Правила 5 основных ролей не выполнены. Depth=4: продолжение неизвестно.
100000006707582100,distributor,0.5806131498199524,10,0.751713441327091,Выход 14 контр.: 961138.00 KZT; вход 39520.00 KZT. Порог выхода: ≥3 контр. Только наблюдаемые переводы ≥5000 KZT.
100000006710485100,peripheral,1.0,6,0.28538181811222313,Вход/выход 1/0 контр.; потоки 20000.00/0.00 KZT. Правила 5 основных ролей не выполнены. Только наблюдаемые переводы ≥5000 KZT.
100000006714366100,peripheral,1.0,14,0.2824075596741561,Вход/выход 1/1 контр.; потоки 10500.00/5000.00 KZT. Правила 5 основных ролей не выполнены. Только наблюдаемые переводы ≥5000 KZT.
100000006734214100,consolidator,0.6833223002943273,4,0.5091920713093151,Вход от 5 контр.: 610000.00 KZT; выход 36000.00 KZT. Порог входа: ≥2 контр. Только наблюдаемые переводы ≥5000 KZT.
100000006734554100,transit,0.5811034234517943,81,0.44824887487446863,Вход/выход: 16500.00/25000.00 KZT; отношение ≈1.52. Баланс 0.66 ≥ 0.591789. Только наблюдаемые переводы ≥5000 KZT.
100000006735545100,peripheral,0.5,3,0.2464851567655409,Вход/выход 1/0 контр.; потоки 5000.00/0.00 KZT. Правила 5 основных ролей не выполнены. Depth=4: продолжение неизвестно.
100000006745291100,peripheral,1.0,10,0.36619799855212704,Вход/выход 1/0 контр.; потоки 82534.00/0.00 KZT. Правила 5 основных ролей не выполнены. Только наблюдаемые переводы ≥5000 KZT.
100000006746688100,peripheral,1.0,6,0.30085362866743953,Вход/выход 1/0 контр.; потоки 41000.00/0.00 KZT. Правила 5 основных ролей не выполнены. Только наблюдаемые переводы ≥5000 KZT.
100000006755850100,terminal,0.7790626858245999,4,0.5168022077997574,Вход 443475.80 KZT от 1 контр.; наблюдаемых исходящих связей 0. Порог входа ≥166819.70 KZT; depth=2<4. Только наблюдаемые переводы ≥5000 KZT.
100000006756956100,peripheral,0.5,0,0.3154754570760141,Вход/выход 1/0 контр.; потоки 121200.00/0.00 KZT. Правила 5 основных ролей не выполнены. Depth=4: продолжение неизвестно.
100000006787636100,peripheral,1.0,2,0.3082770215932292,Вход/выход 1/0 контр.; потоки 20000.00/0.00 KZT. Правила 5 основных ролей не выполнены. Только наблюдаемые переводы ≥5000 KZT.
100000006788200100,consolidator,0.6302383981387368,8,0.519725816378581,Вход от 4 контр.: 272155.80 KZT; выход 64500.00 KZT. Порог входа: ≥2 контр. Только наблюдаемые переводы ≥5000 KZT.
100000006789108100,peripheral,1.0,10,0.3489039676121344,Вход/выход 1/0 контр.; потоки 37500.00/0.00 KZT. Правила 5 основных ролей не выполнены. Только наблюдаемые переводы ≥5000 KZT.
100000006831291100,peripheral,1.0,53,0.42901908080793305,Вход/выход 0/1 контр.; потоки 0.00/15000.00 KZT. Правила 5 основных ролей не выполнены. Seed: вход неполон.
100000006844004100,peripheral,1.0,1,0.3090791006258391,Вход/выход 1/0 контр.; потоки 20600.00/0.00 KZT. Правила 5 основных ролей не выполнены. Только наблюдаемые переводы ≥5000 KZT.
100000006844768100,transit,0.6994289676007185,0,0.5399240692680558,Вход/выход: 282000.00/188000.00 KZT; отношение ≈0.67. Баланс 0.666667 ≥ 0.591789. Только наблюдаемые переводы ≥5000 KZT.
100000006852430100,peripheral,1.0,10,0.3372986042230654,Вход/выход 1/0 контр.; потоки 37000.00/0.00 KZT. Правила 5 основных ролей не выполнены. Только наблюдаемые переводы ≥5000 KZT.
100000006866783100,distributor,0.5638761090192161,0,0.8873937208574671,Выход 67 контр.: 3948037.00 KZT; вход 838812.00 KZT. Порог выхода: ≥3 контр. Seed: вход неполон.
100000006866831100,peripheral,0.5,0,0.27841246770367484,Вход/выход 1/0 контр.; потоки 16500.00/0.00 KZT. Правила 5 основных ролей не выполнены. Depth=4: продолжение неизвестно.
100000006882208100,peripheral,1.0,2,0.3146499158550776,Вход/выход 1/0 контр.; потоки 18000.00/0.00 KZT. Правила 5 основных ролей не выполнены. Только наблюдаемые переводы ≥5000 KZT.
100000006888238100,transit,0.5584553227654594,76,0.4417326845713303,Вход/выход: 18000.00/30000.00 KZT; отношение ≈1.67. Баланс 0.6 ≥ 0.591789. Только наблюдаемые переводы ≥5000 KZT.
100000006889963100,consolidator,0.9503677461028802,4,0.6029644330265839,Вход от 4 контр.: 1431000.00 KZT; выход 443475.80 KZT. Порог входа: ≥2 контр. Только наблюдаемые переводы ≥5000 KZT.
100000006894637100,peripheral,1.0,0,0.30606000987975257,Вход/выход 1/0 контр.; потоки 52831.00/0.00 KZT. Правила 5 основных ролей не выполнены. Только наблюдаемые переводы ≥5000 KZT.
100000006901046100,peripheral,1.0,2,0.3932186708251175,Вход/выход 1/1 контр.; потоки 75800.00/5500.00 KZT. Правила 5 основных ролей не выполнены. Только наблюдаемые переводы ≥5000 KZT.
100000006903193100,peripheral,0.5,0,0.25965962948812105,Вход/выход 1/0 контр.; потоки 9000.00/0.00 KZT. Правила 5 основных ролей не выполнены. Depth=4: продолжение неизвестно.
100000006912294100,peripheral,1.0,19,0.33478163965661983,Вход/выход 1/2 контр.; потоки 6335.09/30000.00 KZT. Правила 5 основных ролей не выполнены. Только наблюдаемые переводы ≥5000 KZT.
100000006918814100,peripheral,0.5,1,0.27678748072405823,Вход/выход 1/0 контр.; потоки 20000.00/0.00 KZT. Правила 5 основных ролей не выполнены. Depth=4: продолжение неизвестно.
100000006919124100,peripheral,1.0,0,0.28994589971203255,Вход/выход 1/0 контр.; потоки 25000.00/0.00 KZT. Правила 5 основных ролей не выполнены. Только наблюдаемые переводы ≥5000 KZT.
100000006952718100,peripheral,1.0,2,0.36272498028382694,Вход/выход 1/0 контр.; потоки 71489.00/0.00 KZT. Правила 5 основных ролей не выполнены. Только наблюдаемые переводы ≥5000 KZT.
100000006965162100,peripheral,1.0,29,0.2725720214261157,Вход/выход 1/0 контр.; потоки 10000.00/0.00 KZT. Правила 5 основных ролей не выполнены. Только наблюдаемые переводы ≥5000 KZT.
100000006967370100,peripheral,1.0,17,0.30612160169452224,Вход/выход 1/1 контр.; потоки 33225.00/13526.27 KZT. Правила 5 основных ролей не выполнены. Только наблюдаемые переводы ≥5000 KZT.
100000006972210100,consolidator,0.5122844080094681,19,0.5022748802759608,Вход от 3 контр.: 488775.00 KZT; выход 0.00 KZT. Порог входа: ≥2 контр. Только наблюдаемые переводы ≥5000 KZT.
100000006977207100,distributor,0.8459136454012495,3,0.5568558410786744,Выход 15 контр.: 4157018.00 KZT; вход 414000.00 KZT. Порог выхода: ≥3 контр. Только наблюдаемые переводы ≥5000 KZT.
100000006989106100,peripheral,1.0,11,0.3452401514054526,Вход/выход 1/0 контр.; потоки 64000.00/0.00 KZT. Правила 5 основных ролей не выполнены. Только наблюдаемые переводы ≥5000 KZT.
100000006989232100,peripheral,1.0,0,0.28747895326809453,Вход/выход 1/0 контр.; потоки 22194.00/0.00 KZT. Правила 5 основных ролей не выполнены. Только наблюдаемые переводы ≥5000 KZT.
100000006994985100,peripheral,1.0,8,0.34626446827085366,Вход/выход 1/1 контр.; потоки 48500.00/10200.00 KZT. Правила 5 основных ролей не выполнены. Только наблюдаемые переводы ≥5000 KZT.
100000007005380100,peripheral,1.0,4,0.2707130714966014,Вход/выход 1/0 контр.; потоки 9400.00/0.00 KZT. Правила 5 основных ролей не выполнены. Только наблюдаемые переводы ≥5000 KZT.
100000007018630100,peripheral,1.0,63,0.48378633256152037,Вход/выход 0/1 контр.; потоки 0.00/200000.00 KZT. Правила 5 основных ролей не выполнены. Seed: вход неполон.
100000007020162100,peripheral,1.0,15,0.3182402071955238,Вход/выход 1/0 контр.; потоки 86395.00/0.00 KZT. Правила 5 основных ролей не выполнены. Только наблюдаемые переводы ≥5000 KZT.
100000007022818100,peripheral,1.0,6,0.28215374576204577,Вход/выход 1/0 контр.; потоки 17200.00/0.00 KZT. Правила 5 основных ролей не выполнены. Только наблюдаемые переводы ≥5000 KZT.
100000007034089100,consolidator,0.5,5,0.4017692715194032,Вход от 2 контр.: 198000.00 KZT; выход 0.00 KZT. Порог входа: ≥2 контр. Depth=4: продолжение неизвестно.
100000007042175100,peripheral,0.5,0,0.3206560455269844,Вход/выход 1/0 контр.; потоки 60000.00/0.00 KZT. Правила 5 основных ролей не выполнены. Depth=4: продолжение неизвестно.
100000007055802100,consolidator,0.9714285714285715,0,0.6418606340744869,Вход от 6 контр.: 2024999.00 KZT; выход 605000.00 KZT. Порог входа: ≥2 контр. Только наблюдаемые переводы ≥5000 KZT.
100000007071852100,peripheral,0.5,3,0.3374446920776426,Вход/выход 1/0 контр.; потоки 195000.00/0.00 KZT. Правила 5 основных ролей не выполнены. Depth=4: продолжение неизвестно.
100000007129492100,consolidator,0.5055865422268907,10,0.45086854352687333,Вход от 2 контр.: 50990.00 KZT; выход 37000.00 KZT. Порог входа: ≥2 контр. Только наблюдаемые переводы ≥5000 KZT.
100000007131370100,transit,0.7384553227654594,16,0.47411801457224123,Вход/выход: 30000.00/30000.00 KZT; отношение ≈1.00. Баланс 1 ≥ 0.591789. Только наблюдаемые переводы ≥5000 KZT.
100000007138613100,consolidator,0.87,0,0.5159611415796632,Вход от 3 контр.: 1002000.00 KZT; выход 179000.00 KZT. Порог входа: ≥2 контр. Только наблюдаемые переводы ≥5000 KZT.
100000007140834100,peripheral,1.0,8,0.30917916516035926,Вход/выход 1/0 контр.; потоки 10200.00/0.00 KZT. Правила 5 основных ролей не выполнены. Только наблюдаемые переводы ≥5000 KZT.
100000007153161100,peripheral,0.5,0,0.314297669697726,Вход/выход 1/0 контр.; потоки 44997.00/0.00 KZT. Правила 5 основных ролей не выполнены. Depth=4: продолжение неизвестно.
100000007170072100,transit,0.7891134947058412,3,0.4587757427210565,Вход/выход: 100000.00/99500.00 KZT; отношение ≈0.99. Баланс 0.995 ≥ 0.591789. Только наблюдаемые переводы ≥5000 KZT.
100000007173936100,peripheral,1.0,30,0.2872253026362587,Вход/выход 1/0 контр.; потоки 10000.00/0.00 KZT. Правила 5 основных ролей не выполнены. Только наблюдаемые переводы ≥5000 KZT.
100000007175718100,peripheral,1.0,46,0.3366849432783996,Вход/выход 1/0 контр.; потоки 20000.00/0.00 KZT. Правила 5 основных ролей не выполнены. Только наблюдаемые переводы ≥5000 KZT.
100000007181706100,consolidator,0.5005753370950164,1,0.4673913222160436,Вход от 2 контр.: 176272.00 KZT; выход 0.00 KZT. Порог входа: ≥2 контр. Только наблюдаемые переводы ≥5000 KZT.
100000007197866100,transit,0.6094105321718879,3,0.3910565343263052,Вход/выход: 20000.00/15000.00 KZT; отношение ≈0.75. Баланс 0.75 ≥ 0.591789. Только наблюдаемые переводы ≥5000 KZT.
100000007229557100,consolidator,0.5145833333333333,20,0.45747049315912824,Вход от 3 контр.: 878000.00 KZT; выход 0.00 KZT. Порог входа: ≥2 контр. Только наблюдаемые переводы ≥5000 KZT.
100000007242833100,peripheral,1.0,12,0.3675685263539685,Вход/выход 1/1 контр.; потоки 107500.00/45000.00 KZT. Правила 5 основных ролей не выполнены. Только наблюдаемые переводы ≥5000 KZT.
100000007267915100,consolidator,0.7368576838617155,17,0.42271206448743803,Вход от 2 контр.: 21000.00 KZT; выход 10000.00 KZT. Порог входа: ≥2 контр. Только наблюдаемые переводы ≥5000 KZT.
100000007274584100,peripheral,1.0,1,0.3493551488364374,Вход/выход 1/0 контр.; потоки 38000.00/0.00 KZT. Правила 5 основных ролей не выполнены. Только наблюдаемые переводы ≥5000 KZT.
100000007281639100,consolidator,0.4954979138051752,2,0.4714095324425785,Вход от 2 контр.: 216770.00 KZT; выход 0.00 KZT. Порог входа: ≥2 контр. Только наблюдаемые переводы ≥5000 KZT.
100000007283257100,terminal,0.8310155761676927,67,0.516877860996297,Вход 192000.00 KZT от 1 контр.; наблюдаемых исходящих связей 0. Порог входа ≥166819.70 KZT; depth=1<4. Только наблюдаемые переводы ≥5000 KZT.
100000007289427100,peripheral,1.0,1,0.2994040812655565,Вход/выход 1/0 контр.; потоки 12300.00/0.00 KZT. Правила 5 основных ролей не выполнены. Только наблюдаемые переводы ≥5000 KZT.
100000007303047100,peripheral,1.0,6,0.3061379459684084,Вход/выход 1/0 контр.; потоки 52250.00/0.00 KZT. Правила 5 основных ролей не выполнены. Только наблюдаемые переводы ≥5000 KZT.
100000007311010100,consolidator,0.737131200002659,1,0.4806160385023271,Вход от 2 контр.: 64480.00 KZT; выход 20000.00 KZT. Порог входа: ≥2 контр. Только наблюдаемые переводы ≥5000 KZT.
100000007322059100,consolidator,0.4854631447928758,33,0.43462698120465965,Вход от 2 контр.: 29000.00 KZT; выход 22500.00 KZT. Порог входа: ≥2 контр. Только наблюдаемые переводы ≥5000 KZT.
100000007330432100,peripheral,0.5,51,0.36917439287067866,Вход/выход 1/0 контр.; потоки 584900.00/0.00 KZT. Правила 5 основных ролей не выполнены. Depth=4: продолжение неизвестно.
100000007333038100,peripheral,1.0,13,0.307711569241506,Вход/выход 1/2 контр.; потоки 17500.00/34994.00 KZT. Правила 5 основных ролей не выполнены. Только наблюдаемые переводы ≥5000 KZT.
100000007334196100,peripheral,1.0,10,0.3797507164949374,Вход/выход 1/0 контр.; потоки 150002.00/0.00 KZT. Правила 5 основных ролей не выполнены. Только наблюдаемые переводы ≥5000 KZT.
100000007337374100,peripheral,1.0,18,0.3023780555218871,Вход/выход 1/0 контр.; потоки 20000.00/0.00 KZT. Правила 5 основных ролей не выполнены. Только наблюдаемые переводы ≥5000 KZT.
100000007347733100,peripheral,1.0,53,0.3434659968540752,Вход/выход 1/0 контр.; потоки 23007.00/0.00 KZT. Правила 5 основных ролей не выполнены. Только наблюдаемые переводы ≥5000 KZT.
100000007357489100,consolidator,0.5,5,0.397116621952367,Вход от 2 контр.: 164500.00 KZT; выход 0.00 KZT. Порог входа: ≥2 контр. Depth=4: продолжение неизвестно.
100000007381662100,peripheral,0.5,0,0.2634741497486917,Вход/выход 1/0 контр.; потоки 11000.00/0.00 KZT. Правила 5 основных ролей не выполнены. Depth=4: продолжение неизвестно.
100000007382152100,peripheral,1.0,0,0.2758966216965797,Вход/выход 1/0 контр.; потоки 5860.00/0.00 KZT. Правила 5 основных ролей не выполнены. Только наблюдаемые переводы ≥5000 KZT.
100000007382543100,consolidator,0.5243121372048705,29,0.5520246204329327,Вход от 3 контр.: 218000.00 KZT; выход 427000.00 KZT. Порог входа: ≥2 контр. Только наблюдаемые переводы ≥5000 KZT.
100000007390016100,transit,0.7751810117184599,85,0.5426414964055541,Вход/выход: 511000.00/346500.00 KZT; отношение ≈0.68. Баланс 0.678082 ≥ 0.591789. Только наблюдаемые переводы ≥5000 KZT.
100000007392365100,distributor,0.7950613234955692,43,0.5114235580839167,Выход 6 контр.: 1765600.00 KZT; вход 9613.00 KZT. Порог выхода: ≥3 контр. Только наблюдаемые переводы ≥5000 KZT.
100000007442518100,consolidator,0.512409340260106,30,0.5839872307164695,Вход от 5 контр.: 510000.00 KZT; выход 4419999.00 KZT. Порог входа: ≥2 контр. Только наблюдаемые переводы ≥5000 KZT.
100000007472293100,distributor,0.6253705086785777,48,0.4486829607453928,Выход 3 контр.: 345900.00 KZT; вход 5000.00 KZT. Порог выхода: ≥3 контр. Только наблюдаемые переводы ≥5000 KZT.
100000007484343100,consolidator,0.787313107620611,0,0.40967233571210204,Вход от 2 контр.: 26757.00 KZT; выход 0.00 KZT. Порог входа: ≥2 контр. Только наблюдаемые переводы ≥5000 KZT.
100000007487729100,peripheral,1.0,0,0.29058724939723635,Вход/выход 1/0 контр.; потоки 25000.00/0.00 KZT. Правила 5 основных ролей не выполнены. Только наблюдаемые переводы ≥5000 KZT.
100000007507343100,terminal,0.6889393135063634,52,0.5324254910063307,Вход 370000.00 KZT от 1 контр.; наблюдаемых исходящих связей 0. Порог входа ≥166819.70 KZT; depth=1<4. Только наблюдаемые переводы ≥5000 KZT.
100000007510567100,peripheral,0.5,9,0.2970518059960982,Вход/выход 1/0 контр.; потоки 52000.00/0.00 KZT. Правила 5 основных ролей не выполнены. Depth=4: продолжение неизвестно.
100000007510875100,peripheral,1.0,19,0.26232202719152997,Вход/выход 1/0 контр.; потоки 5000.00/0.00 KZT. Правила 5 основных ролей не выполнены. Только наблюдаемые переводы ≥5000 KZT.
100000007511163100,transit,0.4633965490897984,2,0.4742756542644316,Вход/выход: 63666.00/82052.00 KZT; отношение ≈1.29. Баланс 0.775923 ≥ 0.591789. Только наблюдаемые переводы ≥5000 KZT.
100000007511780100,peripheral,0.5,0,0.3430354710532475,Вход/выход 1/0 контр.; потоки 155000.00/0.00 KZT. Правила 5 основных ролей не выполнены. Depth=4: продолжение неизвестно.
100000007534354100,distributor,0.6108741459358294,10,0.4475586754184297,Выход 3 контр.: 147810.00 KZT; вход 50000.00 KZT. Порог выхода: ≥3 контр. Только наблюдаемые переводы ≥5000 KZT.
100000007536804100,peripheral,1.0,11,0.37891233205941455,Вход/выход 1/2 контр.; потоки 100000.00/55000.00 KZT. Правила 5 основных ролей не выполнены. Только наблюдаемые переводы ≥5000 KZT.
100000007539296100,peripheral,0.5,4,0.31712944813367006,Вход/выход 1/0 контр.; потоки 46000.00/0.00 KZT. Правила 5 основных ролей не выполнены. Depth=4: продолжение неизвестно.
100000007544358100,transit,0.4956172570045725,2,0.4910579650332269,Вход/выход: 322500.00/350000.00 KZT; отношение ≈1.09. Баланс 0.921429 ≥ 0.591789. Только наблюдаемые переводы ≥5000 KZT.
100000007591246100,peripheral,1.0,14,0.33447729203761123,Вход/выход 1/1 контр.; потоки 12190.00/120000.00 KZT. Правила 5 основных ролей не выполнены. Только наблюдаемые переводы ≥5000 KZT.
100000007593823100,distributor,0.5592422964169612,0,0.5301394091637018,Выход 13 контр.: 162900.00 KZT; вход 25000.00 KZT. Порог выхода: ≥3 контр. Только наблюдаемые переводы ≥5000 KZT.
100000007594394100,consolidator,0.9533430024595462,21,0.5750762630456941,Вход от 6 контр.: 395385.00 KZT; выход 3376312.00 KZT. Порог входа: ≥2 контр. Только наблюдаемые переводы ≥5000 KZT.
100000007597382100,peripheral,1.0,4,0.2800290590367267,Вход/выход 1/0 контр.; потоки 15700.00/0.00 KZT. Правила 5 основных ролей не выполнены. Только наблюдаемые переводы ≥5000 KZT.
100000007617808100,terminal,0.6962767964204905,2,0.47873783888031246,Вход 450000.00 KZT от 1 контр.; наблюдаемых исходящих связей 0. Порог входа ≥166819.70 KZT; depth=2<4. Только наблюдаемые переводы ≥5000 KZT.
100000007618425100,peripheral,1.0,17,0.30026323396735544,Вход/выход 1/0 контр.; потоки 39348.00/0.00 KZT. Правила 5 основных ролей не выполнены. Только наблюдаемые переводы ≥5000 KZT.
100000007629096100,consolidator,0.5855257364314438,0,0.5460869559615293,Вход от 4 контр.: 1075170.00 KZT; выход 765205.00 KZT. Порог входа: ≥2 контр. Только наблюдаемые переводы ≥5000 KZT.
100000007629121100,peripheral,1.0,1,0.3195467098041926,Вход/выход 1/0 контр.; потоки 29000.00/0.00 KZT. Правила 5 основных ролей не выполнены. Только наблюдаемые переводы ≥5000 KZT.
100000007631637100,peripheral,1.0,7,0.3297834593769646,Вход/выход 1/0 контр.; потоки 15341.00/0.00 KZT. Правила 5 основных ролей не выполнены. Только наблюдаемые переводы ≥5000 KZT.
100000007639767100,distributor,0.5046636850697129,0,0.7168375483716485,Выход 10 контр.: 822244.00 KZT; вход 90913.00 KZT. Порог выхода: ≥3 контр. Только наблюдаемые переводы ≥5000 KZT.
100000007641183100,peripheral,1.0,2,0.3424861089977241,Вход/выход 1/0 контр.; потоки 28000.00/0.00 KZT. Правила 5 основных ролей не выполнены. Только наблюдаемые переводы ≥5000 KZT.
100000007641801100,terminal,0.6658791173786048,11,0.48469900779391933,Вход 200000.00 KZT от 1 контр.; наблюдаемых исходящих связей 0. Порог входа ≥166819.70 KZT; depth=1<4. Только наблюдаемые переводы ≥5000 KZT.
100000007647294100,terminal,0.6904289789155741,36,0.47749895364410316,Вход 385000.00 KZT от 1 контр.; наблюдаемых исходящих связей 0. Порог входа ≥166819.70 KZT; depth=3<4. Только наблюдаемые переводы ≥5000 KZT.
100000007648946100,transit,0.6360034234517943,14,0.45624902103920273,Вход/выход: 19550.00/25000.00 KZT; отношение ≈1.28. Баланс 0.782 ≥ 0.591789. Только наблюдаемые переводы ≥5000 KZT.
100000007653003100,peripheral,1.0,17,0.32054417956635245,Вход/выход 1/0 контр.; потоки 100000.00/0.00 KZT. Правила 5 основных ролей не выполнены. Только наблюдаемые переводы ≥5000 KZT.
100000007653094100,peripheral,0.5,14,0.296399180877626,Вход/выход 1/0 контр.; потоки 16000.00/0.00 KZT. Правила 5 основных ролей не выполнены. Depth=4: продолжение неизвестно.
100000007689942100,peripheral,1.0,21,0.3503775188580635,Вход/выход 1/2 контр.; потоки 5000.00/25000.00 KZT. Правила 5 основных ролей не выполнены. Только наблюдаемые переводы ≥5000 KZT.
100000007731977100,peripheral,0.5,0,0.2990768963732954,Вход/выход 1/0 контр.; потоки 50000.00/0.00 KZT. Правила 5 основных ролей не выполнены. Depth=4: продолжение неизвестно.
100000007737775100,peripheral,1.0,34,0.2612193990567461,Вход/выход 1/0 контр.; потоки 6000.00/0.00 KZT. Правила 5 основных ролей не выполнены. Только наблюдаемые переводы ≥5000 KZT.
100000007745062100,peripheral,0.5,12,0.33963430228112745,Вход/выход 1/0 контр.; потоки 100000.00/0.00 KZT. Правила 5 основных ролей не выполнены. Depth=4: продолжение неизвестно.
100000007747786100,distributor,1.0,11,0.6909432137588841,Выход 31 контр.: 4238009.40 KZT; вход 0.00 KZT. Порог выхода: ≥3 контр. Seed: вход неполон.
100000007749092100,peripheral,1.0,2,0.3923493104830337,Вход/выход 1/1 контр.; потоки 7650.00/70375.00 KZT. Правила 5 основных ролей не выполнены. Только наблюдаемые переводы ≥5000 KZT.
100000007749747100,peripheral,0.5,5,0.3086821047015976,Вход/выход 1/0 контр.; потоки 50000.00/0.00 KZT. Правила 5 основных ролей не выполнены. Depth=4: продолжение неизвестно.
100000007754369100,peripheral,1.0,0,0.31569988061839915,Вход/выход 1/0 контр.; потоки 82424.00/0.00 KZT. Правила 5 основных ролей не выполнены. Только наблюдаемые переводы ≥5000 KZT.
100000007777377100,coordinator,0.2330916722597915,2,0.44382067483535687,Прибл. посредничество 0.00012; внешних соседей 2; вход/выход 1/2 контр. Порог посредничества ≥8.82113e-05. Только наблюдаемые переводы ≥5000 KZT.
100000007793871100,peripheral,1.0,10,0.3267165297519213,Вход/выход 1/0 контр.; потоки 26000.00/0.00 KZT. Правила 5 основных ролей не выполнены. Только наблюдаемые переводы ≥5000 KZT.
100000007797290100,peripheral,1.0,0,0.34339621828418504,Вход/выход 1/1 контр.; потоки 100000.00/20000.00 KZT. Правила 5 основных ролей не выполнены. Только наблюдаемые переводы ≥5000 KZT.
100000007811950100,peripheral,0.5,27,0.3178959265920428,Вход/выход 1/0 контр.; потоки 50000.00/0.00 KZT. Правила 5 основных ролей не выполнены. Depth=4: продолжение неизвестно.
100000007841978100,peripheral,0.5,4,0.36071993667344343,Вход/выход 1/0 контр.; потоки 449000.00/0.00 KZT. Правила 5 основных ролей не выполнены. Depth=4: продолжение неизвестно.
100000007861311100,peripheral,1.0,11,0.32546540943961655,Вход/выход 1/0 контр.; потоки 45000.00/0.00 KZT. Правила 5 основных ролей не выполнены. Только наблюдаемые переводы ≥5000 KZT.
100000007863304100,peripheral,1.0,4,0.2898920998908384,Вход/выход 1/0 контр.; потоки 25000.00/0.00 KZT. Правила 5 основных ролей не выполнены. Только наблюдаемые переводы ≥5000 KZT.
100000007864477100,distributor,0.4977371583960895,0,0.4367397252721347,Выход 6 контр.: 203500.00 KZT; вход 76000.00 KZT. Порог выхода: ≥3 контр. Только наблюдаемые переводы ≥5000 KZT.
100000007865484100,peripheral,0.5,43,0.3537112508385811,Вход/выход 1/0 контр.; потоки 584600.00/0.00 KZT. Правила 5 основных ролей не выполнены. Depth=4: продолжение неизвестно.
100000007867364100,peripheral,0.5,21,0.3053770150468766,Вход/выход 1/0 контр.; потоки 41852.00/0.00 KZT. Правила 5 основных ролей не выполнены. Depth=4: продолжение неизвестно.
100000007898453100,peripheral,1.0,1,0.36857520682949896,Вход/выход 1/2 контр.; потоки 24750.00/320000.00 KZT. Правила 5 основных ролей не выполнены. Только наблюдаемые переводы ≥5000 KZT.
100000007908818100,consolidator,0.5377138789852135,1,0.5377401936690872,Вход от 4 контр.: 727475.00 KZT; выход 302000.00 KZT. Порог входа: ≥2 контр. Только наблюдаемые переводы ≥5000 KZT.
100000007930878100,peripheral,1.0,54,0.29021720844794174,Вход/выход 1/0 контр.; потоки 5000.00/0.00 KZT. Правила 5 основных ролей не выполнены. Только наблюдаемые переводы ≥5000 KZT.
100000007938486100,peripheral,1.0,7,0.35023529615166726,Вход/выход 1/0 контр.; потоки 39500.00/0.00 KZT. Правила 5 основных ролей не выполнены. Только наблюдаемые переводы ≥5000 KZT.
100000007939160100,peripheral,1.0,54,0.4478628362003737,Вход/выход 1/2 контр.; потоки 795000.00/14300.00 KZT. Правила 5 основных ролей не выполнены. Только наблюдаемые переводы ≥5000 KZT.
100000007953156100,peripheral,1.0,15,0.32846603187287216,Вход/выход 1/1 контр.; потоки 18000.00/10000.00 KZT. Правила 5 основных ролей не выполнены. Только наблюдаемые переводы ≥5000 KZT.
100000007960337100,peripheral,0.5,3,0.28877911189148653,Вход/выход 1/0 контр.; потоки 35500.00/0.00 KZT. Правила 5 основных ролей не выполнены. Depth=4: продолжение неизвестно.
100000007982728100,distributor,0.8712658930886583,8,0.6584368766533849,Выход 8 контр.: 1804384.00 KZT; вход 0.00 KZT. Порог выхода: ≥3 контр. Seed: вход неполон.
100000007982908100,peripheral,1.0,18,0.31203651873452665,Вход/выход 1/0 контр.; потоки 31080.00/0.00 KZT. Правила 5 основных ролей не выполнены. Только наблюдаемые переводы ≥5000 KZT.
100000007988344100,peripheral,0.5,0,0.2842585974117534,Вход/выход 1/0 контр.; потоки 20000.00/0.00 KZT. Правила 5 основных ролей не выполнены. Depth=4: продолжение неизвестно.
100000007997939100,peripheral,0.5,5,0.2724981076696917,Вход/выход 1/0 контр.; потоки 13000.00/0.00 KZT. Правила 5 основных ролей не выполнены. Depth=4: продолжение неизвестно.
100000007998965100,consolidator,0.9516115208737606,10,0.5375018632152717,Вход от 5 контр.: 278000.00 KZT; выход 26000.00 KZT. Порог входа: ≥2 контр. Только наблюдаемые переводы ≥5000 KZT.
100000007999728100,peripheral,1.0,15,0.28887755258929976,Вход/выход 1/0 контр.; потоки 23250.00/0.00 KZT. Правила 5 основных ролей не выполнены. Только наблюдаемые переводы ≥5000 KZT.
100000008002020100,peripheral,1.0,12,0.37638849365408467,Вход/выход 1/1 контр.; потоки 73860.00/17000.00 KZT. Правила 5 основных ролей не выполнены. Только наблюдаемые переводы ≥5000 KZT.
100000008003034100,distributor,0.5338790922602868,14,0.5590063661906046,Выход 4 контр.: 135000.00 KZT; вход 12201.00 KZT. Порог выхода: ≥3 контр. Только наблюдаемые переводы ≥5000 KZT.
100000008008463100,peripheral,1.0,8,0.3237619171246249,Вход/выход 1/0 контр.; потоки 54180.00/0.00 KZT. Правила 5 основных ролей не выполнены. Только наблюдаемые переводы ≥5000 KZT.
100000008011159100,consolidator,0.5722462484713073,44,0.5032955264869734,Вход от 3 контр.: 363000.00 KZT; выход 153037.00 KZT. Порог входа: ≥2 контр. Только наблюдаемые переводы ≥5000 KZT.
100000008011573100,peripheral,1.0,17,0.2793445920038936,Вход/выход 1/0 контр.; потоки 15000.00/0.00 KZT. Правила 5 основных ролей не выполнены. Только наблюдаемые переводы ≥5000 KZT.
100000008027922100,peripheral,0.5,25,0.3211139782056992,Вход/выход 1/0 контр.; потоки 70000.00/0.00 KZT. Правила 5 основных ролей не выполнены. Depth=4: продолжение неизвестно.
100000008028628100,peripheral,1.0,7,0.3584066532711746,Вход/выход 1/0 контр.; потоки 57224.00/0.00 KZT. Правила 5 основных ролей не выполнены. Только наблюдаемые переводы ≥5000 KZT.
100000008029279100,peripheral,1.0,3,0.28197582306353475,Вход/выход 1/0 контр.; потоки 17000.00/0.00 KZT. Правила 5 основных ролей не выполнены. Только наблюдаемые переводы ≥5000 KZT.
100000008038077100,terminal,0.7489618632084444,4,0.4669517181021414,Вход 499850.00 KZT от 1 контр.; наблюдаемых исходящих связей 0. Порог входа ≥166819.70 KZT; depth=3<4. Только наблюдаемые переводы ≥5000 KZT.
100000008042075100,peripheral,1.0,26,0.2563663749161041,Вход/выход 1/0 контр.; потоки 5000.00/0.00 KZT. Правила 5 основных ролей не выполнены. Только наблюдаемые переводы ≥5000 KZT.
100000008043184100,peripheral,1.0,17,0.3054268256774102,Вход/выход 1/0 контр.; потоки 50564.00/0.00 KZT. Правила 5 основных ролей не выполнены. Только наблюдаемые переводы ≥5000 KZT.
100000008050986100,peripheral,0.5,4,0.31040401703982146,Вход/выход 1/0 контр.; потоки 95000.00/0.00 KZT. Правила 5 основных ролей не выполнены. Depth=4: продолжение неизвестно.
100000008055972100,peripheral,1.0,6,0.2928375509990221,Вход/выход 1/0 контр.; потоки 28300.00/0.00 KZT. Правила 5 основных ролей не выполнены. Только наблюдаемые переводы ≥5000 KZT.
100000008060273100,peripheral,1.0,1,0.2883162943632793,Вход/выход 1/0 контр.; потоки 10000.00/0.00 KZT. Правила 5 основных ролей не выполнены. Только наблюдаемые переводы ≥5000 KZT.
100000008066326100,peripheral,1.0,0,0.33469555252345273,Вход/выход 1/0 контр.; потоки 19320.00/0.00 KZT. Правила 5 основных ролей не выполнены. Только наблюдаемые переводы ≥5000 KZT.
100000008070101100,peripheral,1.0,5,0.31976477283835153,Вход/выход 1/0 контр.; потоки 100000.00/0.00 KZT. Правила 5 основных ролей не выполнены. Только наблюдаемые переводы ≥5000 KZT.
100000008071620100,peripheral,1.0,0,0.35394337473832693,Вход/выход 1/0 контр.; потоки 46968.00/0.00 KZT. Правила 5 основных ролей не выполнены. Только наблюдаемые переводы ≥5000 KZT.
100000008071749100,peripheral,0.5,9,0.2806094565435404,Вход/выход 1/0 контр.; потоки 24943.00/0.00 KZT. Правила 5 основных ролей не выполнены. Depth=4: продолжение неизвестно.
100000008074304100,peripheral,0.5,4,0.25201828588839975,Вход/выход 1/0 контр.; потоки 5500.00/0.00 KZT. Правила 5 основных ролей не выполнены. Depth=4: продолжение неизвестно.
100000008077552100,terminal,0.6684152948959565,3,0.43938727345206663,Вход 214000.00 KZT от 1 контр.; наблюдаемых исходящих связей 0. Порог входа ≥166819.70 KZT; depth=3<4. Только наблюдаемые переводы ≥5000 KZT.
100000008086440100,transit,0.4614678607076458,0,0.4396534030986674,Вход/выход: 199733.00/161300.00 KZT; отношение ≈0.81. Баланс 0.807578 ≥ 0.591789. Только наблюдаемые переводы ≥5000 KZT.
100000008088082100,transit,0.6528905322897085,14,0.418280102538953,Вход/выход: 39138.00/50000.00 KZT; отношение ≈1.28. Баланс 0.78276 ≥ 0.591789. Только наблюдаемые переводы ≥5000 KZT.
100000008094734100,consolidator,0.5179427632540162,0,0.48322888933041863,Вход от 4 контр.: 236249.00 KZT; выход 0.00 KZT. Порог входа: ≥2 контр. Только наблюдаемые переводы ≥5000 KZT.
100000008097580100,consolidator,0.8275150584810436,3,0.4623079428573334,Вход от 2 контр.: 32000.00 KZT; выход 0.00 KZT. Порог входа: ≥2 контр. Только наблюдаемые переводы ≥5000 KZT.
100000008104567100,consolidator,0.5243225276156077,9,0.6620932028771783,Вход от 3 контр.: 53550.00 KZT; выход 40000.00 KZT. Порог входа: ≥2 контр. Только наблюдаемые переводы ≥5000 KZT.
100000008106997100,consolidator,0.7259981900463135,1,0.4366386240954352,Вход от 2 контр.: 35600.00 KZT; выход 20600.00 KZT. Порог входа: ≥2 контр. Только наблюдаемые переводы ≥5000 KZT.
100000008111003100,consolidator,0.7936100356887794,0,0.5650912102457472,Вход от 6 контр.: 222716.00 KZT; выход 35000.00 KZT. Порог входа: ≥2 контр. Только наблюдаемые переводы ≥5000 KZT.
100000008116374100,peripheral,1.0,2,0.34486267987454156,Вход/выход 1/0 контр.; потоки 31284.00/0.00 KZT. Правила 5 основных ролей не выполнены. Только наблюдаемые переводы ≥5000 KZT.
100000008117324100,peripheral,0.5,100,0.2257012782750131,Вход/выход 0/0 контр.; потоки 0.00/0.00 KZT. Правила 5 основных ролей не выполнены. Seed: вход неполон.
100000008121806100,distributor,0.5779978606877328,3,0.5072673060704275,Выход 4 контр.: 248509.00 KZT; вход 67000.00 KZT. Порог выхода: ≥3 контр. Только наблюдаемые переводы ≥5000 KZT.
100000008129393100,peripheral,1.0,53,0.3227951406300033,Вход/выход 1/0 контр.; потоки 10000.00/0.00 KZT. Правила 5 основных ролей не выполнены. Только наблюдаемые переводы ≥5000 KZT.
100000008130868100,peripheral,0.5,13,0.29277647828721143,Вход/выход 1/0 контр.; потоки 22782.00/0.00 KZT. Правила 5 основных ролей не выполнены. Depth=4: продолжение неизвестно.
100000008136608100,peripheral,0.5,9,0.3454003113614634,Вход/выход 1/0 контр.; потоки 170000.00/0.00 KZT. Правила 5 основных ролей не выполнены. Depth=4: продолжение неизвестно.
100000008137435100,distributor,0.5086672175670094,25,0.5511037433160371,Выход 6 контр.: 1419700.00 KZT; вход 93906.00 KZT. Порог выхода: ≥3 контр. Только наблюдаемые переводы ≥5000 KZT.
100000008141170100,peripheral,1.0,2,0.31933277752849165,Вход/выход 1/0 контр.; потоки 11000.00/0.00 KZT. Правила 5 основных ролей не выполнены. Только наблюдаемые переводы ≥5000 KZT.
100000008144528100,consolidator,0.5,2,0.5330522003962563,Вход от 5 контр.: 1068202.60 KZT; выход 0.00 KZT. Порог входа: ≥2 контр. Только наблюдаемые переводы ≥5000 KZT.
100000008151098100,peripheral,0.5,28,0.28580882873486835,Вход/выход 1/0 контр.; потоки 30000.00/0.00 KZT. Правила 5 основных ролей не выполнены. Depth=4: продолжение неизвестно.
100000008165763100,transit,0.5121589786323324,1,0.6106148684595489,Вход/выход: 1165815.00/1267858.00 KZT; отношение ≈1.09. Баланс 0.919515 ≥ 0.591789. Только наблюдаемые переводы ≥5000 KZT.
100000008168850100,peripheral,0.5,4,0.3447105895583323,Вход/выход 1/0 контр.; потоки 187910.00/0.00 KZT. Правила 5 основных ролей не выполнены. Depth=4: продолжение неизвестно.
100000008169544100,distributor,0.6628087425966266,2,0.5054623353304467,Выход 4 контр.: 42800.00 KZT; вход 137104.00 KZT. Порог выхода: ≥3 контр. Только наблюдаемые переводы ≥5000 KZT.
100000008172352100,consolidator,0.4849429260178261,33,0.509078541226308,Вход от 3 контр.: 90265.00 KZT; выход 289510.00 KZT. Порог входа: ≥2 контр. Только наблюдаемые переводы ≥5000 KZT.
100000008172721100,peripheral,0.5,3,0.32999563819179845,Вход/выход 1/0 контр.; потоки 168335.00/0.00 KZT. Правила 5 основных ролей не выполнены. Depth=4: продолжение неизвестно.
100000008173359100,peripheral,1.0,2,0.3100902720513651,Вход/выход 1/0 контр.; потоки 6110.00/0.00 KZT. Правила 5 основных ролей не выполнены. Только наблюдаемые переводы ≥5000 KZT.
100000008174521100,peripheral,1.0,2,0.3455559057864532,Вход/выход 1/0 контр.; потоки 82110.00/0.00 KZT. Правила 5 основных ролей не выполнены. Только наблюдаемые переводы ≥5000 KZT.
100000008175078100,peripheral,0.5,37,0.3821927955948005,Вход/выход 1/0 контр.; потоки 1846711.00/0.00 KZT. Правила 5 основных ролей не выполнены. Depth=4: продолжение неизвестно.
100000008183752100,peripheral,0.5,20,0.33822901583598175,Вход/выход 1/0 контр.; потоки 140000.00/0.00 KZT. Правила 5 основных ролей не выполнены. Depth=4: продолжение неизвестно.
100000008188026100,consolidator,0.4900895091832538,16,0.4924753163209774,Вход от 2 контр.: 86468.00 KZT; выход 337983.17 KZT. Порог входа: ≥2 контр. Только наблюдаемые переводы ≥5000 KZT.
100000008190411100,peripheral,0.5,31,0.33607545283895046,Вход/выход 1/0 контр.; потоки 198450.00/0.00 KZT. Правила 5 основных ролей не выполнены. Depth=4: продолжение неизвестно.
100000008190442100,peripheral,1.0,6,0.27617580127787494,Вход/выход 1/0 контр.; потоки 13000.00/0.00 KZT. Правила 5 основных ролей не выполнены. Только наблюдаемые переводы ≥5000 KZT.
100000008192264100,transit,0.746431645589583,4,0.46044659964431556,Вход/выход: 162810.00/187910.00 KZT; отношение ≈1.15. Баланс 0.866425 ≥ 0.591789. Только наблюдаемые переводы ≥5000 KZT.
100000008193258100,peripheral,1.0,17,0.32356856436205395,Вход/выход 1/1 контр.; потоки 75000.00/30000.00 KZT. Правила 5 основных ролей не выполнены. Только наблюдаемые переводы ≥5000 KZT.
100000008193577100,distributor,0.4712083594251766,62,0.5603155731205319,Выход 5 контр.: 480180.00 KZT; вход 154300.00 KZT. Порог выхода: ≥3 контр. Только наблюдаемые переводы ≥5000 KZT.
100000008200810100,terminal,0.6983035060934647,13,0.4588535652399765,Вход 475000.00 KZT от 1 контр.; наблюдаемых исходящих связей 0. Порог входа ≥166819.70 KZT; depth=3<4. Только наблюдаемые переводы ≥5000 KZT.
100000008205000100,peripheral,0.5,101,0.2257012782750131,Вход/выход 0/0 контр.; потоки 0.00/0.00 KZT. Правила 5 основных ролей не выполнены. Seed: вход неполон.
100000008205937100,peripheral,1.0,14,0.3177333616018213,Вход/выход 1/0 контр.; потоки 35000.00/0.00 KZT. Правила 5 основных ролей не выполнены. Только наблюдаемые переводы ≥5000 KZT.
100000008213966100,consolidator,0.9275136367971564,29,0.5865197664414246,Вход от 3 контр.: 187004.00 KZT; выход 436900.00 KZT. Порог входа: ≥2 контр. Только наблюдаемые переводы ≥5000 KZT.
100000008219168100,peripheral,1.0,11,0.3560607158703645,Вход/выход 1/0 контр.; потоки 53200.00/0.00 KZT. Правила 5 основных ролей не выполнены. Только наблюдаемые переводы ≥5000 KZT.
100000008221543100,consolidator,0.4956237413507213,17,0.49510792762006745,Вход от 2 контр.: 542000.00 KZT; выход 0.00 KZT. Порог входа: ≥2 контр. Только наблюдаемые переводы ≥5000 KZT.
100000008221765100,peripheral,0.5,4,0.3414826668714215,Вход/выход 1/0 контр.; потоки 156354.00/0.00 KZT. Правила 5 основных ролей не выполнены. Depth=4: продолжение неизвестно.
100000008223661100,transit,0.49144498512065254,5,0.4581667364963099,Вход/выход: 202000.00/262580.00 KZT; отношение ≈1.30. Баланс 0.769289 ≥ 0.591789. Только наблюдаемые переводы ≥5000 KZT.
100000008223756100,consolidator,0.497897676328286,3,0.4336976262657788,Вход от 2 контр.: 331682.00 KZT; выход 0.00 KZT. Порог входа: ≥2 контр. Только наблюдаемые переводы ≥5000 KZT.
100000008229700100,peripheral,1.0,12,0.3445124776049808,Вход/выход 1/1 контр.; потоки 23500.00/7200.00 KZT. Правила 5 основных ролей не выполнены. Только наблюдаемые переводы ≥5000 KZT.
100000008232832100,peripheral,1.0,31,0.42075755272986487,Вход/выход 1/1 контр.; потоки 337000.00/138000.00 KZT. Правила 5 основных ролей не выполнены. Только наблюдаемые переводы ≥5000 KZT.
100000008237827100,peripheral,1.0,1,0.35047615030879165,Вход/выход 1/0 контр.; потоки 40001.00/0.00 KZT. Правила 5 основных ролей не выполнены. Только наблюдаемые переводы ≥5000 KZT.
100000008238112100,terminal,0.6639563940540266,4,0.43284774425152195,Вход 190000.00 KZT от 1 контр.; наблюдаемых исходящих связей 0. Порог входа ≥166819.70 KZT; depth=3<4. Только наблюдаемые переводы ≥5000 KZT.
100000008238989100,terminal,0.7146259924387012,25,0.46103265165574076,Вход 200000.00 KZT от 1 контр.; наблюдаемых исходящих связей 0. Порог входа ≥166819.70 KZT; depth=2<4. Только наблюдаемые переводы ≥5000 KZT.
100000008244300100,consolidator,0.9481991074558997,4,0.539438634128265,Вход от 5 контр.: 65430.00 KZT; выход 0.00 KZT. Порог входа: ≥2 контр. Только наблюдаемые переводы ≥5000 KZT.
100000008251939100,peripheral,0.5,9,0.29343520928058753,Вход/выход 1/0 контр.; потоки 44360.00/0.00 KZT. Правила 5 основных ролей не выполнены. Depth=4: продолжение неизвестно.
100000008254069100,distributor,0.7046148428662462,23,0.46317644943037894,Выход 5 контр.: 107500.00 KZT; вход 10200.00 KZT. Порог выхода: ≥3 контр. Только наблюдаемые переводы ≥5000 KZT.
100000008254576100,peripheral,1.0,36,0.31386897424898025,Вход/выход 1/1 контр.; потоки 8000.00/60000.00 KZT. Правила 5 основных ролей не выполнены. Только наблюдаемые переводы ≥5000 KZT.
100000008255655100,peripheral,0.5,17,0.2694938543689841,Вход/выход 1/0 контр.; потоки 5400.00/0.00 KZT. Правила 5 основных ролей не выполнены. Depth=4: продолжение неизвестно.
100000008258083100,consolidator,0.5073056453142543,30,0.5396469978017076,Вход от 2 контр.: 3149500.00 KZT; выход 2045650.00 KZT. Порог входа: ≥2 контр. Только наблюдаемые переводы ≥5000 KZT.
100000008258458100,peripheral,1.0,66,0.3863603161513486,Вход/выход 1/2 контр.; потоки 19000.00/1557988.00 KZT. Правила 5 основных ролей не выполнены. Только наблюдаемые переводы ≥5000 KZT.
100000008259451100,peripheral,1.0,15,0.30789171921969183,Вход/выход 1/0 контр.; потоки 55000.00/0.00 KZT. Правила 5 основных ролей не выполнены. Только наблюдаемые переводы ≥5000 KZT.
100000008279405100,terminal,0.7206292987556854,3,0.44955376578301565,Вход 234738.00 KZT от 1 контр.; наблюдаемых исходящих связей 0. Порог входа ≥166819.70 KZT; depth=3<4. Только наблюдаемые переводы ≥5000 KZT.
100000008283183100,peripheral,1.0,18,0.31050852075707314,Вход/выход 1/0 контр.; потоки 29000.00/0.00 KZT. Правила 5 основных ролей не выполнены. Только наблюдаемые переводы ≥5000 KZT.
100000008289539100,peripheral,1.0,16,0.29598724508194024,Вход/выход 1/0 контр.; потоки 14912.00/0.00 KZT. Правила 5 основных ролей не выполнены. Только наблюдаемые переводы ≥5000 KZT.
100000008293431100,distributor,0.7280646749080584,0,0.4691763618212278,Выход 5 контр.: 297000.00 KZT; вход 15000.00 KZT. Порог выхода: ≥3 контр. Только наблюдаемые переводы ≥5000 KZT.
100000008295429100,terminal,0.687069869201271,4,0.44982331113222157,Вход 352000.00 KZT от 1 контр.; наблюдаемых исходящих связей 0. Порог входа ≥166819.70 KZT; depth=3<4. Только наблюдаемые переводы ≥5000 KZT.
100000008297199100,peripheral,1.0,0,0.30191233006586593,Вход/выход 1/0 контр.; потоки 42268.00/0.00 KZT. Правила 5 основных ролей не выполнены. Только наблюдаемые переводы ≥5000 KZT.
100000008304115100,peripheral,1.0,12,0.35565430491694483,Вход/выход 1/0 контр.; потоки 51000.00/0.00 KZT. Правила 5 основных ролей не выполнены. Только наблюдаемые переводы ≥5000 KZT.
100000008304139100,distributor,0.573466673584131,1,0.7631293387218588,Выход 24 контр.: 1692997.00 KZT; вход 189329.75 KZT. Порог выхода: ≥3 контр. Только наблюдаемые переводы ≥5000 KZT.
100000008306857100,peripheral,1.0,13,0.3243834638821285,Вход/выход 1/0 контр.; потоки 125000.00/0.00 KZT. Правила 5 основных ролей не выполнены. Только наблюдаемые переводы ≥5000 KZT.
100000008308418100,peripheral,0.5,0,0.3075986210051389,Вход/выход 1/0 контр.; потоки 50000.00/0.00 KZT. Правила 5 основных ролей не выполнены. Depth=4: продолжение неизвестно.
100000008309514100,peripheral,1.0,6,0.28215374576204577,Вход/выход 1/0 контр.; потоки 17200.00/0.00 KZT. Правила 5 основных ролей не выполнены. Только наблюдаемые переводы ≥5000 KZT.
100000008314203100,consolidator,0.8078974340743923,31,0.6511988242862348,Вход от 2 контр.: 382076.00 KZT; выход 327000.00 KZT. Порог входа: ≥2 контр. Seed: вход неполон.
100000008314863100,peripheral,1.0,1,0.2950947091089833,Вход/выход 1/0 контр.; потоки 12000.00/0.00 KZT. Правила 5 основных ролей не выполнены. Только наблюдаемые переводы ≥5000 KZT.
100000008321975100,peripheral,0.5,24,0.2508780598344197,Вход/выход 1/0 контр.; потоки 5900.00/0.00 KZT. Правила 5 основных ролей не выполнены. Depth=4: продолжение неизвестно.
100000008324800100,consolidator,0.5151918003864593,85,0.5439776006623834,Вход от 3 контр.: 526500.00 KZT; выход 511000.00 KZT. Порог входа: ≥2 контр. Только наблюдаемые переводы ≥5000 KZT.
100000008327791100,peripheral,0.5,17,0.2850356070115563,Вход/выход 1/0 контр.; потоки 11000.00/0.00 KZT. Правила 5 основных ролей не выполнены. Depth=4: продолжение неизвестно.
100000008331280100,peripheral,0.5,28,0.29319614403292926,Вход/выход 1/0 контр.; потоки 41000.00/0.00 KZT. Правила 5 основных ролей не выполнены. Depth=4: продолжение неизвестно.
100000008332511100,peripheral,1.0,8,0.3809292702989745,Вход/выход 1/0 контр.; потоки 100000.00/0.00 KZT. Правила 5 основных ролей не выполнены. Только наблюдаемые переводы ≥5000 KZT.
100000008333492100,peripheral,0.5,48,0.33915344612457143,Вход/выход 1/0 контр.; потоки 216400.00/0.00 KZT. Правила 5 основных ролей не выполнены. Depth=4: продолжение неизвестно.
100000008335401100,peripheral,1.0,9,0.36823778006805763,Вход/выход 1/0 контр.; потоки 150000.00/0.00 KZT. Правила 5 основных ролей не выполнены. Только наблюдаемые переводы ≥5000 KZT.
100000008336318100,peripheral,0.5,5,0.3240486329646214,Вход/выход 1/0 контр.; потоки 170000.00/0.00 KZT. Правила 5 основных ролей не выполнены. Depth=4: продолжение неизвестно.
100000008337304100,peripheral,0.5,3,0.3164292318550975,Вход/выход 1/0 контр.; потоки 105465.00/0.00 KZT. Правила 5 основных ролей не выполнены. Depth=4: продолжение неизвестно.
100000008343415100,peripheral,0.5,3,0.32246793110435923,Вход/выход 1/0 контр.; потоки 100000.00/0.00 KZT. Правила 5 основных ролей не выполнены. Depth=4: продолжение неизвестно.
100000008343874100,consolidator,0.48502302023847066,3,0.4349148820751783,Вход от 2 контр.: 283535.00 KZT; выход 176400.00 KZT. Порог входа: ≥2 контр. Только наблюдаемые переводы ≥5000 KZT.
100000008346837100,distributor,0.5449617997976084,14,0.7322434095969005,Выход 25 контр.: 1258643.00 KZT; вход 254359.00 KZT. Порог выхода: ≥3 контр. Только наблюдаемые переводы ≥5000 KZT.
100000008349675100,transit,0.6720485822736587,11,0.4662811594953402,Вход/выход: 46520.00/36650.00 KZT; отношение ≈0.79. Баланс 0.787833 ≥ 0.591789. Только наблюдаемые переводы ≥5000 KZT.
100000008349740100,peripheral,0.5,37,0.30221428103499315,Вход/выход 1/0 контр.; потоки 70000.00/0.00 KZT. Правила 5 основных ролей не выполнены. Depth=4: продолжение неизвестно.
100000008352542100,peripheral,1.0,1,0.3253593073527938,Вход/выход 1/0 контр.; потоки 50220.00/0.00 KZT. Правила 5 основных ролей не выполнены. Только наблюдаемые переводы ≥5000 KZT.
100000008356606100,consolidator,0.5007556125546595,14,0.4526046091900101,Вход от 2 контр.: 168500.00 KZT; выход 0.00 KZT. Порог входа: ≥2 контр. Только наблюдаемые переводы ≥5000 KZT.
100000008376089100,peripheral,1.0,30,0.3436545042907385,Вход/выход 1/0 контр.; потоки 135000.00/0.00 KZT. Правила 5 основных ролей не выполнены. Только наблюдаемые переводы ≥5000 KZT.
100000008376785100,peripheral,0.5,4,0.3492573045767575,Вход/выход 1/0 контр.; потоки 234250.00/0.00 KZT. Правила 5 основных ролей не выполнены. Depth=4: продолжение неизвестно.
100000008379273100,transit,0.5203886484231601,9,0.6183958432756493,Вход/выход: 36000.00/38000.00 KZT; отношение ≈1.06. Баланс 0.947368 ≥ 0.591789. Только наблюдаемые переводы ≥5000 KZT.
100000008383405100,peripheral,1.0,26,0.34165802000863377,Вход/выход 1/0 контр.; потоки 25000.00/0.00 KZT. Правила 5 основных ролей не выполнены. Только наблюдаемые переводы ≥5000 KZT.
100000008388049100,terminal,0.6999553670097344,13,0.46012465795618857,Вход 496400.00 KZT от 1 контр.; наблюдаемых исходящих связей 0. Порог входа ≥166819.70 KZT; depth=3<4. Только наблюдаемые переводы ≥5000 KZT.
100000008389800100,consolidator,0.491424402734946,2,0.4896881986580283,Вход от 3 контр.: 189000.00 KZT; выход 401620.00 KZT. Порог входа: ≥2 контр. Только наблюдаемые переводы ≥5000 KZT.
100000008405209100,peripheral,1.0,17,0.30702716160482835,Вход/выход 1/0 контр.; потоки 54400.00/0.00 KZT. Правила 5 основных ролей не выполнены. Только наблюдаемые переводы ≥5000 KZT.
100000008406609100,peripheral,1.0,23,0.3260031623270474,Вход/выход 1/0 контр.; потоки 34000.00/0.00 KZT. Правила 5 основных ролей не выполнены. Только наблюдаемые переводы ≥5000 KZT.
100000008413748100,distributor,0.6704982389519216,17,0.5483506059585319,Выход 18 контр.: 1377320.22 KZT; вход 26480.00 KZT. Порог выхода: ≥3 контр. Только наблюдаемые переводы ≥5000 KZT.
100000008416433100,peripheral,1.0,15,0.2856111659833388,Вход/выход 1/0 контр.; потоки 20000.00/0.00 KZT. Правила 5 основных ролей не выполнены. Только наблюдаемые переводы ≥5000 KZT.
100000008417029100,peripheral,1.0,5,0.32102325904331697,Вход/выход 1/0 контр.; потоки 100000.00/0.00 KZT. Правила 5 основных ролей не выполнены. Только наблюдаемые переводы ≥5000 KZT.
100000008417359100,peripheral,1.0,17,0.3285006848323146,Вход/выход 1/2 контр.; потоки 40810.00/110760.00 KZT. Правила 5 основных ролей не выполнены. Только наблюдаемые переводы ≥5000 KZT.
100000008418835100,distributor,0.6817522408863491,16,0.6530776082829454,Выход 4 контр.: 186179.00 KZT; вход 1372000.00 KZT. Порог выхода: ≥3 контр. Seed: вход неполон.
100000008418934100,terminal,0.6879122636103349,19,0.4691122567996938,Вход 360000.00 KZT от 1 контр.; наблюдаемых исходящих связей 0. Порог входа ≥166819.70 KZT; depth=2<4. Только наблюдаемые переводы ≥5000 KZT.
100000008422226100,peripheral,1.0,0,0.31673759127761225,Вход/выход 1/0 контр.; потоки 87450.00/0.00 KZT. Правила 5 основных ролей не выполнены. Только наблюдаемые переводы ≥5000 KZT.
100000008427027100,terminal,0.6810779464870981,1,0.46839304621369005,Вход 300000.00 KZT от 1 контр.; наблюдаемых исходящих связей 0. Порог входа ≥166819.70 KZT; depth=3<4. Только наблюдаемые переводы ≥5000 KZT.
100000008430691100,peripheral,1.0,51,0.37032656514033935,Вход/выход 1/2 контр.; потоки 20000.00/604900.00 KZT. Правила 5 основных ролей не выполнены. Только наблюдаемые переводы ≥5000 KZT.
100000008432942100,peripheral,1.0,0,0.30225625592605354,Вход/выход 1/0 контр.; потоки 44542.00/0.00 KZT. Правила 5 основных ролей не выполнены. Только наблюдаемые переводы ≥5000 KZT.
100000008436257100,consolidator,0.7923462879920733,17,0.41659477210531026,Вход от 2 контр.: 35000.00 KZT; выход 0.00 KZT. Порог входа: ≥2 контр. Только наблюдаемые переводы ≥5000 KZT.
100000008438656100,consolidator,0.7411733758976065,1,0.48573271957797376,Вход от 2 контр.: 80000.00 KZT; выход 5000.00 KZT. Порог входа: ≥2 контр. Только наблюдаемые переводы ≥5000 KZT.
100000008443341100,consolidator,0.4478824708164182,12,0.4850482133043132,Вход от 2 контр.: 34500.00 KZT; выход 50000.00 KZT. Порог входа: ≥2 контр. Только наблюдаемые переводы ≥5000 KZT.
100000008454065100,peripheral,1.0,15,0.28961320796939105,Вход/выход 1/0 контр.; потоки 24050.00/0.00 KZT. Правила 5 основных ролей не выполнены. Только наблюдаемые переводы ≥5000 KZT.
100000008459449100,peripheral,1.0,0,0.30724132691201533,Вход/выход 1/0 контр.; потоки 53700.00/0.00 KZT. Правила 5 основных ролей не выполнены. Только наблюдаемые переводы ≥5000 KZT.
100000008460102100,distributor,0.6743773440999856,22,0.6700836784447551,Выход 31 контр.: 476570.00 KZT; вход 17500.00 KZT. Порог выхода: ≥3 контр. Только наблюдаемые переводы ≥5000 KZT.
100000008461217100,peripheral,0.5,50,0.29623852189464134,Вход/выход 1/0 контр.; потоки 18000.00/0.00 KZT. Правила 5 основных ролей не выполнены. Depth=4: продолжение неизвестно.
100000008461532100,distributor,0.5417381747888723,28,0.5495143390203411,Выход 8 контр.: 2530090.00 KZT; вход 565300.00 KZT. Порог выхода: ≥3 контр. Только наблюдаемые переводы ≥5000 KZT.
100000008463968100,peripheral,1.0,6,0.27058681269890833,Вход/выход 1/0 контр.; потоки 10000.00/0.00 KZT. Правила 5 основных ролей не выполнены. Только наблюдаемые переводы ≥5000 KZT.
100000008465789100,distributor,0.9640839151530287,5,0.594273160688462,Выход 16 контр.: 1858100.00 KZT; вход 30099.00 KZT. Порог выхода: ≥3 контр. Только наблюдаемые переводы ≥5000 KZT.
100000008466579100,distributor,0.6687816706453733,5,0.544584867671147,Выход 17 контр.: 1933000.00 KZT; вход 36952.00 KZT. Порог выхода: ≥3 контр. Только наблюдаемые переводы ≥5000 KZT.
100000008468762100,consolidator,0.5007202931894357,20,0.41587315751643783,Вход от 2 контр.: 170000.00 KZT; выход 0.00 KZT. Порог входа: ≥2 контр. Только наблюдаемые переводы ≥5000 KZT.
100000008469048100,peripheral,0.5,0,0.35609029070422027,Вход/выход 1/0 контр.; потоки 265200.00/0.00 KZT. Правила 5 основных ролей не выполнены. Depth=4: продолжение неизвестно.
100000008470470100,peripheral,1.0,7,0.3466692632411365,Вход/выход 1/0 контр.; потоки 33547.00/0.00 KZT. Правила 5 основных ролей не выполнены. Только наблюдаемые переводы ≥5000 KZT.
100000008471634100,peripheral,0.5,27,0.3369001939673679,Вход/выход 1/0 контр.; потоки 20000.00/0.00 KZT. Правила 5 основных ролей не выполнены. Depth=4: продолжение неизвестно.
100000008472324100,terminal,0.6668412701420453,4,0.43495192925434806,Вход 205200.00 KZT от 1 контр.; наблюдаемых исходящих связей 0. Порог входа ≥166819.70 KZT; depth=3<4. Только наблюдаемые переводы ≥5000 KZT.
100000008473207100,terminal,0.7764127790343376,1,0.4914225625818499,Вход 202000.00 KZT от 1 контр.; наблюдаемых исходящих связей 0. Порог входа ≥166819.70 KZT; depth=2<4. Только наблюдаемые переводы ≥5000 KZT.
100000008473765100,peripheral,1.0,3,0.29422213767442884,Вход/выход 1/0 контр.; потоки 30000.00/0.00 KZT. Правила 5 основных ролей не выполнены. Только наблюдаемые переводы ≥5000 KZT.
100000008474308100,transit,0.5836613517126636,12,0.40747828511684214,Вход/выход: 14000.00/10000.00 KZT; отношение ≈0.71. Баланс 0.714286 ≥ 0.591789. Только наблюдаемые переводы ≥5000 KZT.
100000008474391100,peripheral,1.0,25,0.2960480121783456,Вход/выход 1/0 контр.; потоки 20000.00/0.00 KZT. Правила 5 основных ролей не выполнены. Только наблюдаемые переводы ≥5000 KZT.
100000008477350100,distributor,0.5462857142857143,0,0.7611095238095237,Выход 39 контр.: 3374866.00 KZT; вход 610100.00 KZT. Порог выхода: ≥3 контр. Только наблюдаемые переводы ≥5000 KZT.
100000008478414100,peripheral,1.0,18,0.2874182651423356,Вход/выход 1/0 контр.; потоки 10000.00/0.00 KZT. Правила 5 основных ролей не выполнены. Только наблюдаемые переводы ≥5000 KZT.
100000008486520100,peripheral,1.0,2,0.3570474944315253,Вход/выход 1/1 контр.; потоки 35720.00/14000.00 KZT. Правила 5 основных ролей не выполнены. Только наблюдаемые переводы ≥5000 KZT.
100000008488166100,peripheral,1.0,6,0.25826712734870544,Вход/выход 1/0 контр.; потоки 5600.00/0.00 KZT. Правила 5 основных ролей не выполнены. Только наблюдаемые переводы ≥5000 KZT.
100000008489604100,peripheral,1.0,6,0.27261587427001954,Вход/выход 1/0 контр.; потоки 11000.00/0.00 KZT. Правила 5 основных ролей не выполнены. Только наблюдаемые переводы ≥5000 KZT.
100000008489922100,distributor,0.6013699348226307,5,0.5761158514626225,Выход 36 контр.: 3789900.00 KZT; вход 262010.00 KZT. Порог выхода: ≥3 контр. Только наблюдаемые переводы ≥5000 KZT.
100000008490127100,distributor,0.7840023099650828,4,0.5071682144917248,Выход 6 контр.: 923000.00 KZT; вход 431755.00 KZT. Порог выхода: ≥3 контр. Только наблюдаемые переводы ≥5000 KZT.
100000008491390100,peripheral,1.0,0,0.29771130606929197,Вход/выход 1/0 контр.; потоки 36000.00/0.00 KZT. Правила 5 основных ролей не выполнены. Только наблюдаемые переводы ≥5000 KZT.
100000008493007100,transit,0.7351769062793656,84,0.4242517132764494,Вход/выход: 26150.00/26150.00 KZT; отношение ≈1.00. Баланс 1 ≥ 0.591789. Только наблюдаемые переводы ≥5000 KZT.
100000008497298100,terminal,0.7070605607899106,19,0.48481485137817143,Вход 600000.00 KZT от 1 контр.; наблюдаемых исходящих связей 0. Порог входа ≥166819.70 KZT; depth=2<4. Только наблюдаемые переводы ≥5000 KZT.
100000008501413100,transit,0.6873386510904632,34,0.383857501147417,Вход/выход: 5000.00/5100.00 KZT; отношение ≈1.02. Баланс 0.980392 ≥ 0.591789. Только наблюдаемые переводы ≥5000 KZT.
100000008502995100,peripheral,1.0,0,0.32936573700791055,Вход/выход 1/0 контр.; потоки 25000.00/0.00 KZT. Правила 5 основных ролей не выполнены. Только наблюдаемые переводы ≥5000 KZT.
100000008503177100,peripheral,1.0,3,0.29691016287374866,Вход/выход 1/0 контр.; потоки 33951.00/0.00 KZT. Правила 5 основных ролей не выполнены. Только наблюдаемые переводы ≥5000 KZT.
100000008507703100,peripheral,1.0,6,0.2929892510856059,Вход/выход 1/0 контр.; потоки 28500.00/0.00 KZT. Правила 5 основных ролей не выполнены. Только наблюдаемые переводы ≥5000 KZT.
100000008512552100,consolidator,0.5460793177697432,17,0.5042694607129563,Вход от 4 контр.: 394360.00 KZT; выход 1302275.00 KZT. Порог входа: ≥2 контр. Только наблюдаемые переводы ≥5000 KZT.
100000008512827100,distributor,0.5236264580485219,13,0.5195736511265074,Выход 10 контр.: 1944500.00 KZT; вход 107949.00 KZT. Порог выхода: ≥3 контр. Только наблюдаемые переводы ≥5000 KZT.
100000008513251100,peripheral,0.5,102,0.2257012782750131,Вход/выход 0/0 контр.; потоки 0.00/0.00 KZT. Правила 5 основных ролей не выполнены. Seed: вход неполон.
100000008514970100,peripheral,1.0,3,0.3519144954374531,Вход/выход 1/1 контр.; потоки 379966.00/31000.00 KZT. Правила 5 основных ролей не выполнены. Только наблюдаемые переводы ≥5000 KZT.
100000008516839100,consolidator,0.9400919959249625,23,0.6812094478926853,Вход от 3 контр.: 155000.00 KZT; выход 0.00 KZT. Порог входа: ≥2 контр. Seed: вход неполон.
100000008517061100,peripheral,0.5,15,0.3771685392854202,Вход/выход 1/0 контр.; потоки 1844000.00/0.00 KZT. Правила 5 основных ролей не выполнены. Depth=4: продолжение неизвестно.
100000008517538100,distributor,0.5707043109670124,5,0.49722192761146533,Выход 17 контр.: 1439000.00 KZT; вход 155500.00 KZT. Порог выхода: ≥3 контр. Только наблюдаемые переводы ≥5000 KZT.
100000008522127100,peripheral,1.0,64,0.4769868151381389,Вход/выход 0/1 контр.; потоки 0.00/145000.00 KZT. Правила 5 основных ролей не выполнены. Seed: вход неполон.
100000008524903100,peripheral,0.5,0,0.2731718008943155,Вход/выход 1/0 контр.; потоки 15000.00/0.00 KZT. Правила 5 основных ролей не выполнены. Depth=4: продолжение неизвестно.
100000008525136100,peripheral,0.5,0,0.2679760769481158,Вход/выход 1/0 контр.; потоки 14100.00/0.00 KZT. Правила 5 основных ролей не выполнены. Depth=4: продолжение неизвестно.
100000008531133100,distributor,0.6120401206113992,2,0.469376608318415,Выход 3 контр.: 158271.68 KZT; вход 25000.00 KZT. Порог выхода: ≥3 контр. Только наблюдаемые переводы ≥5000 KZT.
100000008531186100,peripheral,1.0,1,0.34737317967117826,Вход/выход 1/0 контр.; потоки 125000.00/0.00 KZT. Правила 5 основных ролей не выполнены. Только наблюдаемые переводы ≥5000 KZT.
100000008532050100,terminal,0.6967038492829198,4,0.45700254754868036,Вход 455156.00 KZT от 1 контр.; наблюдаемых исходящих связей 0. Порог входа ≥166819.70 KZT; depth=3<4. Только наблюдаемые переводы ≥5000 KZT.
100000008536546100,consolidator,0.49912991049062866,20,0.42440422236497555,Вход от 2 контр.: 250000.00 KZT; выход 0.00 KZT. Порог входа: ≥2 контр. Только наблюдаемые переводы ≥5000 KZT.
100000008537380100,peripheral,1.0,6,0.2658411639954692,Вход/выход 1/0 контр.; потоки 8000.00/0.00 KZT. Правила 5 основных ролей не выполнены. Только наблюдаемые переводы ≥5000 KZT.
100000008545727100,distributor,0.7857770192479578,9,0.5290849809062859,Выход 6 контр.: 1866500.00 KZT; вход 30000.00 KZT. Порог выхода: ≥3 контр. Только наблюдаемые переводы ≥5000 KZT.
100000008546855100,consolidator,0.9095699749369598,21,0.5531853588536909,Вход от 6 контр.: 71790.00 KZT; выход 10000.00 KZT. Порог входа: ≥2 контр. Только наблюдаемые переводы ≥5000 KZT.
100000008547295100,peripheral,1.0,8,0.30387440009803657,Вход/выход 1/0 контр.; потоки 15000.00/0.00 KZT. Правила 5 основных ролей не выполнены. Только наблюдаемые переводы ≥5000 KZT.
100000008547844100,distributor,0.599532965289117,5,0.6678237918625337,Выход 19 контр.: 2042199.00 KZT; вход 177600.00 KZT. Порог выхода: ≥3 контр. Только наблюдаемые переводы ≥5000 KZT.
100000008547948100,distributor,0.5691148476511453,5,0.5959548319626533,Выход 26 контр.: 5185600.00 KZT; вход 212665.00 KZT. Порог выхода: ≥3 контр. Только наблюдаемые переводы ≥5000 KZT.
100000008548853100,peripheral,1.0,6,0.27775663983323684,Вход/выход 1/0 контр.; потоки 14000.00/0.00 KZT. Правила 5 основных ролей не выполнены. Только наблюдаемые переводы ≥5000 KZT.
100000008551752100,peripheral,0.5,43,0.34378913856098003,Вход/выход 1/0 контр.; потоки 406000.00/0.00 KZT. Правила 5 основных ролей не выполнены. Depth=4: продолжение неизвестно.
100000008554390100,peripheral,0.5,22,0.2682337557849961,Вход/выход 1/0 контр.; потоки 14000.00/0.00 KZT. Правила 5 основных ролей не выполнены. Depth=4: продолжение неизвестно.
100000008555233100,terminal,0.6954854826186713,20,0.4618039994671195,Вход 440600.00 KZT от 1 контр.; наблюдаемых исходящих связей 0. Порог входа ≥166819.70 KZT; depth=3<4. Только наблюдаемые переводы ≥5000 KZT.
100000008555918100,peripheral,1.0,1,0.389045340024198,Вход/выход 1/2 контр.; потоки 139211.00/43300.00 KZT. Правила 5 основных ролей не выполнены. Только наблюдаемые переводы ≥5000 KZT.
100000008556318100,consolidator,0.5004882279204041,1,0.4813509860150354,Вход от 2 контр.: 180132.00 KZT; выход 0.00 KZT. Порог входа: ≥2 контр. Только наблюдаемые переводы ≥5000 KZT.
100000008557672100,peripheral,1.0,18,0.32226634924451303,Вход/выход 1/0 контр.; потоки 49125.00/0.00 KZT. Правила 5 основных ролей не выполнены. Только наблюдаемые переводы ≥5000 KZT.
100000008560263100,peripheral,0.5,4,0.3116126539219798,Вход/выход 1/0 контр.; потоки 100000.00/0.00 KZT. Правила 5 основных ролей не выполнены. Depth=4: продолжение неизвестно.
100000008560717100,consolidator,0.972003159571393,4,0.591996662586125,Вход от 7 контр.: 529000.00 KZT; выход 25000.00 KZT. Порог входа: ≥2 контр. Только наблюдаемые переводы ≥5000 KZT.
100000008561016100,transit,0.8257361127376754,5,0.4735460247437691,Вход/выход: 180000.00/185000.00 KZT; отношение ≈1.03. Баланс 0.972973 ≥ 0.591789. Только наблюдаемые переводы ≥5000 KZT.
100000008566737100,consolidator,0.4994826110504452,0,0.47558528012859946,Вход от 2 контр.: 230000.00 KZT; выход 0.00 KZT. Порог входа: ≥2 контр. Только наблюдаемые переводы ≥5000 KZT.
100000008568512100,terminal,0.6658115837756945,4,0.43420049981665676,Вход 199640.00 KZT от 1 контр.; наблюдаемых исходящих связей 0. Порог входа ≥166819.70 KZT; depth=3<4. Только наблюдаемые переводы ≥5000 KZT.
100000008571243100,peripheral,1.0,9,0.3271781635752624,Вход/выход 1/0 контр.; потоки 134000.00/0.00 KZT. Правила 5 основных ролей не выполнены. Только наблюдаемые переводы ≥5000 KZT.
100000008571433100,consolidator,0.7355020980328875,52,0.697825314704933,Вход от 2 контр.: 350000.00 KZT; выход 1434000.00 KZT. Порог входа: ≥2 контр. Seed: вход неполон.
100000008571443100,consolidator,0.8039484076390355,14,0.4580853876000155,Вход от 2 контр.: 65000.00 KZT; выход 0.00 KZT. Порог входа: ≥2 контр. Только наблюдаемые переводы ≥5000 KZT.
100000008575624100,distributor,0.6709122321464978,61,0.5674218735671275,Выход 3 контр.: 89500.00 KZT; вход 0.00 KZT. Порог выхода: ≥3 контр. Seed: вход неполон.
100000008576243100,consolidator,0.845360227556812,0,0.5037732096548672,Вход от 2 контр.: 82920.00 KZT; выход 0.00 KZT. Порог входа: ≥2 контр. Только наблюдаемые переводы ≥5000 KZT.
100000008576528100,peripheral,1.0,4,0.2922969522319949,Вход/выход 1/0 контр.; потоки 28000.00/0.00 KZT. Правила 5 основных ролей не выполнены. Только наблюдаемые переводы ≥5000 KZT.
100000008579978100,peripheral,1.0,4,0.3237821630767376,Вход/выход 1/1 контр.; потоки 34000.00/77000.00 KZT. Правила 5 основных ролей не выполнены. Только наблюдаемые переводы ≥5000 KZT.
100000008582730100,transit,0.6956895807213179,21,0.42915714755518936,Вход/выход: 5000.00/5000.00 KZT; отношение ≈1.00. Баланс 1 ≥ 0.591789. Только наблюдаемые переводы ≥5000 KZT.
100000008583360100,transit,0.6285620615110452,9,0.44152201901350563,Вход/выход: 112843.00/170000.00 KZT; отношение ≈1.51. Баланс 0.663782 ≥ 0.591789. Только наблюдаемые переводы ≥5000 KZT.
100000008583971100,consolidator,0.5,0,0.3738614418221176,Вход от 2 контр.: 51000.00 KZT; выход 0.00 KZT. Порог входа: ≥2 контр. Depth=4: продолжение неизвестно.
100000008586731100,peripheral,1.0,12,0.32448028794220946,Вход/выход 1/0 контр.; потоки 12000.00/0.00 KZT. Правила 5 основных ролей не выполнены. Только наблюдаемые переводы ≥5000 KZT.
100000008587459100,consolidator,0.7231950666058876,0,0.5019970356329754,Вход от 2 контр.: 181507.00 KZT; выход 686500.00 KZT. Порог входа: ≥2 контр. Только наблюдаемые переводы ≥5000 KZT.
100000008588665100,peripheral,0.5,0,0.2858292851579944,Вход/выход 1/0 контр.; потоки 25000.00/0.00 KZT. Правила 5 основных ролей не выполнены. Depth=4: продолжение неизвестно.
100000008595687100,peripheral,1.0,2,0.3147234902119067,Вход/выход 1/1 контр.; потоки 64395.00/10400.00 KZT. Правила 5 основных ролей не выполнены. Только наблюдаемые переводы ≥5000 KZT.
100000008596924100,peripheral,1.0,8,0.3308546847319608,Вход/выход 1/0 контр.; потоки 100000.00/0.00 KZT. Правила 5 основных ролей не выполнены. Только наблюдаемые переводы ≥5000 KZT.
100000008598972100,peripheral,1.0,3,0.3237533488378953,Вход/выход 1/0 контр.; потоки 120000.00/0.00 KZT. Правила 5 основных ролей не выполнены. Только наблюдаемые переводы ≥5000 KZT.
100000008599354100,peripheral,1.0,0,0.34859964161167656,Вход/выход 1/1 контр.; потоки 177000.00/38200.00 KZT. Правила 5 основных ролей не выполнены. Только наблюдаемые переводы ≥5000 KZT.
100000008601794100,consolidator,0.8460611840780126,56,0.7131154950000697,Вход от 2 контр.: 494400.00 KZT; выход 871400.00 KZT. Порог входа: ≥2 контр. Seed: вход неполон.
100000008603331100,distributor,0.4954779711341123,5,0.48996406039478924,Выход 6 контр.: 741774.00 KZT; вход 39500.00 KZT. Порог выхода: ≥3 контр. Только наблюдаемые переводы ≥5000 KZT.
100000008603629100,distributor,0.5297465753424658,3,0.7666423515981735,Выход 61 контр.: 4986156.00 KZT; вход 1817300.00 KZT. Порог выхода: ≥3 контр. Только наблюдаемые переводы ≥5000 KZT.
100000008612257100,peripheral,1.0,17,0.2695683637949658,Вход/выход 1/0 контр.; потоки 9500.00/0.00 KZT. Правила 5 основных ролей не выполнены. Только наблюдаемые переводы ≥5000 KZT.
100000008619159100,peripheral,0.5,66,0.3471456029305344,Вход/выход 1/0 контр.; потоки 446400.00/0.00 KZT. Правила 5 основных ролей не выполнены. Depth=4: продолжение неизвестно.
100000008619857100,peripheral,1.0,0,0.3069065641080121,Вход/выход 1/2 контр.; потоки 29000.00/13000.00 KZT. Правила 5 основных ролей не выполнены. Только наблюдаемые переводы ≥5000 KZT.
100000008620570100,consolidator,0.7189862589813836,3,0.4620330871132807,Вход от 2 контр.: 145000.00 KZT; выход 31800.00 KZT. Порог входа: ≥2 контр. Только наблюдаемые переводы ≥5000 KZT.
100000008624978100,peripheral,1.0,20,0.34233399970920886,Вход/выход 1/0 контр.; потоки 109000.00/0.00 KZT. Правила 5 основных ролей не выполнены. Только наблюдаемые переводы ≥5000 KZT.
100000008625905100,peripheral,1.0,58,0.3929180122514022,Вход/выход 1/2 контр.; потоки 197800.00/635000.00 KZT. Правила 5 основных ролей не выполнены. Только наблюдаемые переводы ≥5000 KZT.
100000008628231100,peripheral,1.0,68,0.4206414305443905,Вход/выход 1/2 контр.; потоки 50000.00/627870.00 KZT. Правила 5 основных ролей не выполнены. Только наблюдаемые переводы ≥5000 KZT.
100000008628818100,peripheral,0.5,9,0.29441033524243376,Вход/выход 1/0 контр.; потоки 46310.00/0.00 KZT. Правила 5 основных ролей не выполнены. Depth=4: продолжение неизвестно.
100000008629504100,peripheral,0.5,0,0.276579204664667,Вход/выход 1/0 контр.; потоки 20000.00/0.00 KZT. Правила 5 основных ролей не выполнены. Depth=4: продолжение неизвестно.
100000008629581100,peripheral,1.0,1,0.3255150073741011,Вход/выход 1/0 контр.; потоки 54184.00/0.00 KZT. Правила 5 основных ролей не выполнены. Только наблюдаемые переводы ≥5000 KZT.
100000008631800100,peripheral,0.5,22,0.2663662546982824,Вход/выход 1/0 контр.; потоки 12850.00/0.00 KZT. Правила 5 основных ролей не выполнены. Depth=4: продолжение неизвестно.
100000008632060100,distributor,0.837539303801295,0,0.4924167732782738,Выход 9 контр.: 339200.00 KZT; вход 6000.00 KZT. Порог выхода: ≥3 контр. Только наблюдаемые переводы ≥5000 KZT.
100000008633099100,transit,0.581446273169695,11,0.38580618435815744,Вход/выход: 19468.00/13500.00 KZT; отношение ≈0.69. Баланс 0.693446 ≥ 0.591789. Только наблюдаемые переводы ≥5000 KZT.
100000008634520100,peripheral,1.0,5,0.3180634451253267,Вход/выход 1/0 контр.; потоки 90000.00/0.00 KZT. Правила 5 основных ролей не выполнены. Только наблюдаемые переводы ≥5000 KZT.
100000008636603100,coordinator,0.4708444116872373,12,0.6655182640166881,Прибл. посредничество 0.00283; внешних соседей 5; вход/выход 2/6 контр. Порог посредничества ≥8.82113e-05. Только наблюдаемые переводы ≥5000 KZT.
100000008637537100,consolidator,0.5875269227150881,31,0.6761084415235339,Вход от 3 контр.: 619890.00 KZT; выход 2351495.00 KZT. Порог входа: ≥2 контр. Seed: вход неполон.
100000008638859100,peripheral,0.5,21,0.3091249233169652,Вход/выход 1/0 контр.; потоки 34000.00/0.00 KZT. Правила 5 основных ролей не выполнены. Depth=4: продолжение неизвестно.
100000008647905100,peripheral,1.0,21,0.37337087404152636,Вход/выход 1/2 контр.; потоки 50000.00/344222.00 KZT. Правила 5 основных ролей не выполнены. Только наблюдаемые переводы ≥5000 KZT.
100000008648783100,peripheral,0.5,22,0.2468720884077309,Вход/выход 1/0 контр.; потоки 5200.00/0.00 KZT. Правила 5 основных ролей не выполнены. Depth=4: продолжение неизвестно.
100000008649416100,peripheral,0.5,17,0.2680942441263698,Вход/выход 1/0 контр.; потоки 5000.00/0.00 KZT. Правила 5 основных ролей не выполнены. Depth=4: продолжение неизвестно.
100000008650785100,consolidator,0.7104595057272561,2,0.6239419238072509,Вход от 2 контр.: 92000.00 KZT; выход 120120.00 KZT. Порог входа: ≥2 контр. Seed: вход неполон.
100000008652094100,peripheral,1.0,0,0.29711061856409826,Вход/выход 1/0 контр.; потоки 35000.00/0.00 KZT. Правила 5 основных ролей не выполнены. Только наблюдаемые переводы ≥5000 KZT.
100000008653041100,peripheral,1.0,6,0.29260801621273885,Вход/выход 1/0 контр.; потоки 28000.00/0.00 KZT. Правила 5 основных ролей не выполнены. Только наблюдаемые переводы ≥5000 KZT.
100000008654653100,peripheral,1.0,2,0.45610210164851506,Вход/выход 0/1 контр.; потоки 0.00/54000.00 KZT. Правила 5 основных ролей не выполнены. Seed: вход неполон.
100000008655035100,peripheral,1.0,11,0.3332182646242996,Вход/выход 1/0 контр.; потоки 30000.00/0.00 KZT. Правила 5 основных ролей не выполнены. Только наблюдаемые переводы ≥5000 KZT.
100000008655779100,peripheral,1.0,29,0.3303918065799837,Вход/выход 1/2 контр.; потоки 47000.00/24704.00 KZT. Правила 5 основных ролей не выполнены. Только наблюдаемые переводы ≥5000 KZT.
100000008656043100,peripheral,1.0,18,0.3082763268979564,Вход/выход 1/0 контр.; потоки 26200.00/0.00 KZT. Правила 5 основных ролей не выполнены. Только наблюдаемые переводы ≥5000 KZT.
100000008659445100,consolidator,0.5539180347341611,69,0.6759585739115239,Вход от 3 контр.: 138490.00 KZT; выход 875150.00 KZT. Порог входа: ≥2 контр. Seed: вход неполон.
100000008659950100,terminal,0.6736390248120502,5,0.4423815785128601,Вход 246000.00 KZT от 1 контр.; наблюдаемых исходящих связей 0. Порог входа ≥166819.70 KZT; depth=3<4. Только наблюдаемые переводы ≥5000 KZT.
100000008661550100,peripheral,1.0,6,0.2881913955204224,Вход/выход 1/0 контр.; потоки 22800.00/0.00 KZT. Правила 5 основных ролей не выполнены. Только наблюдаемые переводы ≥5000 KZT.
100000008661585100,peripheral,1.0,7,0.35216820062632126,Вход/выход 1/0 контр.; потоки 43141.00/0.00 KZT. Правила 5 основных ролей не выполнены. Только наблюдаемые переводы ≥5000 KZT.
100000008662216100,peripheral,1.0,6,0.2911779232162681,Вход/выход 1/0 контр.; потоки 26200.00/0.00 KZT. Правила 5 основных ролей не выполнены. Только наблюдаемые переводы ≥5000 KZT.
100000008662805100,peripheral,1.0,6,0.28126547455442186,Вход/выход 1/0 контр.; потоки 16500.00/0.00 KZT. Правила 5 основных ролей не выполнены. Только наблюдаемые переводы ≥5000 KZT.
100000008663007100,peripheral,1.0,7,0.32782424396522797,Вход/выход 1/0 контр.; потоки 14000.00/0.00 KZT. Правила 5 основных ролей не выполнены. Только наблюдаемые переводы ≥5000 KZT.
100000008663723100,peripheral,1.0,6,0.280066978400086,Вход/выход 1/0 контр.; потоки 15600.00/0.00 KZT. Правила 5 основных ролей не выполнены. Только наблюдаемые переводы ≥5000 KZT.
100000008664469100,peripheral,1.0,1,0.34026863562734544,Вход/выход 1/0 контр.; потоки 25000.00/0.00 KZT. Правила 5 основных ролей не выполнены. Только наблюдаемые переводы ≥5000 KZT.
100000008664774100,peripheral,1.0,6,0.2810048302178292,Вход/выход 1/0 контр.; потоки 16300.00/0.00 KZT. Правила 5 основных ролей не выполнены. Только наблюдаемые переводы ≥5000 KZT.
100000008665380100,consolidator,0.7384281574134448,0,0.47983670147438934,Вход от 2 контр.: 69100.00 KZT; выход 18200.00 KZT. Порог входа: ≥2 контр. Только наблюдаемые переводы ≥5000 KZT.
100000008666075100,peripheral,1.0,7,0.34131847402736937,Вход/выход 1/0 контр.; потоки 26217.00/0.00 KZT. Правила 5 основных ролей не выполнены. Только наблюдаемые переводы ≥5000 KZT.
100000008667058100,peripheral,1.0,7,0.33264972434528195,Вход/выход 1/0 контр.; потоки 17534.00/0.00 KZT. Правила 5 основных ролей не выполнены. Только наблюдаемые переводы ≥5000 KZT.
100000008667795100,peripheral,1.0,6,0.296797217213738,Вход/выход 1/0 контр.; потоки 34000.00/0.00 KZT. Правила 5 основных ролей не выполнены. Только наблюдаемые переводы ≥5000 KZT.
100000008667799100,peripheral,1.0,6,0.296797217213738,Вход/выход 1/0 контр.; потоки 34000.00/0.00 KZT. Правила 5 основных ролей не выполнены. Только наблюдаемые переводы ≥5000 KZT.
100000008668099100,peripheral,1.0,6,0.2802034772551134,Вход/выход 1/0 контр.; потоки 15700.00/0.00 KZT. Правила 5 основных ролей не выполнены. Только наблюдаемые переводы ≥5000 KZT.
100000008669037100,peripheral,0.5,103,0.2257012782750131,Вход/выход 0/0 контр.; потоки 0.00/0.00 KZT. Правила 5 основных ролей не выполнены. Seed: вход неполон.
100000008669310100,peripheral,1.0,0,0.3084780631094456,Вход/выход 1/0 контр.; потоки 59567.00/0.00 KZT. Правила 5 основных ролей не выполнены. Только наблюдаемые переводы ≥5000 KZT.
100000008670667100,peripheral,1.0,7,0.33005142554498745,Вход/выход 1/0 контр.; потоки 15534.00/0.00 KZT. Правила 5 основных ролей не выполнены. Только наблюдаемые переводы ≥5000 KZT.
100000008671026100,peripheral,1.0,7,0.33898525830996895,Вход/выход 1/0 контр.; потоки 23534.00/0.00 KZT. Правила 5 основных ролей не выполнены. Только наблюдаемые переводы ≥5000 KZT.
100000008671081100,peripheral,1.0,6,0.2987438825443852,Вход/выход 1/0 контр.; потоки 37200.00/0.00 KZT. Правила 5 основных ролей не выполнены. Только наблюдаемые переводы ≥5000 KZT.
100000008671129100,peripheral,1.0,6,0.2911779232162681,Вход/выход 1/0 контр.; потоки 26200.00/0.00 KZT. Правила 5 основных ролей не выполнены. Только наблюдаемые переводы ≥5000 KZT.
100000008671929100,peripheral,1.0,1,0.36439556503898674,Вход/выход 1/0 контр.; потоки 75000.00/0.00 KZT. Правила 5 основных ролей не выполнены. Только наблюдаемые переводы ≥5000 KZT.
100000008672162100,peripheral,1.0,7,0.33007349274613296,Вход/выход 1/0 контр.; потоки 15550.00/0.00 KZT. Правила 5 основных ролей не выполнены. Только наблюдаемые переводы ≥5000 KZT.
100000008672200100,peripheral,1.0,7,0.3171984575541177,Вход/выход 1/0 контр.; потоки 8511.00/0.00 KZT. Правила 5 основных ролей не выполнены. Только наблюдаемые переводы ≥5000 KZT.
100000008672480100,peripheral,1.0,18,0.29305668929627804,Вход/выход 1/0 контр.; потоки 13000.00/0.00 KZT. Правила 5 основных ролей не выполнены. Только наблюдаемые переводы ≥5000 KZT.
100000008672493100,peripheral,1.0,6,0.27775663983323684,Вход/выход 1/0 контр.; потоки 14000.00/0.00 KZT. Правила 5 основных ролей не выполнены. Только наблюдаемые переводы ≥5000 KZT.
100000008672603100,peripheral,1.0,1,0.3040464766568709,Вход/выход 1/0 контр.; потоки 21200.00/0.00 KZT. Правила 5 основных ролей не выполнены. Только наблюдаемые переводы ≥5000 KZT.
100000008672762100,peripheral,1.0,18,0.29305668929627804,Вход/выход 1/0 контр.; потоки 13000.00/0.00 KZT. Правила 5 основных ролей не выполнены. Только наблюдаемые переводы ≥5000 KZT.
100000008673001100,peripheral,1.0,23,0.4808962302573877,Вход/выход 1/0 контр.; потоки 80000.00/0.00 KZT. Правила 5 основных ролей не выполнены. Seed: вход неполон.
100000008675322100,peripheral,0.5,37,0.33804237901506023,Вход/выход 1/0 контр.; потоки 340000.00/0.00 KZT. Правила 5 основных ролей не выполнены. Depth=4: продолжение неизвестно.
100000008676812100,terminal,0.6712482364640945,21,0.4543560401055305,Вход 230800.00 KZT от 1 контр.; наблюдаемых исходящих связей 0. Порог входа ≥166819.70 KZT; depth=3<4. Только наблюдаемые переводы ≥5000 KZT.
100000008677215100,peripheral,1.0,25,0.26992906681378737,Вход/выход 1/0 контр.; потоки 9000.00/0.00 KZT. Правила 5 основных ролей не выполнены. Только наблюдаемые переводы ≥5000 KZT.
100000008677368100,peripheral,0.5,11,0.28911974534366847,Вход/выход 1/0 контр.; потоки 13500.00/0.00 KZT. Правила 5 основных ролей не выполнены. Depth=4: продолжение неизвестно.
100000008677518100,peripheral,1.0,6,0.30460050579601006,Вход/выход 1/0 контр.; потоки 48700.00/0.00 KZT. Правила 5 основных ролей не выполнены. Только наблюдаемые переводы ≥5000 KZT.
100000008679986100,peripheral,1.0,7,0.33437506050023735,Вход/выход 1/0 контр.; потоки 19000.00/0.00 KZT. Правила 5 основных ролей не выполнены. Только наблюдаемые переводы ≥5000 KZT.
100000008680061100,peripheral,0.5,4,0.2926875534812644,Вход/выход 1/0 контр.; потоки 41300.00/0.00 KZT. Правила 5 основных ролей не выполнены. Depth=4: продолжение неизвестно.
100000008680451100,peripheral,1.0,7,0.33898525830996895,Вход/выход 1/0 контр.; потоки 23534.00/0.00 KZT. Правила 5 основных ролей не выполнены. Только наблюдаемые переводы ≥5000 KZT.
100000008680731100,distributor,0.9920599636742595,12,0.6801399045588621,Выход 27 контр.: 1464354.00 KZT; вход 0.00 KZT. Порог выхода: ≥3 контр. Seed: вход неполон.
100000008680912100,peripheral,1.0,0,0.3282253430422363,Вход/выход 1/1 контр.; потоки 45112.00/5990.85 KZT. Правила 5 основных ролей не выполнены. Только наблюдаемые переводы ≥5000 KZT.
100000008682426100,peripheral,1.0,15,0.2856111659833388,Вход/выход 1/0 контр.; потоки 20000.00/0.00 KZT. Правила 5 основных ролей не выполнены. Только наблюдаемые переводы ≥5000 KZT.
100000008683818100,peripheral,1.0,18,0.2993543702755982,Вход/выход 1/0 контр.; потоки 17400.00/0.00 KZT. Правила 5 основных ролей не выполнены. Только наблюдаемые переводы ≥5000 KZT.
100000008684452100,peripheral,1.0,6,0.30594875178502806,Вход/выход 1/0 контр.; потоки 51800.00/0.00 KZT. Правила 5 основных ролей не выполнены. Только наблюдаемые переводы ≥5000 KZT.
100000008684767100,peripheral,1.0,6,0.2948715822247308,Вход/выход 1/0 контр.; потоки 31100.00/0.00 KZT. Правила 5 основных ролей не выполнены. Только наблюдаемые переводы ≥5000 KZT.
100000008684951100,peripheral,1.0,6,0.28215374576204577,Вход/выход 1/0 контр.; потоки 17200.00/0.00 KZT. Правила 5 основных ролей не выполнены. Только наблюдаемые переводы ≥5000 KZT.
100000008686214100,peripheral,1.0,3,0.29091198083497666,Вход/выход 1/0 контр.; потоки 25000.00/0.00 KZT. Правила 5 основных ролей не выполнены. Только наблюдаемые переводы ≥5000 KZT.
100000008686234100,peripheral,1.0,0,0.35030921636146173,Вход/выход 1/0 контр.; потоки 39778.00/0.00 KZT. Правила 5 основных ролей не выполнены. Только наблюдаемые переводы ≥5000 KZT.
100000008686247100,peripheral,1.0,26,0.29397002420121876,Вход/выход 1/1 контр.; потоки 22000.00/5000.00 KZT. Правила 5 основных ролей не выполнены. Только наблюдаемые переводы ≥5000 KZT.
100000008686313100,consolidator,0.5634597284595843,0,0.5813072928485866,Вход от 6 контр.: 1912716.00 KZT; выход 333800.00 KZT. Порог входа: ≥2 контр. Только наблюдаемые переводы ≥5000 KZT.
100000008686494100,peripheral,1.0,6,0.2802034772551134,Вход/выход 1/0 контр.; потоки 15700.00/0.00 KZT. Правила 5 основных ролей не выполнены. Только наблюдаемые переводы ≥5000 KZT.
100000008687492100,peripheral,1.0,18,0.29614318531959305,Вход/выход 1/0 контр.; потоки 15000.00/0.00 KZT. Правила 5 основных ролей не выполнены. Только наблюдаемые переводы ≥5000 KZT.
100000008687617100,peripheral,1.0,6,0.3020649931936923,Вход/выход 1/0 контр.; потоки 43350.00/0.00 KZT. Правила 5 основных ролей не выполнены. Только наблюдаемые переводы ≥5000 KZT.
100000008687671100,peripheral,1.0,7,0.3490989969643008,Вход/выход 1/0 контр.; потоки 37500.00/0.00 KZT. Правила 5 основных ролей не выполнены. Только наблюдаемые переводы ≥5000 KZT.
100000008687733100,peripheral,1.0,6,0.2787252614041218,Вход/выход 1/0 контр.; потоки 14650.00/0.00 KZT. Правила 5 основных ролей не выполнены. Только наблюдаемые переводы ≥5000 KZT.
100000008687990100,peripheral,1.0,6,0.2826454146357092,Вход/выход 1/0 контр.; потоки 17600.00/0.00 KZT. Правила 5 основных ролей не выполнены. Только наблюдаемые переводы ≥5000 KZT.
100000008688109100,peripheral,1.0,6,0.2758452030311789,Вход/выход 1/0 контр.; потоки 12800.00/0.00 KZT. Правила 5 основных ролей не выполнены. Только наблюдаемые переводы ≥5000 KZT.
100000008688155100,peripheral,1.0,6,0.28893175289387635,Вход/выход 1/0 контр.; потоки 23600.00/0.00 KZT. Правила 5 основных ролей не выполнены. Только наблюдаемые переводы ≥5000 KZT.
100000008688476100,peripheral,1.0,18,0.3063548654003883,Вход/выход 1/0 контр.; потоки 24000.00/0.00 KZT. Правила 5 основных ролей не выполнены. Только наблюдаемые переводы ≥5000 KZT.
100000008688881100,peripheral,1.0,18,0.3198880844853536,Вход/выход 1/0 контр.; потоки 44211.00/0.00 KZT. Правила 5 основных ролей не выполнены. Только наблюдаемые переводы ≥5000 KZT.
100000008690762100,peripheral,1.0,6,0.2916248836107743,Вход/выход 1/0 контр.; потоки 26750.00/0.00 KZT. Правила 5 основных ролей не выполнены. Только наблюдаемые переводы ≥5000 KZT.
100000008690932100,peripheral,1.0,7,0.3384899194087845,Вход/выход 1/0 контр.; потоки 23000.00/0.00 KZT. Правила 5 основных ролей не выполнены. Только наблюдаемые переводы ≥5000 KZT.
100000008691027100,peripheral,1.0,7,0.33264972434528195,Вход/выход 1/0 контр.; потоки 17534.00/0.00 KZT. Правила 5 основных ролей не выполнены. Только наблюдаемые переводы ≥5000 KZT.
100000008691168100,peripheral,1.0,18,0.3063548654003883,Вход/выход 1/0 контр.; потоки 24000.00/0.00 KZT. Правила 5 основных ролей не выполнены. Только наблюдаемые переводы ≥5000 KZT.
100000008691330100,peripheral,1.0,7,0.3369755203746632,Вход/выход 1/0 контр.; потоки 21440.00/0.00 KZT. Правила 5 основных ролей не выполнены. Только наблюдаемые переводы ≥5000 KZT.
100000008691495100,peripheral,1.0,7,0.34195544929495547,Вход/выход 1/0 контр.; потоки 27000.00/0.00 KZT. Правила 5 основных ролей не выполнены. Только наблюдаемые переводы ≥5000 KZT.
100000008692291100,consolidator,0.49107013211912687,5,0.42889755698685667,Вход от 3 контр.: 160000.00 KZT; выход 156000.00 KZT. Порог входа: ≥2 контр. Только наблюдаемые переводы ≥5000 KZT.
100000008693069100,peripheral,1.0,7,0.3354783953384263,Вход/выход 1/0 контр.; потоки 20000.00/0.00 KZT. Правила 5 основных ролей не выполнены. Только наблюдаемые переводы ≥5000 KZT.
100000008695133100,peripheral,1.0,6,0.2983975856715962,Вход/выход 1/0 контр.; потоки 36610.00/0.00 KZT. Правила 5 основных ролей не выполнены. Только наблюдаемые переводы ≥5000 KZT.
100000008695157100,peripheral,0.5,3,0.35879635547655764,Вход/выход 1/0 контр.; потоки 425546.00/0.00 KZT. Правила 5 основных ролей не выполнены. Depth=4: продолжение неизвестно.
100000008695495100,peripheral,1.0,7,0.3365288093377691,Вход/выход 1/0 контр.; потоки 21000.00/0.00 KZT. Правила 5 основных ролей не выполнены. Только наблюдаемые переводы ≥5000 KZT.
100000008695566100,peripheral,1.0,6,0.29660562510029576,Вход/выход 1/0 контр.; потоки 33700.00/0.00 KZT. Правила 5 основных ролей не выполнены. Только наблюдаемые переводы ≥5000 KZT.
100000008695689100,peripheral,1.0,6,0.2911779232162681,Вход/выход 1/0 контр.; потоки 26200.00/0.00 KZT. Правила 5 основных ролей не выполнены. Только наблюдаемые переводы ≥5000 KZT.
100000008696692100,peripheral,1.0,18,0.3012630710681994,Вход/выход 1/0 контр.; потоки 19000.00/0.00 KZT. Правила 5 основных ролей не выполнены. Только наблюдаемые переводы ≥5000 KZT.
100000008696919100,peripheral,1.0,7,0.34560449118616365,Вход/выход 1/0 контр.; потоки 31945.00/0.00 KZT. Правила 5 основных ролей не выполнены. Только наблюдаемые переводы ≥5000 KZT.
100000008697670100,peripheral,1.0,6,0.29046869277083875,Вход/выход 1/0 контр.; потоки 25350.00/0.00 KZT. Правила 5 основных ролей не выполнены. Только наблюдаемые переводы ≥5000 KZT.
100000008699083100,peripheral,0.5,13,0.32938123735015834,Вход/выход 1/0 контр.; потоки 238500.00/0.00 KZT. Правила 5 основных ролей не выполнены. Depth=4: продолжение неизвестно.
100000008701222100,peripheral,0.5,104,0.2257012782750131,Вход/выход 0/0 контр.; потоки 0.00/0.00 KZT. Правила 5 основных ролей не выполнены. Seed: вход неполон.
100000008701256100,peripheral,1.0,0,0.32600379000896335,Вход/выход 1/0 контр.; потоки 58250.00/0.00 KZT. Правила 5 основных ролей не выполнены. Только наблюдаемые переводы ≥5000 KZT.
100000008701944100,peripheral,1.0,16,0.3666671273060795,Вход/выход 1/0 контр.; потоки 52124.00/0.00 KZT. Правила 5 основных ролей не выполнены. Только наблюдаемые переводы ≥5000 KZT.
100000008703533100,peripheral,0.5,5,0.30394285416880806,Вход/выход 1/0 контр.; потоки 75000.00/0.00 KZT. Правила 5 основных ролей не выполнены. Depth=4: продолжение неизвестно.
100000008706846100,peripheral,1.0,6,0.278059341650115,Вход/выход 1/0 контр.; потоки 14200.00/0.00 KZT. Правила 5 основных ролей не выполнены. Только наблюдаемые переводы ≥5000 KZT.
100000008706947100,peripheral,1.0,6,0.28215374576204577,Вход/выход 1/0 контр.; потоки 17200.00/0.00 KZT. Правила 5 основных ролей не выполнены. Только наблюдаемые переводы ≥5000 KZT.
100000008707810100,peripheral,1.0,6,0.2911779232162681,Вход/выход 1/0 контр.; потоки 26200.00/0.00 KZT. Правила 5 основных ролей не выполнены. Только наблюдаемые переводы ≥5000 KZT.
100000008708025100,peripheral,1.0,29,0.2725720214261157,Вход/выход 1/0 контр.; потоки 10000.00/0.00 KZT. Правила 5 основных ролей не выполнены. Только наблюдаемые переводы ≥5000 KZT.
100000008708061100,peripheral,1.0,6,0.26750179737124813,Вход/выход 1/0 контр.; потоки 8650.00/0.00 KZT. Правила 5 основных ролей не выполнены. Только наблюдаемые переводы ≥5000 KZT.
100000008708207100,consolidator,0.49635143554987665,5,0.43274736998418684,Вход от 2 контр.: 465000.00 KZT; выход 0.00 KZT. Порог входа: ≥2 контр. Только наблюдаемые переводы ≥5000 KZT.
100000008708368100,peripheral,1.0,7,0.33911603659733014,Вход/выход 1/0 контр.; потоки 23677.00/0.00 KZT. Правила 5 основных ролей не выполнены. Только наблюдаемые переводы ≥5000 KZT.
100000008708595100,peripheral,1.0,6,0.28215374576204577,Вход/выход 1/0 контр.; потоки 17200.00/0.00 KZT. Правила 5 основных ролей не выполнены. Только наблюдаемые переводы ≥5000 KZT.
100000008708743100,peripheral,1.0,6,0.2799984038920895,Вход/выход 1/0 контр.; потоки 15550.00/0.00 KZT. Правила 5 основных ролей не выполнены. Только наблюдаемые переводы ≥5000 KZT.
100000008710791100,distributor,0.6101829104643532,5,0.5340405056728289,Выход 23 контр.: 5521511.00 KZT; вход 181510.00 KZT. Порог выхода: ≥3 контр. Только наблюдаемые переводы ≥5000 KZT.
100000008710843100,distributor,0.622388878910213,20,0.6643287154788454,Выход 13 контр.: 1985500.00 KZT; вход 33944.00 KZT. Порог выхода: ≥3 контр. Только наблюдаемые переводы ≥5000 KZT.
100000008710913100,peripheral,0.5,5,0.2677888874954145,Вход/выход 1/0 контр.; потоки 14000.00/0.00 KZT. Правила 5 основных ролей не выполнены. Depth=4: продолжение неизвестно.
100000008712036100,peripheral,1.0,6,0.2864274032686679,Вход/выход 1/0 контр.; потоки 21000.00/0.00 KZT. Правила 5 основных ролей не выполнены. Только наблюдаемые переводы ≥5000 KZT.
100000008712184100,peripheral,1.0,6,0.283126160452074,Вход/выход 1/0 контр.; потоки 18000.00/0.00 KZT. Правила 5 основных ролей не выполнены. Только наблюдаемые переводы ≥5000 KZT.
100000008712827100,peripheral,1.0,6,0.3143932380169212,Вход/выход 1/0 контр.; потоки 76000.00/0.00 KZT. Правила 5 основных ролей не выполнены. Только наблюдаемые переводы ≥5000 KZT.
100000008712991100,peripheral,1.0,6,0.31130355890301004,Вход/выход 1/0 контр.; потоки 66100.00/0.00 KZT. Правила 5 основных ролей не выполнены. Только наблюдаемые переводы ≥5000 KZT.
100000008713270100,distributor,0.6151553562442782,8,0.4466602014534078,Выход 3 контр.: 190000.00 KZT; вход 30000.00 KZT. Порог выхода: ≥3 контр. Только наблюдаемые переводы ≥5000 KZT.
100000008713685100,peripheral,1.0,6,0.3050442847434046,Вход/выход 1/0 контр.; потоки 49700.00/0.00 KZT. Правила 5 основных ролей не выполнены. Только наблюдаемые переводы ≥5000 KZT.
100000008714412100,terminal,0.6595659653077105,9,0.4315053503525024,Вход 169000.00 KZT от 1 контр.; наблюдаемых исходящих связей 0. Порог входа ≥166819.70 KZT; depth=3<4. Только наблюдаемые переводы ≥5000 KZT.
100000008715513100,peripheral,0.5,22,0.28692977806699876,Вход/выход 1/0 контр.; потоки 32500.00/0.00 KZT. Правила 5 основных ролей не выполнены. Depth=4: продолжение неизвестно.
100000008715887100,peripheral,1.0,6,0.283126160452074,Вход/выход 1/0 контр.; потоки 18000.00/0.00 KZT. Правила 5 основных ролей не выполнены. Только наблюдаемые переводы ≥5000 KZT.
100000008716072100,peripheral,1.0,6,0.27464635503904306,Вход/выход 1/0 контр.; потоки 12100.00/0.00 KZT. Правила 5 основных ролей не выполнены. Только наблюдаемые переводы ≥5000 KZT.
100000008716222100,peripheral,1.0,7,0.3332130799872207,Вход/выход 1/0 контр.; потоки 18000.00/0.00 KZT. Правила 5 основных ролей не выполнены. Только наблюдаемые переводы ≥5000 KZT.
100000008716439100,peripheral,1.0,7,0.32499773425588374,Вход/выход 1/0 контр.; потоки 12267.00/0.00 KZT. Правила 5 основных ролей не выполнены. Только наблюдаемые переводы ≥5000 KZT.
100000008716773100,peripheral,1.0,7,0.330247860984031,Вход/выход 1/0 контр.; потоки 15677.00/0.00 KZT. Правила 5 основных ролей не выполнены. Только наблюдаемые переводы ≥5000 KZT.
100000008717340100,peripheral,1.0,7,0.35131732182654385,Вход/выход 1/0 контр.; потоки 41500.00/0.00 KZT. Правила 5 основных ролей не выполнены. Только наблюдаемые переводы ≥5000 KZT.
100000008717341100,peripheral,1.0,7,0.328762351688104,Вход/выход 1/0 контр.; потоки 14627.00/0.00 KZT. Правила 5 основных ролей не выполнены. Только наблюдаемые переводы ≥5000 KZT.
100000008717375100,peripheral,1.0,1,0.31144618892139486,Вход/выход 1/0 контр.; потоки 29506.00/0.00 KZT. Правила 5 основных ролей не выполнены. Только наблюдаемые переводы ≥5000 KZT.
100000008717802100,peripheral,1.0,6,0.2911368342386097,Вход/выход 1/0 контр.; потоки 26150.00/0.00 KZT. Правила 5 основных ролей не выполнены. Только наблюдаемые переводы ≥5000 KZT.
100000008718089100,peripheral,1.0,7,0.33005142554498745,Вход/выход 1/0 контр.; потоки 15534.00/0.00 KZT. Правила 5 основных ролей не выполнены. Только наблюдаемые переводы ≥5000 KZT.
100000008718811100,peripheral,1.0,6,0.3135905664637728,Вход/выход 1/0 контр.; потоки 73300.00/0.00 KZT. Правила 5 основных ролей не выполнены. Только наблюдаемые переводы ≥5000 KZT.
100000008720668100,peripheral,1.0,6,0.28060787064047066,Вход/выход 1/0 контр.; потоки 16000.00/0.00 KZT. Правила 5 основных ролей не выполнены. Только наблюдаемые переводы ≥5000 KZT.
100000008720798100,peripheral,1.0,7,0.33005142554498745,Вход/выход 1/0 контр.; потоки 15534.00/0.00 KZT. Правила 5 основных ролей не выполнены. Только наблюдаемые переводы ≥5000 KZT.
100000008720856100,peripheral,1.0,4,0.31510795968001426,Вход/выход 1/1 контр.; потоки 18105.00/46000.00 KZT. Правила 5 основных ролей не выполнены. Только наблюдаемые переводы ≥5000 KZT.
100000008721637100,peripheral,1.0,8,0.3435747830736747,Вход/выход 1/2 контр.; потоки 24041.00/127000.00 KZT. Правила 5 основных ролей не выполнены. Только наблюдаемые переводы ≥5000 KZT.
100000008722328100,peripheral,1.0,7,0.33911603659733014,Вход/выход 1/0 контр.; потоки 23677.00/0.00 KZT. Правила 5 основных ролей не выполнены. Только наблюдаемые переводы ≥5000 KZT.
100000008722417100,distributor,0.6635301900615708,4,0.4764190791870694,Выход 3 контр.: 720000.00 KZT; вход 331900.00 KZT. Порог выхода: ≥3 контр. Только наблюдаемые переводы ≥5000 KZT.
100000008722541100,peripheral,0.5,4,0.339713755181694,Вход/выход 1/0 контр.; потоки 280000.00/0.00 KZT. Правила 5 основных ролей не выполнены. Depth=4: продолжение неизвестно.
100000008723830100,transit,0.4896094016773494,2,0.49663292298672096,Вход/выход: 459785.00/455000.00 KZT; отношение ≈0.99. Баланс 0.989593 ≥ 0.591789. Только наблюдаемые переводы ≥5000 KZT.
100000008724279100,peripheral,1.0,2,0.32396972086780806,Вход/выход 1/0 контр.; потоки 11750.00/0.00 KZT. Правила 5 основных ролей не выполнены. Только наблюдаемые переводы ≥5000 KZT.
100000008724461100,transit,0.6699945983585964,5,0.4400605010192909,Вход/выход: 100111.00/130000.00 KZT; отношение ≈1.30. Баланс 0.770085 ≥ 0.591789. Только наблюдаемые переводы ≥5000 KZT.
100000008727982100,peripheral,0.5,8,0.30435961995593785,Вход/выход 1/0 контр.; потоки 30000.00/0.00 KZT. Правила 5 основных ролей не выполнены. Depth=4: продолжение неизвестно.
100000008728457100,peripheral,1.0,10,0.3528612165679753,Вход/выход 1/0 контр.; потоки 45000.00/0.00 KZT. Правила 5 основных ролей не выполнены. Только наблюдаемые переводы ≥5000 KZT.
100000008729597100,peripheral,1.0,3,0.31673117210383267,Вход/выход 1/0 контр.; потоки 83090.00/0.00 KZT. Правила 5 основных ролей не выполнены. Только наблюдаемые переводы ≥5000 KZT.
100000008729801100,peripheral,1.0,7,0.33264972434528195,Вход/выход 1/0 контр.; потоки 17534.00/0.00 KZT. Правила 5 основных ролей не выполнены. Только наблюдаемые переводы ≥5000 KZT.
100000008730021100,peripheral,1.0,16,0.37960123589827155,Вход/выход 1/0 контр.; потоки 75555.00/0.00 KZT. Правила 5 основных ролей не выполнены. Только наблюдаемые переводы ≥5000 KZT.
100000008730238100,peripheral,0.5,5,0.3366641873368684,Вход/выход 1/0 контр.; потоки 113000.00/0.00 KZT. Правила 5 основных ролей не выполнены. Depth=4: продолжение неизвестно.
100000008730371100,consolidator,0.4930930742214071,0,0.47936816616109196,Вход от 2 контр.: 520000.00 KZT; выход 0.00 KZT. Порог входа: ≥2 контр. Только наблюдаемые переводы ≥5000 KZT.
100000008730846100,consolidator,0.6642762831922361,10,0.5411850450166455,Вход от 7 контр.: 155042.00 KZT; выход 363370.00 KZT. Порог входа: ≥2 контр. Только наблюдаемые переводы ≥5000 KZT.
100000008731444100,consolidator,0.4888162187035083,0,0.4918491217075393,Вход от 3 контр.: 439000.00 KZT; выход 879767.80 KZT. Порог входа: ≥2 контр. Только наблюдаемые переводы ≥5000 KZT.
100000008732098100,peripheral,1.0,7,0.330247860984031,Вход/выход 1/0 контр.; потоки 15677.00/0.00 KZT. Правила 5 основных ролей не выполнены. Только наблюдаемые переводы ≥5000 KZT.
100000008732488100,peripheral,1.0,3,0.332124564994667,Вход/выход 1/1 контр.; потоки 137000.00/10000.00 KZT. Правила 5 основных ролей не выполнены. Только наблюдаемые переводы ≥5000 KZT.
100000008733049100,peripheral,1.0,16,0.28739891495441083,Вход/выход 1/0 контр.; потоки 10000.00/0.00 KZT. Правила 5 основных ролей не выполнены. Только наблюдаемые переводы ≥5000 KZT.
100000008733194100,consolidator,0.5113604344591288,14,0.49818102681624465,Вход от 4 контр.: 251424.00 KZT; выход 159695.00 KZT. Порог входа: ≥2 контр. Только наблюдаемые переводы ≥5000 KZT.
100000008734279100,peripheral,0.5,3,0.2862229191161946,Вход/выход 1/0 контр.; потоки 31650.00/0.00 KZT. Правила 5 основных ролей не выполнены. Depth=4: продолжение неизвестно.
100000008734364100,peripheral,1.0,18,0.3082763268979564,Вход/выход 1/0 контр.; потоки 26200.00/0.00 KZT. Правила 5 основных ролей не выполнены. Только наблюдаемые переводы ≥5000 KZT.
100000008735384100,peripheral,1.0,7,0.350079607960112,Вход/выход 1/0 контр.; потоки 39220.00/0.00 KZT. Правила 5 основных ролей не выполнены. Только наблюдаемые переводы ≥5000 KZT.
100000008735802100,peripheral,0.5,0,0.3257477438536004,Вход/выход 1/0 контр.; потоки 85000.00/0.00 KZT. Правила 5 основных ролей не выполнены. Depth=4: продолжение неизвестно.
100000008735832100,peripheral,1.0,6,0.2826454146357092,Вход/выход 1/0 контр.; потоки 17600.00/0.00 KZT. Правила 5 основных ролей не выполнены. Только наблюдаемые переводы ≥5000 KZT.
100000008736173100,peripheral,1.0,7,0.3449937942089985,Вход/выход 1/0 контр.; потоки 31060.00/0.00 KZT. Правила 5 основных ролей не выполнены. Только наблюдаемые переводы ≥5000 KZT.
100000008736394100,peripheral,1.0,18,0.29753819416090244,Вход/выход 1/0 контр.; потоки 16000.00/0.00 KZT. Правила 5 основных ролей не выполнены. Только наблюдаемые переводы ≥5000 KZT.
100000008736760100,peripheral,1.0,7,0.35742840028534717,Вход/выход 1/0 контр.; потоки 54757.00/0.00 KZT. Правила 5 основных ролей не выполнены. Только наблюдаемые переводы ≥5000 KZT.
100000008736940100,consolidator,0.6302411476601157,69,0.569943838603347,Вход от 3 контр.: 451090.00 KZT; выход 182100.00 KZT. Порог входа: ≥2 контр. Только наблюдаемые переводы ≥5000 KZT.
100000008737422100,peripheral,1.0,7,0.36502698543055423,Вход/выход 1/0 контр.; потоки 76903.00/0.00 KZT. Правила 5 основных ролей не выполнены. Только наблюдаемые переводы ≥5000 KZT.
100000008737514100,peripheral,1.0,16,0.33478860029987884,Вход/выход 1/0 контр.; потоки 85000.00/0.00 KZT. Правила 5 основных ролей не выполнены. Только наблюдаемые переводы ≥5000 KZT.
100000008737958100,consolidator,0.8002546482329096,18,0.48533838300527066,Вход от 2 контр.: 53373.00 KZT; выход 0.00 KZT. Порог входа: ≥2 контр. Только наблюдаемые переводы ≥5000 KZT.
100000008738325100,peripheral,1.0,23,0.48887200086883864,Вход/выход 1/1 контр.; потоки 36550.00/54000.00 KZT. Правила 5 основных ролей не выполнены. Seed: вход неполон.
100000008738526100,peripheral,1.0,20,0.3309123438010356,Вход/выход 1/1 контр.; потоки 15000.00/140000.00 KZT. Правила 5 основных ролей не выполнены. Только наблюдаемые переводы ≥5000 KZT.
100000008738658100,peripheral,1.0,6,0.2940372054764249,Вход/выход 1/0 контр.; потоки 29920.00/0.00 KZT. Правила 5 основных ролей не выполнены. Только наблюдаемые переводы ≥5000 KZT.
100000008739887100,consolidator,0.4921313145113317,3,0.440917364569133,Вход от 2 контр.: 214000.00 KZT; выход 307000.00 KZT. Порог входа: ≥2 контр. Только наблюдаемые переводы ≥5000 KZT.
100000008740295100,peripheral,0.5,5,0.33590539774240447,Вход/выход 1/0 контр.; потоки 300000.00/0.00 KZT. Правила 5 основных ролей не выполнены. Depth=4: продолжение неизвестно.
100000008740793100,peripheral,1.0,6,0.2864274032686679,Вход/выход 1/0 контр.; потоки 21000.00/0.00 KZT. Правила 5 основных ролей не выполнены. Только наблюдаемые переводы ≥5000 KZT.
100000008741372100,peripheral,1.0,7,0.34819245280811745,Вход/выход 1/0 контр.; потоки 35975.00/0.00 KZT. Правила 5 основных ролей не выполнены. Только наблюдаемые переводы ≥5000 KZT.
100000008742053100,distributor,0.8186628589881749,13,0.5223367964308413,Выход 12 контр.: 2789000.00 KZT; вход 10000.00 KZT. Порог выхода: ≥3 контр. Только наблюдаемые переводы ≥5000 KZT.
100000008742266100,peripheral,1.0,18,0.30344011913037694,Вход/выход 1/0 контр.; потоки 21000.00/0.00 KZT. Правила 5 основных ролей не выполнены. Только наблюдаемые переводы ≥5000 KZT.
100000008743913100,distributor,0.5573560191396338,20,0.5251122669783622,Выход 13 контр.: 1850600.00 KZT; вход 149300.00 KZT. Порог выхода: ≥3 контр. Только наблюдаемые переводы ≥5000 KZT.
100000008744364100,peripheral,1.0,6,0.28902255469171506,Вход/выход 1/0 контр.; потоки 23700.00/0.00 KZT. Правила 5 основных ролей не выполнены. Только наблюдаемые переводы ≥5000 KZT.
100000008744799100,peripheral,1.0,6,0.2755094428564893,Вход/выход 1/0 контр.; потоки 12600.00/0.00 KZT. Правила 5 основных ролей не выполнены. Только наблюдаемые переводы ≥5000 KZT.
100000008744849100,peripheral,1.0,7,0.3528224005935988,Вход/выход 1/0 контр.; потоки 44445.00/0.00 KZT. Правила 5 основных ролей не выполнены. Только наблюдаемые переводы ≥5000 KZT.
100000008745474100,peripheral,1.0,7,0.35081464707329296,Вход/выход 1/0 контр.; потоки 40559.00/0.00 KZT. Правила 5 основных ролей не выполнены. Только наблюдаемые переводы ≥5000 KZT.
100000008745489100,peripheral,1.0,7,0.35774295957629787,Вход/выход 1/0 контр.; потоки 55539.00/0.00 KZT. Правила 5 основных ролей не выполнены. Только наблюдаемые переводы ≥5000 KZT.
100000008745643100,peripheral,1.0,7,0.3358126185444925,Вход/выход 1/0 контр.; потоки 20313.00/0.00 KZT. Правила 5 основных ролей не выполнены. Только наблюдаемые переводы ≥5000 KZT.
100000008745676100,peripheral,0.5,70,0.3086541798965304,Вход/выход 1/0 контр.; потоки 34547.00/0.00 KZT. Правила 5 основных ролей не выполнены. Depth=4: продолжение неизвестно.
100000008745725100,peripheral,1.0,7,0.35408047710632956,Вход/выход 1/0 контр.; потоки 47060.00/0.00 KZT. Правила 5 основных ролей не выполнены. Только наблюдаемые переводы ≥5000 KZT.
100000008745863100,peripheral,1.0,6,0.28828532717190214,Вход/выход 1/0 контр.; потоки 22900.00/0.00 KZT. Правила 5 основных ролей не выполнены. Только наблюдаемые переводы ≥5000 KZT.
100000008745884100,peripheral,1.0,6,0.28538181811222313,Вход/выход 1/0 контр.; потоки 20000.00/0.00 KZT. Правила 5 основных ролей не выполнены. Только наблюдаемые переводы ≥5000 KZT.
100000008746025100,peripheral,1.0,7,0.3375312279356305,Вход/выход 1/0 контр.; потоки 22000.00/0.00 KZT. Правила 5 основных ролей не выполнены. Только наблюдаемые переводы ≥5000 KZT.
100000008746449100,distributor,0.863646072268174,5,0.5173641519847327,Выход 10 контр.: 1009000.00 KZT; вход 10000.00 KZT. Порог выхода: ≥3 контр. Только наблюдаемые переводы ≥5000 KZT.
100000008746673100,peripheral,1.0,7,0.3567257705778534,Вход/выход 1/0 контр.; потоки 53048.00/0.00 KZT. Правила 5 основных ролей не выполнены. Только наблюдаемые переводы ≥5000 KZT.
100000008747113100,consolidator,0.5001081558573408,4,0.46872136189505353,Вход от 2 контр.: 197801.00 KZT; выход 0.00 KZT. Порог входа: ≥2 контр. Только наблюдаемые переводы ≥5000 KZT.
100000008748408100,distributor,0.9771512758934862,8,0.5773757440598475,Выход 21 контр.: 1499960.00 KZT; вход 360000.00 KZT. Порог выхода: ≥3 контр. Только наблюдаемые переводы ≥5000 KZT.
100000008748795100,peripheral,1.0,0,0.3034303328614244,Вход/выход 1/0 контр.; потоки 47057.00/0.00 KZT. Правила 5 основных ролей не выполнены. Только наблюдаемые переводы ≥5000 KZT.
100000008748914100,distributor,0.5661961649031093,1,0.7811374022805511,Выход 13 контр.: 4471847.00 KZT; вход 180000.00 KZT. Порог выхода: ≥3 контр. Только наблюдаемые переводы ≥5000 KZT.
100000008749063100,peripheral,1.0,7,0.33437506050023735,Вход/выход 1/0 контр.; потоки 19000.00/0.00 KZT. Правила 5 основных ролей не выполнены. Только наблюдаемые переводы ≥5000 KZT.
100000008749405100,peripheral,1.0,6,0.2987147440043374,Вход/выход 1/0 контр.; потоки 37150.00/0.00 KZT. Правила 5 основных ролей не выполнены. Только наблюдаемые переводы ≥5000 KZT.
100000008749406100,peripheral,1.0,7,0.3321667976774052,Вход/выход 1/0 контр.; потоки 17144.00/0.00 KZT. Правила 5 основных ролей не выполнены. Только наблюдаемые переводы ≥5000 KZT.
100000008749618100,peripheral,1.0,7,0.3541832364419153,Вход/выход 1/0 контр.; потоки 47280.00/0.00 KZT. Правила 5 основных ролей не выполнены. Только наблюдаемые переводы ≥5000 KZT.
100000008749900100,peripheral,1.0,6,0.2820914939132554,Вход/выход 1/0 контр.; потоки 17150.00/0.00 KZT. Правила 5 основных ролей не выполнены. Только наблюдаемые переводы ≥5000 KZT.
100000008749989100,peripheral,1.0,18,0.29753819416090244,Вход/выход 1/0 контр.; потоки 16000.00/0.00 KZT. Правила 5 основных ролей не выполнены. Только наблюдаемые переводы ≥5000 KZT.
100000008750464100,peripheral,1.0,6,0.2671298629473322,Вход/выход 1/0 контр.; потоки 8500.00/0.00 KZT. Правила 5 основных ролей не выполнены. Только наблюдаемые переводы ≥5000 KZT.
100000008751349100,peripheral,1.0,28,0.27390065735682556,Вход/выход 1/0 контр.; потоки 11630.00/0.00 KZT. Правила 5 основных ролей не выполнены. Только наблюдаемые переводы ≥5000 KZT.
100000008751380100,consolidator,0.4977115038234162,5,0.43065756940910505,Вход от 2 контр.: 345780.00 KZT; выход 0.00 KZT. Порог входа: ≥2 контр. Только наблюдаемые переводы ≥5000 KZT.
100000008751429100,consolidator,0.9314738961947945,69,0.6083171005807114,Вход от 3 контр.: 386200.00 KZT; выход 72600.00 KZT. Порог входа: ≥2 контр. Только наблюдаемые переводы ≥5000 KZT.
100000008752616100,distributor,0.5285282507522922,5,0.49535724820730354,Выход 7 контр.: 1265000.00 KZT; вход 64510.00 KZT. Порог выхода: ≥3 контр. Только наблюдаемые переводы ≥5000 KZT.
100000008753061100,peripheral,1.0,6,0.292913532108963,Вход/выход 1/0 контр.; потоки 28400.00/0.00 KZT. Правила 5 основных ролей не выполнены. Только наблюдаемые переводы ≥5000 KZT.
100000008753193100,peripheral,1.0,7,0.3477328653001916,Вход/выход 1/0 контр.; потоки 35225.00/0.00 KZT. Правила 5 основных ролей не выполнены. Только наблюдаемые переводы ≥5000 KZT.
100000008753897100,peripheral,1.0,6,0.28933741739814506,Вход/выход 1/0 контр.; потоки 24050.00/0.00 KZT. Правила 5 основных ролей не выполнены. Только наблюдаемые переводы ≥5000 KZT.
100000008754608100,peripheral,1.0,6,0.27499576046169405,Вход/выход 1/0 контр.; потоки 12300.00/0.00 KZT. Правила 5 основных ролей не выполнены. Только наблюдаемые переводы ≥5000 KZT.
100000008754747100,peripheral,1.0,6,0.30311859465681473,Вход/выход 1/0 контр.; потоки 45500.00/0.00 KZT. Правила 5 основных ролей не выполнены. Только наблюдаемые переводы ≥5000 KZT.
100000008754997100,peripheral,1.0,6,0.283126160452074,Вход/выход 1/0 контр.; потоки 18000.00/0.00 KZT. Правила 5 основных ролей не выполнены. Только наблюдаемые переводы ≥5000 KZT.
100000008755168100,peripheral,1.0,6,0.2826454146357092,Вход/выход 1/0 контр.; потоки 17600.00/0.00 KZT. Правила 5 основных ролей не выполнены. Только наблюдаемые переводы ≥5000 KZT.
100000008755361100,peripheral,1.0,7,0.328762351688104,Вход/выход 1/0 контр.; потоки 14627.00/0.00 KZT. Правила 5 основных ролей не выполнены. Только наблюдаемые переводы ≥5000 KZT.
100000008755580100,peripheral,1.0,6,0.28060787064047066,Вход/выход 1/0 контр.; потоки 16000.00/0.00 KZT. Правила 5 основных ролей не выполнены. Только наблюдаемые переводы ≥5000 KZT.
100000008755754100,peripheral,1.0,13,0.26383427317510033,Вход/выход 1/0 контр.; потоки 7000.00/0.00 KZT. Правила 5 основных ролей не выполнены. Только наблюдаемые переводы ≥5000 KZT.
100000008757301100,peripheral,0.5,0,0.3197736058266759,Вход/выход 1/0 контр.; потоки 58398.00/0.00 KZT. Правила 5 основных ролей не выполнены. Depth=4: продолжение неизвестно.
100000008757369100,peripheral,1.0,0,0.31808712721194865,Вход/выход 1/1 контр.; потоки 25961.00/58398.00 KZT. Правила 5 основных ролей не выполнены. Только наблюдаемые переводы ≥5000 KZT.
100000008758106100,peripheral,0.5,5,0.2605648403781798,Вход/выход 1/0 контр.; потоки 10000.00/0.00 KZT. Правила 5 основных ролей не выполнены. Depth=4: продолжение неизвестно.
100000008758168100,distributor,0.4803729759787403,20,0.48020521191324395,Выход 5 контр.: 1533600.00 KZT; вход 75410.00 KZT. Порог выхода: ≥3 контр. Только наблюдаемые переводы ≥5000 KZT.
100000008758607100,peripheral,0.5,5,0.24585196441029566,Вход/выход 1/0 контр.; потоки 5000.00/0.00 KZT. Правила 5 основных ролей не выполнены. Depth=4: продолжение неизвестно.
100000008759795100,peripheral,0.5,22,0.27248301043195494,Вход/выход 1/0 контр.; потоки 17000.00/0.00 KZT. Правила 5 основных ролей не выполнены. Depth=4: продолжение неизвестно.
100000008759857100,peripheral,1.0,20,0.3680721885686035,Вход/выход 1/2 контр.; потоки 5000.00/994000.00 KZT. Правила 5 основных ролей не выполнены. Только наблюдаемые переводы ≥5000 KZT.
100000008760098100,peripheral,1.0,20,0.34858761408271555,Вход/выход 1/1 контр.; потоки 7000.00/390000.00 KZT. Правила 5 основных ролей не выполнены. Только наблюдаемые переводы ≥5000 KZT.
100000008761132100,peripheral,0.5,5,0.2605648403781798,Вход/выход 1/0 контр.; потоки 10000.00/0.00 KZT. Правила 5 основных ролей не выполнены. Depth=4: продолжение неизвестно.
100000008761219100,consolidator,0.6990311215597147,48,0.47254207594767816,Вход от 2 контр.: 50000.00 KZT; выход 375000.00 KZT. Порог входа: ≥2 контр. Только наблюдаемые переводы ≥5000 KZT.
100000008761220100,peripheral,0.5,5,0.2605648403781798,Вход/выход 1/0 контр.; потоки 10000.00/0.00 KZT. Правила 5 основных ролей не выполнены. Depth=4: продолжение неизвестно.
100000008762005100,peripheral,0.5,5,0.24590164791199765,Вход/выход 1/0 контр.; потоки 5000.00/0.00 KZT. Правила 5 основных ролей не выполнены. Depth=4: продолжение неизвестно.
100000008762728100,peripheral,1.0,2,0.3012522263454066,Вход/выход 1/0 контр.; потоки 17026.00/0.00 KZT. Правила 5 основных ролей не выполнены. Только наблюдаемые переводы ≥5000 KZT.
100000008762832100,peripheral,1.0,1,0.3558901898391474,Вход/выход 1/1 контр.; потоки 150000.00/85000.00 KZT. Правила 5 основных ролей не выполнены. Только наблюдаемые переводы ≥5000 KZT.
100000008762843100,peripheral,0.5,5,0.25305831544767793,Вход/выход 1/0 контр.; потоки 7000.00/0.00 KZT. Правила 5 основных ролей не выполнены. Depth=4: продолжение неизвестно.
100000008762885100,peripheral,0.5,5,0.25305831544767793,Вход/выход 1/0 контр.; потоки 7000.00/0.00 KZT. Правила 5 основных ролей не выполнены. Depth=4: продолжение неизвестно.
100000008763688100,peripheral,1.0,6,0.2864274032686679,Вход/выход 1/0 контр.; потоки 21000.00/0.00 KZT. Правила 5 основных ролей не выполнены. Только наблюдаемые переводы ≥5000 KZT.
100000008764436100,peripheral,1.0,18,0.29322175008490836,Вход/выход 1/0 контр.; потоки 13100.00/0.00 KZT. Правила 5 основных ролей не выполнены. Только наблюдаемые переводы ≥5000 KZT.
100000008764654100,peripheral,1.0,6,0.2911368342386097,Вход/выход 1/0 контр.; потоки 26150.00/0.00 KZT. Правила 5 основных ролей не выполнены. Только наблюдаемые переводы ≥5000 KZT.
100000008765494100,peripheral,1.0,18,0.3063548654003883,Вход/выход 1/0 контр.; потоки 24000.00/0.00 KZT. Правила 5 основных ролей не выполнены. Только наблюдаемые переводы ≥5000 KZT.
100000008765627100,peripheral,1.0,8,0.32601838211359946,Вход/выход 1/0 контр.; потоки 60000.00/0.00 KZT. Правила 5 основных ролей не выполнены. Только наблюдаемые переводы ≥5000 KZT.
100000008766031100,peripheral,0.5,5,0.24587446761808157,Вход/выход 1/0 контр.; потоки 5000.00/0.00 KZT. Правила 5 основных ролей не выполнены. Depth=4: продолжение неизвестно.
100000008766764100,peripheral,0.5,5,0.24585196441029566,Вход/выход 1/0 контр.; потоки 5000.00/0.00 KZT. Правила 5 основных ролей не выполнены. Depth=4: продолжение неизвестно.
100000008767027100,peripheral,1.0,20,0.2558614858919619,Вход/выход 1/0 контр.; потоки 5000.00/0.00 KZT. Правила 5 основных ролей не выполнены. Только наблюдаемые переводы ≥5000 KZT.
100000008767065100,peripheral,1.0,20,0.27058388332807437,Вход/выход 1/0 контр.; потоки 10000.00/0.00 KZT. Правила 5 основных ролей не выполнены. Только наблюдаемые переводы ≥5000 KZT.
100000008767925100,peripheral,1.0,7,0.3321667976774052,Вход/выход 1/0 контр.; потоки 17144.00/0.00 KZT. Правила 5 основных ролей не выполнены. Только наблюдаемые переводы ≥5000 KZT.
100000008767950100,peripheral,1.0,6,0.2823394334911692,Вход/выход 1/0 контр.; потоки 17350.00/0.00 KZT. Правила 5 основных ролей не выполнены. Только наблюдаемые переводы ≥5000 KZT.
100000008768896100,peripheral,1.0,7,0.35408047710632956,Вход/выход 1/0 контр.; потоки 47060.00/0.00 KZT. Правила 5 основных ролей не выполнены. Только наблюдаемые переводы ≥5000 KZT.
100000008769097100,peripheral,1.0,6,0.2948715822247308,Вход/выход 1/0 контр.; потоки 31100.00/0.00 KZT. Правила 5 основных ролей не выполнены. Только наблюдаемые переводы ≥5000 KZT.
100000008769636100,peripheral,1.0,7,0.3386003390431646,Вход/выход 1/0 контр.; потоки 23118.00/0.00 KZT. Правила 5 основных ролей не выполнены. Только наблюдаемые переводы ≥5000 KZT.
100000008770483100,peripheral,0.5,48,0.24609150935332785,Вход/выход 1/0 контр.; потоки 5000.00/0.00 KZT. Правила 5 основных ролей не выполнены. Depth=4: продолжение неизвестно.
100000008771627100,peripheral,1.0,18,0.29820403731809975,Вход/выход 1/0 контр.; потоки 16500.00/0.00 KZT. Правила 5 основных ролей не выполнены. Только наблюдаемые переводы ≥5000 KZT.
100000008771814100,peripheral,1.0,18,0.30607976233346057,Вход/выход 1/0 контр.; потоки 23700.00/0.00 KZT. Правила 5 основных ролей не выполнены. Только наблюдаемые переводы ≥5000 KZT.
100000008771819100,peripheral,1.0,7,0.3499003581274637,Вход/выход 1/0 контр.; потоки 38900.00/0.00 KZT. Правила 5 основных ролей не выполнены. Только наблюдаемые переводы ≥5000 KZT.
100000008772058100,peripheral,1.0,18,0.32266632079552415,Вход/выход 1/0 контр.; потоки 50000.00/0.00 KZT. Правила 5 основных ролей не выполнены. Только наблюдаемые переводы ≥5000 KZT.
100000008772246100,peripheral,1.0,6,0.3026347023354706,Вход/выход 1/0 контр.; потоки 44500.00/0.00 KZT. Правила 5 основных ролей не выполнены. Только наблюдаемые переводы ≥5000 KZT.
100000008773876100,peripheral,1.0,7,0.34123827348665126,Вход/выход 1/0 контр.; потоки 26120.00/0.00 KZT. Правила 5 основных ролей не выполнены. Только наблюдаемые переводы ≥5000 KZT.
100000008774237100,peripheral,1.0,60,0.33540432826250227,Вход/выход 1/1 контр.; потоки 50000.00/10000.00 KZT. Правила 5 основных ролей не выполнены. Только наблюдаемые переводы ≥5000 KZT.
100000008775471100,terminal,0.754536635663691,20,0.47602249205181485,Вход 580000.00 KZT от 1 контр.; наблюдаемых исходящих связей 0. Порог входа ≥166819.70 KZT; depth=3<4. Только наблюдаемые переводы ≥5000 KZT.
100000008775747100,peripheral,0.5,5,0.24585196441029566,Вход/выход 1/0 контр.; потоки 5000.00/0.00 KZT. Правила 5 основных ролей не выполнены. Depth=4: продолжение неизвестно.
100000008776298100,peripheral,1.0,7,0.351993985369064,Вход/выход 1/0 контр.; потоки 42800.00/0.00 KZT. Правила 5 основных ролей не выполнены. Только наблюдаемые переводы ≥5000 KZT.
100000008776310100,peripheral,1.0,6,0.2845075089306265,Вход/выход 1/0 контр.; потоки 19200.00/0.00 KZT. Правила 5 основных ролей не выполнены. Только наблюдаемые переводы ≥5000 KZT.
100000008776420100,peripheral,1.0,6,0.3124117414652276,Вход/выход 1/0 контр.; потоки 69500.00/0.00 KZT. Правила 5 основных ролей не выполнены. Только наблюдаемые переводы ≥5000 KZT.
100000008776576100,peripheral,1.0,7,0.3289634889314478,Вход/выход 1/0 контр.; потоки 14765.00/0.00 KZT. Правила 5 основных ролей не выполнены. Только наблюдаемые переводы ≥5000 KZT.
100000008776720100,peripheral,1.0,6,0.2911368342386097,Вход/выход 1/0 контр.; потоки 26150.00/0.00 KZT. Правила 5 основных ролей не выполнены. Только наблюдаемые переводы ≥5000 KZT.
100000008777088100,peripheral,1.0,7,0.3332130799872207,Вход/выход 1/0 контр.; потоки 18000.00/0.00 KZT. Правила 5 основных ролей не выполнены. Только наблюдаемые переводы ≥5000 KZT.
100000008778010100,peripheral,0.5,78,0.3255256363257454,Вход/выход 1/0 контр.; потоки 76950.00/0.00 KZT. Правила 5 основных ролей не выполнены. Depth=4: продолжение неизвестно.
100000008778753100,peripheral,0.5,27,0.26121836045130864,Вход/выход 1/0 контр.; потоки 10000.00/0.00 KZT. Правила 5 основных ролей не выполнены. Depth=4: продолжение неизвестно.
100000008779584100,peripheral,1.0,7,0.3452303905960168,Вход/выход 1/0 контр.; потоки 31400.00/0.00 KZT. Правила 5 основных ролей не выполнены. Только наблюдаемые переводы ≥5000 KZT.
100000008782056100,peripheral,1.0,7,0.34356525970066865,Вход/выход 1/0 контр.; потоки 29082.00/0.00 KZT. Правила 5 основных ролей не выполнены. Только наблюдаемые переводы ≥5000 KZT.
100000008782421100,peripheral,1.0,7,0.35527539075153686,Вход/выход 1/0 контр.; потоки 49680.00/0.00 KZT. Правила 5 основных ролей не выполнены. Только наблюдаемые переводы ≥5000 KZT.
100000008782800100,peripheral,1.0,7,0.35229002218054495,Вход/выход 1/0 контр.; потоки 43381.00/0.00 KZT. Правила 5 основных ролей не выполнены. Только наблюдаемые переводы ≥5000 KZT.
